,Unnamed: 0,Date,Scheme,Goals,xG,Shots,Shots on Target,Shot Accuracy,Passes,Passes on Target,Pass Accuracy,"Possession, %",Losses,Low Losses,Medium Losses,High Losses,Recoveries,Low Recoveries,Medium Recoveries,High Recoveries,Duels,Duels won,Duel win %,Shots from outside,Shots from outside on target,Shots from outside accuracy,Positional attacks,Positional attacks with shots,Positional attacks with shots %,Counterattacks,Counterattacks with shots,Counterattacks with shots %,Set pieces,Set pieces with shots,Set pieces with shots %,Corners,Corners with shots,Corners with shots %,Free kicks,Free kicks with shots,Free kicks with shots %,Penalties,Penalties converted,Penalties converted %,Crosses,Crosses accurate,Crosses accurate %,Deep completed crosses,Deep completed passes,Penalty area entries (runs / crosses),Penalty area entries runs,Penalty area entries crosses,Touches in penalty area,Offensive duels,Offensive duels won,Offensive duels won %,Offsides,Conceded goals,Shots against,Shots against on target,Shots against on target %,Defensive duels,Defensive duels won,Defensive duels won %,Aerial duels,Aerial duels won,Aerial duels won %,Sliding tackles,Sliding tackles successful,Sliding tackles successful %,Interceptions,Clearances,Fouls,Yellow cards,Red cards,Forward passes,Forward passes accurate,Forward passes accurate %,Back passes,Back passes accurate,Back passes accurate %,Lateral passes,Lateral passes accurate,Lateral passes accurate %,Long passes,Long passes accurate,Long passes accurate %,Passes to final third,Passes to final third accurate,Passes to final third accurate %,Progressive passes,Progressive passes accurate,Progressive passes accurate %,Smart passes,Smart passes accurate,Smart passes accurate %,Throw ins,Throw ins accurate,Throw ins accurate %,Goal kicks,Match tempo,Average passes per possession,Long pass %,Average shot distance,Average pass length,PPDA,Home,Win
0,0,2022-05-22,4-4-2,1,2.06,11,5,45.45,337,255,75.67,48.59,116,8,39,69,99,30,52,17,209,97,46.41,3,2,66.67,32,8,25.0,1,0,0.0,24,3,12.5,8,2,25.0,1,0,0.0,0,0,0,15,6,40.0,6,7,25,1,12,20,56,16,28.57,5,2,8,6,75.0,48,32,66.67,48,23,47.92,4,1,25.0,32,11,8,1,0,134,84,62.69,45,43,95.56,94,77,81.91,45,21,46.67,61,35,57.38,67,48,71.64,5,1,20.0,35,34,97.14,8,17.45,2.93,13.35,13.93,20.61,12.68,1,-1
1,1,2022-05-19,5-4-1,1,1.71,7,4,57.14,193,154,79.79,29.87,103,36,18,49,57,33,14,10,158,68,43.04,3,2,66.67,14,3,21.43,0,0,0.0,28,3,10.71,6,2,33.33,5,0,0.0,1,1,100,8,4,50.0,3,4,7,0,5,12,45,15,33.33,0,1,21,9,42.86,57,29,50.88,41,20,48.78,3,1,33.33,46,30,20,1,1,66,45,68.18,39,35,89.74,58,51,87.93,29,18,62.07,28,20,71.43,36,24,66.67,1,0,0.0,12,9,75.0,15,14.36,2.3,15.03,15.38,21.58,17.33,0,0
2,2,2022-05-15,5-3-2,0,1.36,9,1,11.11,279,227,81.36,31.75,95,30,28,37,71,38,28,5,196,87,44.39,1,0,0.0,20,4,20.0,0,0,0.0,21,5,23.81,2,0,0.0,5,4,80.0,0,0,0,11,3,27.27,2,8,18,1,9,12,43,13,30.23,2,1,19,9,47.37,65,35,53.85,52,22,42.31,2,0,0.0,49,27,8,2,0,91,63,69.23,46,45,97.83,101,83,82.18,44,30,68.18,51,31,60.78,57,44,77.19,3,2,66.67,15,12,80.0,9,16.6,3.03,15.77,13.68,21.49,25.0,0,-1
3,3,2022-05-07,4-4-2,1,1.34,13,6,46.15,411,344,83.7,49.43,99,11,42,46,84,42,31,11,205,102,49.76,5,3,60.0,30,6,20.0,5,3,60.0,19,4,21.05,4,2,50.0,4,2,50.0,0,0,0,16,5,31.25,5,5,23,3,11,16,59,26,44.07,1,3,12,7,58.33,68,43,63.24,39,22,56.41,5,1,20.0,51,9,13,1,0,158,120,75.95,64,58,90.63,147,133,90.48,58,38,65.52,53,39,73.58,86,69,80.23,5,3,60.0,18,16,88.89,3,17.61,4.07,14.11,17.4,22.42,7.93,1,-1
4,4,2022-04-30,4-4-2,2,1.31,15,5,33.33,354,283,79.94,51.13,135,28,43,64,104,51,34,19,265,114,43.02,6,1,16.67,33,8,24.24,0,0,0.0,26,6,23.08,6,3,50.0,5,3,60.0,0,0,0,15,7,46.67,7,16,24,3,10,28,67,24,35.82,0,1,13,2,15.38,69,31,44.93,81,37,45.68,5,2,40.0,43,24,9,2,0,131,97,74.05,61,54,88.52,110,93,84.55,39,26,66.67,52,39,75.0,71,50,70.42,3,3,100.0,27,24,88.89,11,16.7,3.16,11.02,16.38,18.93,10.3,0,1
5,5,2022-04-24,4-4-2,1,1.55,11,5,45.45,328,259,78.96,35.81,111,16,53,42,107,50,45,12,208,98,47.12,5,3,60.0,29,7,24.14,0,0,0.0,16,4,25.0,3,1,33.33,2,0,0.0,0,0,0,8,2,25.0,2,12,20,3,4,11,70,19,27.14,5,0,9,4,44.44,71,50,70.42,38,17,44.74,7,4,57.14,49,24,8,3,0,136,99,72.79,46,40,86.96,82,71,86.59,42,24,57.14,38,29,76.32,79,52,65.82,8,3,37.5,15,13,86.67,6,17.28,3.04,12.8,20.16,18.72,12.59,1,1
6,6,2022-04-21,4-4-2,2,2.43,14,6,42.86,348,267,76.72,43.87,112,19,30,63,95,51,28,16,187,86,45.99,4,2,50.0,28,8,28.57,3,1,33.33,24,5,20.83,10,5,50.0,1,0,0.0,0,0,0,15,3,20.0,3,10,14,2,6,27,67,22,32.84,3,0,9,3,33.33,49,26,53.06,34,18,52.94,4,1,25.0,51,16,7,2,0,139,88,63.31,51,49,96.08,105,93,88.57,53,28,52.83,55,31,56.36,71,47,66.2,0,0,0.0,23,23,100.0,6,16.23,3.14,15.23,14.72,22.91,13.24,1,1
7,7,2022-04-17,4-4-2,1,2.53,9,1,11.11,297,239,80.47,42.88,101,25,22,54,86,37,33,16,180,82,45.56,2,0,0.0,24,3,12.5,2,0,0.0,21,5,23.81,4,2,50.0,3,2,66.67,1,0,0,18,3,16.67,3,6,21,2,11,14,44,17,38.64,1,1,20,7,35.0,51,30,58.82,49,18,36.73,5,1,20.0,53,34,10,2,0,111,79,71.17,57,54,94.74,85,69,81.18,45,30,66.67,48,27,56.25,53,46,86.79,3,0,0.0,12,12,100.0,11,14.54,2.94,15.15,14.69,20.09,14.95,0,0
8,8,2022-04-10,4-4-2,0,1.7,17,3,17.65,405,313,77.28,52.83,145,18,42,85,120,46,47,27,252,126,50.0,7,1,14.29,50,11,22.0,1,1,100.0,27,4,14.81,7,3,42.86,8,1,12.5,0,0,0,31,13,41.94,14,8,45,7,22,25,63,23,36.51,3,2,16,6,37.5,68,46,67.65,68,36,52.94,3,0,0.0,46,22,11,1,0,156,108,69.23,72,66,91.67,117,90,76.92,80,54,67.5,69,49,71.01,95,78,82.11,7,3,42.86,29,27,93.1,6,17.17,2.96,19.75,17.27,20.38,5.79,0,-1
9,9,2022-04-06,4-4-2,3,1.85,14,4,28.57,313,221,70.61,49.44,140,35,33,72,95,45,27,23,223,108,48.43,3,0,0.0,38,9,23.68,0,0,0.0,31,5,16.13,9,2,22.22,3,2,66.67,0,0,0,21,7,33.33,8,11,26,5,4,35,59,25,42.37,1,2,16,3,18.75,63,31,49.21,56,30,53.57,1,0,0.0,56,22,11,2,0,120,73,60.83,53,48,90.57,84,69,82.14,62,27,43.55,48,21,43.75,61,42,68.85,0,0,0.0,36,32,88.89,10,16.59,2.32,19.81,15.82,22.02,6.32,1,1
10,10,2022-04-02,4-5-1,0,0.25,3,1,33.33,204,148,72.55,22.81,87,19,44,24,63,26,26,11,135,56,41.48,2,1,50.0,7,1,14.29,1,1,100.0,15,1,6.67,1,1,100.0,2,0,0.0,0,0,0,7,1,14.29,0,0,6,2,3,3,37,10,27.03,5,2,19,6,31.58,54,24,44.44,29,16,55.17,3,1,33.33,46,22,11,1,0,73,41,56.16,29,25,86.21,57,49,85.96,39,19,48.72,19,5,26.32,28,16,57.14,3,0,0.0,9,8,88.89,12,16.44,3.0,19.12,18.21,19.92,21.83,1,-1
11,11,2022-03-12,4-4-2,0,0.62,8,1,12.5,355,243,68.45,43.64,153,18,62,73,126,55,52,19,187,84,44.92,4,1,25.0,33,4,12.12,2,0,0.0,22,3,13.64,9,1,11.11,4,1,25.0,0,0,0,25,4,16.0,3,5,30,2,13,20,61,20,32.79,4,2,13,4,30.77,49,29,59.18,45,17,37.78,5,3,60.0,50,22,9,1,1,154,88,57.14,53,50,94.34,93,64,68.82,80,37,46.25,62,34,54.84,77,54,70.13,6,3,50.0,14,10,71.43,4,16.65,2.91,22.54,19.92,22.23,12.03,0,-1
12,12,2022-03-05,4-4-2,0,0.87,6,0,0.0,290,202,69.66,27.31,122,21,40,61,99,33,40,26,193,105,54.4,2,0,0.0,23,4,17.39,0,0,0.0,15,1,6.67,5,0,0.0,3,1,33.33,0,0,0,16,6,37.5,6,4,19,3,11,12,45,22,48.89,1,4,11,5,45.45,78,43,55.13,29,15,51.72,5,2,40.0,50,16,12,2,0,110,63,57.27,55,46,83.64,77,58,75.32,49,23,46.94,48,27,56.25,62,41,66.13,3,2,66.67,14,13,92.86,2,18.48,3.12,16.9,18.07,19.09,15.0,1,-1
13,13,2022-03-01,4-4-2,0,0.72,7,1,14.29,324,236,72.84,47.73,145,16,59,70,101,37,46,18,235,113,48.09,1,0,0.0,29,4,13.79,1,1,100.0,25,2,8.0,5,1,20.0,7,1,14.29,0,0,0,20,7,35.0,7,3,20,8,8,19,69,28,40.58,4,2,21,6,28.57,61,34,55.74,61,29,47.54,2,1,50.0,57,19,10,1,0,136,84,61.76,57,53,92.98,87,72,82.76,61,31,50.82,50,29,58.0,77,51,66.23,3,2,66.67,27,18,66.67,4,15.32,2.68,18.83,17.52,23.53,7.66,1,-1
14,14,2022-02-26,4-4-2,1,0.3,5,1,20.0,351,265,75.5,40.92,132,17,55,60,110,38,59,13,231,115,49.78,3,0,0.0,36,2,5.56,0,0,0.0,13,3,23.08,4,2,50.0,3,1,33.33,0,0,0,12,1,8.33,1,3,17,2,9,5,54,18,33.33,2,1,10,4,40.0,86,48,55.81,45,28,62.22,4,0,0.0,59,27,16,2,0,145,88,60.69,58,53,91.38,95,78,82.11,65,35,53.85,59,32,54.24,59,43,72.88,1,0,0.0,26,22,84.62,5,17.65,3.19,18.52,19.47,20.45,8.55,0,0
15,15,2022-02-23,4-4-2,1,1.33,13,4,30.77,319,263,82.45,37.48,102,22,34,46,86,31,34,21,223,107,47.98,6,1,16.67,28,9,32.14,0,0,0.0,19,4,21.05,3,1,33.33,5,3,60.0,0,0,0,17,5,29.41,5,7,24,3,10,18,73,33,45.21,3,0,12,2,16.67,73,43,58.9,40,16,40.0,6,3,50.0,66,28,8,0,0,108,71,65.74,57,57,100.0,99,89,89.9,36,16,44.44,43,29,67.44,45,32,71.11,2,1,50.0,15,15,100.0,10,15.3,3.54,11.29,17.81,20.19,11.54,1,1
16,16,2022-02-19,4-4-2,3,0.72,9,4,44.44,242,172,71.07,31.22,112,23,33,56,81,32,27,22,215,111,51.63,4,0,0.0,18,4,22.22,2,2,100.0,21,2,9.52,4,0,0.0,6,0,0.0,0,0,0,12,1,8.33,1,3,15,3,8,14,54,19,35.19,3,0,9,1,11.11,67,42,62.69,39,23,58.97,4,2,50.0,49,23,12,4,0,101,64,63.37,38,35,92.11,57,40,70.18,37,16,43.24,36,20,55.56,49,29,59.18,0,0,0.0,14,9,64.29,7,16.07,2.72,15.29,22.15,19.52,16.04,0,1
17,17,2022-02-13,4-4-2,0,0.84,7,3,42.86,304,210,69.08,34.48,118,24,42,52,92,41,40,11,145,72,49.66,3,1,33.33,22,5,22.73,0,0,0.0,21,2,9.52,5,1,20.0,0,0,0.0,0,0,0,8,2,25.0,3,1,16,1,7,9,37,15,40.54,7,1,11,4,36.36,36,25,69.44,31,18,58.06,3,1,33.33,42,19,7,0,0,128,73,57.03,56,53,94.64,70,44,62.86,62,28,45.16,40,13,32.5,60,32,53.33,2,0,0.0,24,22,91.67,8,18.02,2.67,20.39,19.83,19.74,26.41,1,-1
18,18,2022-02-08,4-4-2,1,0.65,8,4,50.0,268,204,76.12,35.27,134,34,46,54,94,45,36,13,173,80,46.24,5,2,40.0,22,4,18.18,2,1,50.0,18,3,16.67,2,1,50.0,4,2,50.0,0,0,0,10,3,30.0,3,6,16,2,8,11,57,26,45.61,2,1,20,5,25.0,61,37,60.66,34,9,26.47,3,2,66.67,76,34,11,2,0,97,72,74.23,34,29,85.29,81,61,75.31,42,22,52.38,34,22,64.71,50,38,76.0,4,2,50.0,23,21,91.3,9,16.6,2.53,15.67,21.1,18.84,9.47,1,0
19,19,2022-02-05,4-4-2,0,1.21,13,2,15.38,376,278,73.94,51.2,142,19,57,66,91,37,40,14,223,102,45.74,6,1,16.67,37,10,27.03,2,2,100.0,15,0,0.0,4,0,0.0,3,0,0.0,0,0,0,9,4,44.44,4,5,21,1,9,13,60,15,25.0,3,0,10,5,50.0,68,38,55.88,48,28,58.33,3,2,66.67,51,13,16,1,0,142,85,59.86,65,59,90.77,125,102,81.6,61,31,50.82,60,31,51.67,79,53,67.09,0,0,0.0,43,32,74.42,6,16.67,3.21,16.22,19.98,20.26,7.33,1,0
20,20,2022-01-23,4-4-2,0,0.5,8,0,0.0,194,145,74.74,25.33,112,38,37,37,86,46,29,11,179,89,49.72,4,0,0.0,14,1,7.14,3,3,100.0,17,4,23.53,4,1,25.0,5,1,20.0,0,0,0,5,1,20.0,1,3,12,3,4,8,31,16,51.61,2,0,20,5,25.0,76,37,48.68,52,29,55.77,3,1,33.33,62,46,13,2,0,90,57,63.33,35,31,88.57,46,37,80.43,44,22,50.0,37,19,51.35,41,32,78.05,0,0,0.0,11,7,63.64,10,14.63,2.37,22.68,22.35,21.11,19.9,0,0
21,21,2022-01-02,4-4-2,1,0.81,7,2,28.57,250,172,68.8,43.58,137,24,45,68,94,45,31,18,219,99,45.21,5,1,20.0,31,3,9.68,2,1,50.0,29,2,6.9,3,0,0.0,5,1,20.0,0,0,0,14,3,21.43,3,2,17,1,9,7,75,28,37.33,1,3,22,7,31.82,53,26,49.06,61,29,47.54,3,1,33.33,42,22,7,1,0,122,77,63.11,41,37,90.24,54,37,68.52,47,25,53.19,61,39,63.93,58,42,72.41,1,0,0.0,29,28,96.55,13,13.87,2.0,18.8,19.79,21.59,11.17,0,-1
22,22,2021-12-30,4-4-2,1,1.65,11,3,27.27,342,274,80.12,42.87,105,27,38,40,85,39,33,13,191,77,40.31,3,0,0.0,27,5,18.52,1,1,100.0,16,5,31.25,5,2,40.0,2,1,50.0,0,0,0,19,6,31.58,7,5,24,3,12,11,44,15,34.09,3,3,20,7,35.0,58,24,41.38,44,24,54.55,0,0,0.0,53,23,10,0,0,119,76,63.87,61,57,93.44,127,115,90.55,61,43,70.49,57,39,68.42,70,56,80.0,4,0,0.0,12,11,91.67,8,16.71,3.98,17.84,14.39,22.74,14.86,0,-1
23,23,2021-12-12,4-4-2,0,1.26,9,1,11.11,299,226,75.59,41.66,114,29,31,54,90,41,40,9,247,111,44.94,3,0,0.0,18,4,22.22,5,2,40.0,28,3,10.71,6,2,33.33,6,1,16.67,0,0,0,15,6,40.0,7,6,17,1,9,11,49,23,46.94,1,0,14,3,21.43,79,43,54.43,64,25,39.06,5,3,60.0,58,23,13,2,0,116,75,64.66,48,42,87.5,100,83,83.0,57,29,50.88,62,31,50.0,83,58,69.88,1,1,100.0,10,10,100.0,13,16.53,2.93,19.06,16.33,23.79,9.92,1,0
24,24,2021-12-04,4-4-2,0,0.9,10,1,10.0,335,261,77.91,53.99,104,27,23,54,80,25,41,14,268,136,50.75,4,0,0.0,33,6,18.18,2,0,0.0,19,2,10.53,3,1,33.33,5,0,0.0,0,0,0,9,3,33.33,2,7,21,1,7,9,63,24,38.1,1,1,12,4,33.33,76,55,72.37,62,31,50.0,4,2,50.0,55,16,9,1,0,144,99,68.75,48,45,93.75,106,86,81.13,76,47,61.84,73,44,60.27,80,57,71.25,5,1,20.0,22,21,95.45,6,14.12,3.1,22.69,18.44,21.25,7.65,0,-1
25,25,2021-12-01,4-4-2,0,0.43,8,1,12.5,299,218,72.91,35.76,146,35,51,60,97,37,47,13,239,100,41.84,5,0,0.0,29,4,13.79,2,0,0.0,19,3,15.79,5,2,40.0,2,1,50.0,0,0,0,17,5,29.41,5,5,22,3,13,11,59,20,33.9,2,0,15,3,20.0,78,32,41.03,57,24,42.11,8,3,37.5,64,29,7,3,0,125,76,60.8,43,41,95.35,101,84,83.17,60,31,51.67,62,39,62.9,76,52,68.42,4,1,25.0,14,12,85.71,10,15.7,2.88,20.07,22.74,21.52,11.35,0,0
26,26,2021-11-20,4-4-2,3,1.64,14,9,64.29,284,209,73.59,37.72,103,17,35,51,86,33,45,8,232,119,51.29,6,2,33.33,24,6,25.0,0,0,0.0,22,7,31.82,3,1,33.33,8,4,50.0,0,0,0,16,6,37.5,5,4,21,2,9,12,53,21,39.62,1,3,16,7,43.75,73,44,60.27,56,34,60.71,4,2,50.0,50,19,14,2,0,128,73,57.03,38,35,92.11,88,78,88.64,62,27,43.55,62,31,50.0,61,43,70.49,4,0,0.0,20,19,95.0,5,17.27,3.16,21.83,17.22,22.79,10.06,1,0
27,27,2021-11-06,4-4-2,1,1.08,5,2,40.0,266,206,77.44,31.76,102,33,26,43,63,20,33,10,186,75,40.32,2,0,0.0,18,2,11.11,2,0,0.0,18,3,16.67,2,1,50.0,0,0,0.0,0,0,0,9,4,44.44,4,3,11,0,7,7,36,11,30.56,4,1,24,4,16.67,66,38,57.58,47,19,40.43,8,4,50.0,62,28,9,4,0,97,62,63.92,57,54,94.74,77,63,81.82,45,27,60.0,51,30,58.82,60,41,68.33,2,1,50.0,10,10,100.0,15,15.73,3.28,16.92,16.81,21.12,13.11,0,0
28,28,2021-10-30,4-4-2,3,2.21,14,4,28.57,355,265,74.65,38.92,141,30,46,65,92,35,52,5,214,101,47.2,7,2,28.57,30,6,20.0,4,3,75.0,18,4,22.22,4,3,75.0,2,1,50.0,0,0,0,11,5,45.45,5,5,22,2,10,10,76,36,47.37,3,1,11,5,45.45,50,30,60.0,49,19,38.78,5,2,40.0,77,29,8,1,0,150,94,62.67,67,60,89.55,90,74,82.22,76,39,51.32,74,45,60.81,93,74,79.57,9,3,33.33,22,21,95.45,3,17.9,3.11,21.41,17.65,21.8,10.23,1,1
29,29,2021-10-23,4-4-2,2,0.75,9,4,44.44,264,178,67.42,37.54,107,17,40,50,71,26,35,10,231,114,49.35,5,1,20.0,27,4,14.81,2,1,50.0,21,4,19.05,2,0,0.0,5,1,20.0,0,0,0,14,5,35.71,6,7,24,3,12,15,54,17,31.48,1,2,16,5,31.25,68,43,63.24,41,19,46.34,2,2,100.0,55,17,11,3,0,119,66,55.46,37,33,89.19,58,38,65.52,53,28,52.83,51,25,49.02,68,45,66.18,1,0,0.0,25,24,96.0,11,16.02,2.4,20.08,20.6,20.02,9.71,0,0
30,30,2021-10-16,4-4-2,0,0.85,6,2,33.33,290,222,76.55,28.28,95,21,30,44,67,25,34,8,185,96,51.89,2,1,50.0,20,5,25.0,1,0,0.0,19,1,5.26,2,0,0.0,3,1,33.33,0,0,0,11,4,36.36,4,4,16,0,5,14,52,20,38.46,2,2,17,7,41.18,70,47,67.14,38,17,44.74,3,3,100.0,49,24,6,0,0,106,60,56.6,56,53,94.64,80,69,86.25,62,34,54.84,48,25,52.08,58,41,70.69,4,2,50.0,15,15,100.0,8,17.22,3.09,21.38,16.32,20.7,19.65,0,-1
31,31,2021-10-02,4-4-2,0,1.35,13,3,23.08,459,363,79.08,54.48,116,12,28,76,97,36,38,23,228,98,42.98,4,2,50.0,48,9,18.75,1,1,100.0,15,2,13.33,9,0,0.0,3,0,0.0,0,0,0,34,13,38.24,13,9,41,5,21,25,69,25,36.23,2,0,10,2,20.0,60,29,48.33,51,27,52.94,3,1,33.33,56,18,12,5,0,164,115,70.12,61,54,88.52,168,145,86.31,76,44,57.89,81,48,59.26,84,71,84.52,6,3,50.0,26,25,96.15,4,18.12,3.92,16.56,16.86,21.53,7.0,1,0
32,32,2021-09-25,4-4-2,2,0.58,8,3,37.5,276,207,75.0,36.0,99,26,28,45,69,30,25,14,199,83,41.71,4,1,25.0,21,4,19.05,2,0,0.0,23,3,13.04,3,0,0.0,5,0,0.0,0,0,0,8,4,50.0,4,10,24,1,6,18,54,18,33.33,4,2,20,3,15.0,62,33,53.23,41,16,39.02,3,2,66.67,67,31,8,4,0,110,69,62.73,55,53,96.36,70,58,82.86,60,38,63.33,55,29,52.73,72,52,72.22,3,0,0.0,18,18,100.0,13,15.28,2.53,21.74,19.02,22.15,12.16,0,0
33,33,2021-09-18,4-4-2,0,1.66,17,3,17.65,402,319,79.35,41.16,124,13,35,76,102,27,43,32,234,115,49.15,5,1,20.0,36,10,27.78,2,1,50.0,23,6,26.09,8,2,25.0,1,1,100.0,0,0,0,41,15,36.59,14,9,45,2,30,28,62,28,45.16,4,1,12,3,25.0,57,34,59.65,56,28,50.0,5,4,80.0,43,8,9,2,0,144,105,72.92,52,52,100.0,138,113,81.88,63,40,63.49,73,48,65.75,82,67,81.71,2,1,50.0,22,20,90.91,5,17.75,3.76,15.67,17.26,21.55,10.6,1,-1
34,34,2021-09-13,4-4-2,1,1.35,10,5,50.0,370,277,74.86,48.33,121,25,36,60,88,36,41,11,223,101,45.29,4,3,75.0,39,8,20.51,0,0,0.0,13,2,15.38,6,2,33.33,2,1,50.0,0,0,0,18,8,44.44,8,5,18,0,12,12,54,17,31.48,2,3,12,5,41.67,60,37,61.67,63,32,50.79,3,2,66.67,50,16,6,1,0,149,90,60.4,58,53,91.38,119,105,88.24,66,35,53.03,67,40,59.7,82,57,69.51,3,1,33.33,28,28,100.0,5,18.03,3.43,17.84,16.27,22.05,8.0,0,-1
35,35,2021-08-29,4-4-2,1,2.03,11,3,27.27,257,191,74.32,37.75,125,30,40,55,71,32,25,14,231,110,47.62,3,0,0.0,29,9,31.03,1,0,0.0,23,2,8.7,5,2,40.0,4,0,0.0,0,0,0,14,5,35.71,4,3,19,3,8,14,68,27,39.71,2,1,11,2,18.18,66,36,54.55,50,32,64.0,3,2,66.67,52,25,13,4,0,105,65,61.9,36,35,97.22,70,56,80.0,55,29,52.73,45,25,55.56,59,45,76.27,5,0,0.0,19,16,84.21,9,13.91,2.32,21.4,15.22,22.01,12.68,1,0
36,36,2021-08-21,4-4-2,0,0.96,9,3,33.33,251,181,72.11,37.12,104,18,43,43,49,22,18,9,220,108,49.09,2,0,0.0,30,6,20.0,0,0,0.0,24,3,12.5,4,1,25.0,1,0,0.0,0,0,0,18,8,44.44,8,4,27,4,13,11,60,26,43.33,7,2,25,9,36.0,58,37,63.79,56,23,41.07,7,4,57.14,51,25,12,0,0,96,51,53.13,46,42,91.3,75,60,80.0,45,32,71.11,44,22,50.0,59,43,72.88,2,0,0.0,27,26,96.3,13,14.73,2.46,17.93,16.18,22.49,12.46,0,-1
37,37,2021-08-14,4-4-2,1,1.25,11,3,27.27,263,198,75.29,36.9,104,13,26,65,78,27,37,14,222,90,40.54,6,1,16.67,39,8,20.51,0,0,0.0,17,2,11.76,7,2,28.57,1,0,0.0,0,0,0,30,12,40.0,10,2,32,1,22,7,71,17,23.94,1,2,14,7,50.0,51,31,60.78,67,36,53.73,5,1,20.0,36,16,10,2,0,106,72,67.92,35,31,88.57,85,68,80.0,46,24,52.17,46,24,52.17,67,51,76.12,1,0,0.0,24,22,91.67,4,14.54,2.6,17.49,18.18,23.25,15.28,1,-1
38,38,2021-05-23,4-4-1-1,0,0.51,6,3,50.0,426,351,82.39,52.18,112,27,23,62,111,62,25,24,281,149,53.02,3,2,66.67,32,3,9.38,1,0,0.0,28,3,10.71,9,3,33.33,6,0,0.0,0,0,0,16,5,31.25,4,11,32,0,8,13,63,25,39.68,1,1,12,3,25.0,58,45,77.59,78,39,50.0,4,2,50.0,32,18,1,1,0,143,100,69.93,70,67,95.71,139,124,89.21,76,46,60.53,69,43,62.32,78,65,83.33,4,1,25.0,23,19,82.61,10,16.34,3.74,17.84,17.32,22.25,18.92,0,-1
39,39,2021-05-19,4-4-1-1,0,1.4,11,5,45.45,384,308,80.21,39.63,110,19,28,63,96,43,34,19,185,85,45.95,4,2,50.0,34,7,20.59,1,0,0.0,22,4,18.18,7,4,57.14,2,0,0.0,0,0,0,27,4,14.81,5,11,36,1,21,22,55,27,49.09,1,3,16,3,18.75,59,36,61.02,46,13,28.26,5,2,40.0,42,14,10,0,0,127,88,69.29,77,77,100.0,135,107,79.26,63,37,58.73,64,46,71.88,72,56,77.78,2,1,50.0,15,15,100.0,9,18.16,3.69,16.41,17.1,21.85,10.31,1,-1
40,40,2021-05-15,4-4-2,0,0.97,13,4,30.77,383,314,81.98,46.12,127,25,28,74,102,31,50,21,201,95,47.26,5,1,20.0,34,10,29.41,0,0,0.0,25,2,8.0,6,1,16.67,4,0,0.0,0,0,0,15,6,40.0,6,13,33,5,9,25,74,34,45.95,2,4,14,6,42.86,37,18,48.65,55,29,52.73,5,3,60.0,45,16,10,1,0,136,96,70.59,70,66,94.29,115,99,86.09,63,31,49.21,81,51,62.96,76,68,89.47,3,3,100.0,16,15,93.75,6,17.78,3.33,16.45,20.62,21.67,13.96,1,-1
41,41,2021-05-10,4-4-2,2,1.73,12,5,41.67,208,130,62.5,29.37,135,43,43,49,106,51,43,12,217,96,44.24,4,1,25.0,22,6,27.27,1,1,100.0,29,5,17.24,4,2,50.0,3,2,66.67,0,0,0,4,4,100.0,4,8,14,2,3,17,49,15,30.61,1,0,19,3,15.79,63,35,55.56,71,36,50.7,3,3,100.0,72,33,10,0,0,123,64,52.03,33,30,90.91,23,17,73.91,66,29,43.94,45,17,37.78,63,41,65.08,2,0,0.0,19,17,89.47,12,15.24,1.78,31.73,15.46,21.86,11.38,0,1
42,42,2021-05-03,4-4-2,1,3.0,8,2,25.0,408,313,76.72,42.45,137,19,38,80,104,32,49,23,207,88,42.51,1,0,0.0,38,4,10.53,3,0,0.0,25,3,12.0,5,2,40.0,0,0,0.0,1,1,100,24,6,25.0,6,7,35,2,18,14,54,23,42.59,2,2,20,4,20.0,48,23,47.92,65,26,40.0,2,1,50.0,44,19,4,2,0,145,90,62.07,74,70,94.59,144,122,84.72,86,47,54.65,81,49,60.49,92,78,84.78,0,0,0.0,18,18,100.0,12,17.9,3.92,21.08,11.54,25.13,18.56,1,-1
43,43,2021-04-25,4-4-2,4,2.31,13,7,53.85,311,234,75.24,39.68,116,26,27,63,80,20,46,14,219,96,43.84,7,3,42.86,32,10,31.25,2,0,0.0,21,3,14.29,5,2,40.0,3,1,33.33,0,0,0,18,8,44.44,9,4,28,5,15,13,62,20,32.26,2,0,11,3,27.27,74,43,58.11,48,18,37.5,5,3,60.0,52,16,9,2,0,110,66,60.0,57,50,87.72,93,76,81.72,49,23,46.94,60,27,45.0,48,41,85.42,4,1,25.0,23,20,86.96,8,18.04,3.14,15.76,17.06,19.85,8.86,0,1
44,44,2021-04-18,4-4-1-1,1,0.77,8,3,37.5,242,188,77.69,29.69,76,19,15,42,59,24,26,9,209,97,46.41,4,2,50.0,22,3,13.64,1,1,100.0,19,4,21.05,3,1,33.33,5,1,20.0,0,0,0,8,3,37.5,3,5,16,1,7,10,53,15,28.3,4,3,16,8,50.0,74,41,55.41,42,18,42.86,1,1,100.0,53,20,12,2,0,93,63,67.74,42,38,90.48,68,56,82.35,41,18,43.9,48,30,62.5,51,38,74.51,2,2,100.0,11,11,100.0,7,16.27,2.78,16.94,18.29,21.68,12.96,0,-1
45,45,2021-04-11,4-4-2,1,2.36,23,4,17.39,416,334,80.29,52.4,128,12,30,86,93,22,45,26,257,121,47.08,8,1,12.5,44,14,31.82,2,1,50.0,31,7,22.58,13,4,30.77,5,1,20.0,0,0,0,33,17,51.52,17,12,44,4,24,33,63,25,39.68,0,2,7,6,85.71,58,35,60.34,70,27,38.57,4,1,25.0,48,14,11,1,0,155,105,67.74,60,55,91.67,143,123,86.01,65,35,53.85,81,54,66.67,88,74,84.09,2,2,100.0,20,18,90.0,7,16.99,3.62,15.63,16.6,20.74,6.5,1,-1
46,46,2021-04-04,4-4-2,2,1.44,6,5,83.33,338,249,73.67,45.5,136,30,47,59,91,36,28,27,228,89,39.04,2,2,100.0,33,5,15.15,1,0,0.0,23,0,0.0,7,0,0.0,3,0,0.0,1,1,100,24,9,37.5,8,9,37,4,17,11,57,19,33.33,1,3,24,10,41.67,64,32,50.0,54,15,27.78,3,1,33.33,66,23,10,0,0,136,89,65.44,48,45,93.75,93,72,77.42,57,32,56.14,55,38,69.09,83,62,74.7,9,4,44.44,18,17,94.44,6,15.64,3.05,16.86,13.83,20.88,7.1,0,-1
47,47,2021-03-13,4-4-2,2,1.3,13,5,38.46,253,190,75.1,34.34,112,28,36,48,72,27,34,11,213,110,51.64,7,2,28.57,23,5,21.74,4,3,75.0,20,4,20.0,4,1,25.0,4,1,25.0,0,0,0,6,2,33.33,1,11,23,2,4,19,58,26,44.83,1,1,13,4,30.77,61,42,68.85,51,26,50.98,4,1,25.0,67,21,6,4,0,109,73,66.97,42,35,83.33,63,52,82.54,45,23,51.11,51,30,58.82,70,45,64.29,8,5,62.5,24,21,87.5,9,15.14,2.39,17.79,17.37,21.43,19.05,0,1
48,48,2021-03-06,4-4-2,1,1.0,8,5,62.5,406,308,75.86,38.54,132,22,34,76,91,34,41,16,205,108,52.68,3,2,66.67,36,4,11.11,1,1,100.0,20,3,15.0,2,1,50.0,4,0,0.0,0,0,0,17,2,11.76,5,7,33,4,14,11,52,16,30.77,2,1,13,2,15.38,56,42,75.0,53,23,43.4,0,0,0.0,55,7,5,1,0,126,87,69.05,73,64,87.67,150,119,79.33,62,35,56.45,63,38,60.32,92,62,67.39,0,0,0.0,21,21,100.0,4,18.72,3.76,15.27,19.08,21.63,19.4,1,0
49,49,2021-03-03,4-4-2,1,1.14,12,7,58.33,318,251,78.93,36.2,114,19,34,61,77,20,43,14,169,80,47.34,5,1,20.0,31,8,25.81,0,0,0.0,21,3,14.29,5,0,0.0,8,1,12.5,0,0,0,18,7,38.89,7,6,33,3,15,14,51,23,45.1,3,1,16,4,25.0,33,17,51.52,51,27,52.94,2,1,50.0,45,16,6,0,0,110,77,70.0,57,51,89.47,95,80,84.21,65,38,58.46,67,43,64.18,75,61,81.33,1,1,100.0,20,19,95.0,6,17.11,3.24,20.44,17.92,22.25,22.0,1,0
50,50,2021-02-28,4-4-2,0,0.79,9,3,33.33,396,328,82.83,38.89,107,10,35,62,79,25,39,15,210,100,47.62,3,0,0.0,32,5,15.63,2,1,50.0,17,3,17.65,4,0,0.0,2,2,100.0,0,0,0,19,9,47.37,9,8,30,2,14,13,46,14,30.43,0,4,16,7,43.75,78,46,58.97,53,25,47.17,4,3,75.0,38,14,10,0,0,147,99,67.35,61,56,91.8,138,128,92.75,64,37,57.81,58,37,63.79,69,62,89.86,5,4,80.0,14,13,92.86,9,17.65,3.96,16.16,17.9,20.81,20.29,0,-1
51,51,2021-02-20,4-4-2,0,0.22,4,0,0.0,416,334,80.29,56.8,114,12,30,72,84,30,40,14,191,86,45.03,2,0,0.0,32,2,6.25,2,0,0.0,27,1,3.7,5,0,0.0,2,0,0.0,0,0,0,19,8,42.11,9,7,29,3,13,14,44,16,36.36,4,0,10,3,30.0,56,28,50.0,57,28,49.12,3,2,66.67,34,17,16,3,0,151,97,64.24,45,44,97.78,159,146,91.82,51,21,41.18,81,50,61.73,77,59,76.62,3,2,66.67,27,26,96.3,11,16.74,3.82,12.26,20.37,21.49,6.22,1,0
52,52,2021-02-17,4-4-2,1,0.84,6,4,66.67,359,286,79.67,47.62,124,8,44,72,85,24,44,17,241,103,42.74,1,1,100.0,31,4,12.9,0,0,0.0,21,2,9.52,5,1,20.0,7,0,0.0,0,0,0,12,7,58.33,9,3,18,2,10,11,62,21,33.87,6,1,8,4,50.0,62,40,64.52,76,26,34.21,3,2,66.67,42,11,8,1,0,148,106,71.62,50,45,90.0,107,91,85.05,58,31,53.45,64,38,59.38,72,57,79.17,1,1,100.0,28,24,85.71,5,16.21,3.45,16.16,14.25,21.08,8.32,1,0
53,53,2021-02-13,4-4-2,3,1.78,15,4,26.67,355,283,79.72,43.94,120,37,33,50,88,44,33,11,244,110,45.08,8,1,12.5,25,8,32.0,5,2,40.0,27,5,18.52,4,2,50.0,4,2,50.0,0,0,0,8,5,62.5,4,8,12,2,4,18,68,22,32.35,1,0,14,3,21.43,86,47,54.65,51,25,49.02,3,1,33.33,50,19,15,0,0,128,85,66.41,68,65,95.59,111,94,84.68,64,34,53.13,62,37,59.68,78,55,70.51,5,2,40.0,11,10,90.91,7,17.76,3.14,18.03,17.29,21.53,8.37,0,1
54,54,2021-02-06,4-4-2,1,1.94,17,6,35.29,431,361,83.76,45.94,96,6,34,56,84,32,36,16,191,100,52.36,8,2,25.0,37,8,21.62,1,1,100.0,22,7,31.82,8,3,37.5,4,1,25.0,0,0,0,23,6,26.09,7,17,41,8,14,33,52,27,51.92,3,1,8,2,25.0,36,19,52.78,58,37,63.79,5,0,0.0,34,9,8,2,0,160,122,76.25,68,63,92.65,142,128,90.14,54,40,74.07,70,49,70.0,79,69,87.34,4,1,25.0,16,16,100.0,6,19.15,4.1,12.53,18.32,21.74,11.65,1,0
55,55,2021-02-03,4-4-2,0,0.25,2,0,0.0,265,215,81.13,25.77,74,18,28,28,38,18,18,2,158,77,48.73,1,0,0.0,16,1,6.25,4,1,25.0,11,0,0.0,1,0,0.0,3,0,0.0,0,0,0,6,3,50.0,3,6,15,0,5,6,35,12,34.29,3,2,14,7,50.0,65,43,66.15,32,12,37.5,2,2,100.0,37,15,8,2,0,95,64,67.37,46,42,91.3,81,73,90.12,54,34,62.96,33,17,51.52,54,38,70.37,4,0,0.0,12,11,91.67,4,15.62,3.68,20.38,24.85,20.87,22.1,1,-1
56,56,2021-01-31,4-4-2,0,0.22,1,0,0.0,249,189,75.9,29.42,86,21,25,40,58,25,30,3,223,95,42.6,0,0,0.0,16,0,0.0,1,0,0.0,24,1,4.17,2,1,50.0,2,0,0.0,0,0,0,9,2,22.22,2,8,17,0,7,8,51,12,23.53,2,2,18,9,50.0,68,39,57.35,39,20,51.28,3,1,33.33,43,20,9,1,0,102,67,65.69,42,38,90.48,66,55,83.33,49,26,53.06,50,26,52.0,56,41,73.21,1,1,100.0,20,18,90.0,17,16.53,2.52,19.68,5.63,21.66,27.73,0,-1
57,57,2021-01-27,4-4-2,3,0.55,6,4,66.67,276,178,64.49,38.22,102,8,34,60,69,32,27,10,204,103,50.49,3,1,33.33,33,4,12.12,1,0,0.0,16,2,12.5,2,1,50.0,3,0,0.0,0,0,0,20,6,30.0,6,3,26,1,14,10,42,17,40.48,3,2,18,10,55.56,73,47,64.38,49,24,48.98,6,6,100.0,47,20,15,1,0,129,64,49.61,44,41,93.18,71,50,70.42,73,32,43.84,58,24,41.38,62,44,70.97,4,1,25.0,26,24,92.31,7,16.43,2.71,26.45,17.71,24.88,7.68,1,1
58,58,2021-01-21,4-4-2,1,1.06,6,4,66.67,258,178,68.99,30.83,114,40,24,50,69,46,19,4,182,98,53.85,1,1,100.0,15,4,26.67,0,0,0.0,27,1,3.7,0,0,0.0,4,1,25.0,1,1,100,11,2,18.18,4,3,19,4,6,8,39,16,41.03,5,0,25,6,24.0,58,31,53.45,45,31,68.89,5,2,40.0,85,34,9,1,0,115,62,53.91,37,34,91.89,72,58,80.56,79,36,45.57,58,28,48.28,67,42,62.69,5,3,60.0,6,5,83.33,15,15.09,2.32,30.62,15.21,24.57,16.33,0,1
59,59,2021-01-16,4-4-2,0,0.57,11,2,18.18,431,339,78.65,51.21,121,19,35,67,89,41,38,10,254,113,44.49,8,2,25.0,33,7,21.21,1,0,0.0,27,3,11.11,4,0,0.0,5,1,20.0,0,0,0,25,12,48.0,12,6,29,0,22,16,63,27,42.86,1,1,15,5,33.33,86,43,50.0,72,31,43.06,3,2,66.67,46,19,9,1,0,151,104,68.87,47,44,93.62,175,144,82.29,66,39,59.09,79,52,65.82,104,81,77.88,1,0,0.0,19,17,89.47,6,16.77,4.1,15.31,24.14,21.03,14.19,0,-1
60,60,2021-01-12,4-4-2,0,0.64,12,0,0.0,311,235,75.56,35.81,123,21,39,63,75,37,24,14,180,82,45.56,5,0,0.0,27,8,29.63,0,0,0.0,21,4,19.05,3,1,33.33,6,1,16.67,0,0,0,13,6,46.15,6,6,19,1,11,12,41,15,36.59,3,1,13,8,61.54,50,27,54.0,51,21,41.18,0,0,0.0,59,13,14,1,0,126,84,66.67,58,51,87.93,83,68,81.93,71,42,59.15,51,30,58.82,74,49,66.22,1,0,0.0,21,21,100.0,4,17.86,3.11,22.83,19.99,21.05,8.57,1,-1
61,61,2020-12-29,4-4-2,1,0.9,5,3,60.0,300,230,76.67,36.83,103,12,45,46,100,51,40,9,217,109,50.23,1,0,0.0,13,1,7.69,0,0,0.0,26,3,11.54,3,1,33.33,4,0,0.0,0,0,0,10,4,40.0,5,5,20,2,7,10,58,23,39.66,2,0,6,2,33.33,54,35,64.81,52,26,50.0,1,0,0.0,43,18,13,1,0,134,83,61.94,53,52,98.11,68,60,88.24,63,38,60.32,43,22,51.16,76,52,68.42,1,0,0.0,11,11,100.0,5,16.76,3.0,21.0,10.89,20.85,13.91,1,1
62,62,2020-12-27,4-4-2,0,1.24,14,5,35.71,352,275,78.13,46.93,114,12,33,69,90,25,44,21,213,99,46.48,5,3,60.0,41,7,17.07,0,0,0.0,31,7,22.58,12,3,25.0,5,2,40.0,0,0,0,25,9,36.0,8,15,37,4,14,29,68,26,38.24,2,1,11,5,45.45,47,30,63.83,50,22,44.0,6,2,33.33,40,12,14,3,0,138,101,73.19,58,55,94.83,94,75,79.79,51,30,58.82,63,43,68.25,74,65,87.84,1,1,100.0,21,19,90.48,9,16.7,2.91,14.49,16.96,18.98,11.0,0,-1
63,63,2020-12-21,4-4-2,2,2.54,11,4,36.36,228,177,77.63,36.12,76,12,27,37,60,18,35,7,229,113,49.34,4,0,0.0,23,3,13.04,0,0,0.0,28,5,17.86,1,0,0.0,6,2,33.33,0,0,0,14,7,50.0,8,7,19,0,9,14,57,22,38.6,1,1,15,3,20.0,84,46,54.76,43,24,55.81,5,5,100.0,39,24,11,2,0,96,61,63.54,36,33,91.67,62,55,88.71,39,19,48.72,41,25,60.98,49,42,85.71,0,0,0.0,17,16,94.12,10,14.6,2.24,17.11,14.43,20.87,14.62,1,1
64,64,2020-12-17,4-4-2,0,0.63,6,4,66.67,227,168,74.01,43.02,128,30,51,47,81,24,48,9,262,120,45.8,3,2,66.67,18,1,5.56,6,1,16.67,30,3,10.0,1,0,0.0,7,1,14.29,0,0,0,13,5,38.46,4,2,13,0,9,7,48,18,37.5,2,0,27,9,33.33,97,45,46.39,69,34,49.28,8,3,37.5,56,30,19,1,0,97,67,69.07,46,40,86.96,49,34,69.39,52,31,59.62,47,29,61.7,60,45,75.0,0,0,0.0,19,14,73.68,15,14.08,2.06,22.91,18.63,21.66,6.14,0,0
65,65,2020-12-13,4-4-2,1,1.06,8,2,25.0,296,227,76.69,38.68,103,25,28,50,62,28,19,15,174,77,44.25,2,1,50.0,20,4,20.0,2,0,0.0,14,4,28.57,4,1,25.0,4,2,50.0,0,0,0,9,2,22.22,2,5,18,1,7,13,49,16,32.65,3,0,16,6,37.5,56,33,58.93,41,18,43.9,2,1,50.0,73,36,11,1,0,121,71,58.68,72,71,98.61,70,59,84.29,63,29,46.03,51,23,45.1,58,39,67.24,2,1,50.0,14,14,100.0,5,15.13,2.82,21.28,16.07,23.96,10.81,0,1
66,66,2020-12-05,4-4-2,1,0.77,8,3,37.5,383,317,82.77,41.31,107,14,42,51,79,32,34,13,230,99,43.04,4,1,25.0,27,3,11.11,1,1,100.0,24,4,16.67,8,2,25.0,2,1,50.0,0,0,0,20,8,40.0,6,5,23,1,13,7,79,31,39.24,0,1,13,6,46.15,72,36,50.0,41,15,36.59,4,3,75.0,57,18,6,0,0,142,105,73.94,63,58,92.06,134,117,87.31,63,35,55.56,57,37,64.91,71,59,83.1,2,1,50.0,21,20,95.24,5,16.78,3.51,16.45,17.8,21.99,14.69,1,0
67,67,2020-11-28,4-4-1-1,0,0.2,7,1,14.29,295,239,81.02,33.43,91,20,22,49,58,18,21,19,160,82,51.25,5,0,0.0,25,4,16.0,1,0,0.0,26,2,7.69,4,0,0.0,5,1,20.0,0,0,0,12,6,50.0,5,6,21,4,7,10,37,19,51.35,2,5,17,6,35.29,48,28,58.33,39,14,35.9,2,0,0.0,46,15,4,0,0,94,58,61.7,64,63,98.44,79,66,83.54,53,24,45.28,42,19,45.24,47,32,68.09,2,0,0.0,16,15,93.75,9,16.46,3.17,17.97,22.21,20.88,16.92,0,-1
68,68,2020-11-23,4-4-2,1,1.45,10,3,30.0,374,303,81.02,43.05,106,23,41,42,74,33,31,10,234,119,50.85,4,0,0.0,20,6,30.0,0,0,0.0,24,4,16.67,4,0,0.0,4,2,50.0,0,0,0,6,3,50.0,3,6,17,3,5,14,49,14,28.57,3,0,12,5,41.67,87,55,63.22,36,18,50.0,5,3,60.0,48,34,13,2,0,135,89,65.93,67,60,89.55,116,107,92.24,60,31,51.67,49,26,53.06,56,45,80.36,6,4,66.67,18,17,94.44,11,17.66,3.53,16.04,16.29,20.87,11.46,1,1
69,69,2020-11-06,4-4-2,0,1.19,4,1,25.0,347,280,80.69,41.51,110,34,36,40,74,35,26,13,182,91,50.0,2,0,0.0,14,3,21.43,2,0,0.0,22,0,0.0,3,1,33.33,4,1,25.0,0,0,0,12,6,50.0,5,4,12,1,7,10,40,13,32.5,1,0,17,3,17.65,69,43,62.32,37,20,54.05,5,3,60.0,59,29,4,0,0,118,77,65.25,61,56,91.8,120,110,91.67,50,31,62.0,36,17,47.22,53,33,62.26,2,1,50.0,16,13,81.25,7,16.3,3.61,14.41,17.94,21.57,14.23,0,0
70,70,2020-10-31,4-4-2,0,0.47,5,0,0.0,334,277,82.93,37.39,104,18,35,51,70,23,41,6,205,88,42.93,4,0,0.0,18,1,5.56,0,0,0.0,27,4,14.81,3,0,0.0,3,1,33.33,0,0,0,11,2,18.18,2,7,16,1,7,5,71,25,35.21,1,3,11,8,72.73,60,40,66.67,25,8,32.0,4,2,50.0,55,28,10,1,0,107,74,69.16,65,61,93.85,94,80,85.11,58,38,65.52,50,34,68.0,55,40,72.73,5,2,40.0,15,13,86.67,6,16.05,3.67,17.37,23.16,20.47,13.41,1,-1
71,71,2020-10-26,4-4-2,0,0.86,12,4,33.33,349,280,80.23,40.56,94,11,31,52,75,28,36,11,165,76,46.06,10,3,30.0,29,8,27.59,2,0,0.0,19,3,15.79,4,2,50.0,1,0,0.0,0,0,0,10,4,40.0,5,10,23,0,7,12,36,11,30.56,4,1,8,3,37.5,42,22,52.38,50,24,48.0,3,3,100.0,46,29,9,2,0,118,73,61.86,76,72,94.74,103,90,87.38,72,43,59.72,67,40,59.7,69,55,79.71,1,0,0.0,16,14,87.5,7,15.83,3.39,20.63,19.86,22.76,16.38,1,-1
72,72,2020-10-19,4-4-2,0,1.26,7,5,71.43,334,263,78.74,44.27,126,27,40,59,97,42,41,14,252,122,48.41,3,2,66.67,38,4,10.53,1,1,100.0,26,1,3.85,2,0,0.0,9,1,11.11,0,0,0,24,7,29.17,6,5,30,3,16,11,69,27,39.13,1,0,13,6,46.15,61,33,54.1,64,34,53.13,6,5,83.33,30,27,16,2,0,127,87,68.5,50,47,94.0,102,83,81.37,63,44,69.84,56,33,58.93,67,57,85.07,2,1,50.0,23,22,95.65,9,16.03,3.06,18.86,14.72,22.38,10.55,0,0
73,73,2020-10-03,4-4-2,1,1.3,9,4,44.44,415,340,81.93,47.7,105,18,29,58,89,41,33,15,251,111,44.22,1,0,0.0,25,5,20.0,1,1,100.0,26,3,11.54,4,2,50.0,3,2,66.67,0,0,0,17,7,41.18,6,9,26,1,15,19,59,21,35.59,4,3,10,6,60.0,70,42,60.0,62,28,45.16,1,1,100.0,44,12,16,3,0,149,109,73.15,70,64,91.43,130,114,87.69,65,43,66.15,63,44,69.84,96,70,72.92,0,0,0.0,22,18,81.82,6,17.46,3.88,15.66,13.42,21.01,9.69,0,-1
74,74,2020-09-26,4-4-2,0,0.44,9,2,22.22,490,400,81.63,51.44,146,7,84,55,111,28,64,19,255,128,50.2,5,1,20.0,27,5,18.52,1,1,100.0,21,2,9.52,8,1,12.5,4,1,25.0,0,0,0,29,14,48.28,14,8,31,0,22,19,57,22,38.6,2,1,5,1,20.0,66,52,78.79,65,25,38.46,2,1,50.0,51,19,8,1,0,155,101,65.16,84,82,97.62,178,161,90.45,78,42,53.85,47,33,70.21,96,74,77.08,4,2,50.0,36,36,100.0,4,18.73,4.02,15.92,19.44,21.92,8.84,1,-1
75,75,2020-09-20,4-4-2,2,1.88,16,5,31.25,260,203,78.08,36.2,89,23,24,42,89,39,33,17,209,101,48.33,6,0,0.0,26,11,42.31,1,0,0.0,17,4,23.53,4,2,50.0,5,2,40.0,0,0,0,10,3,30.0,3,8,16,3,5,18,55,22,40.0,2,4,13,7,53.85,58,30,51.72,50,29,58.0,5,4,80.0,54,28,13,2,0,97,60,61.86,36,31,86.11,75,65,86.67,43,23,53.49,48,28,58.33,45,36,80.0,1,1,100.0,20,17,85.0,4,15.33,2.5,16.54,16.92,20.3,13.0,0,-1
76,76,2020-07-26,4-4-2,1,1.41,13,3,23.08,379,301,79.42,50.93,114,21,33,60,75,31,25,19,200,92,46.0,4,1,25.0,28,8,28.57,3,0,0.0,26,5,19.23,6,3,50.0,3,1,33.33,0,0,0,30,14,46.67,16,4,39,3,26,22,48,20,41.67,2,2,14,4,28.57,58,36,62.07,52,20,38.46,4,2,50.0,30,7,11,3,0,130,83,63.85,49,48,97.96,135,114,84.44,47,25,53.19,50,28,56.0,72,52,72.22,1,1,100.0,29,24,82.76,9,17.56,3.68,12.4,14.43,20.26,11.47,1,-1
77,77,2020-07-18,4-4-2,2,1.91,22,8,36.36,453,399,88.08,52.82,72,10,18,44,73,20,38,15,180,97,53.89,9,4,44.44,51,14,27.45,1,0,0.0,21,6,28.57,8,4,50.0,4,1,25.0,0,0,0,38,15,39.47,16,19,51,1,26,30,36,16,44.44,1,0,6,2,33.33,50,33,66.0,53,32,60.38,2,1,50.0,27,12,15,0,0,119,93,78.15,67,66,98.51,182,168,92.31,47,32,68.09,79,64,81.01,78,72,92.31,7,5,71.43,21,20,95.24,4,18.34,4.62,10.38,19.89,20.53,9.27,0,1
78,78,2020-07-15,4-4-2,1,1.41,8,1,12.5,317,243,76.66,43.21,109,11,38,60,66,19,35,12,169,67,39.64,2,0,0.0,25,5,20.0,2,1,50.0,20,1,5.0,3,0,0.0,5,1,20.0,1,1,100,9,3,33.33,3,8,24,1,6,14,29,11,37.93,1,1,13,5,38.46,52,19,36.54,51,26,50.98,2,1,50.0,45,17,9,0,0,108,62,57.41,52,49,94.23,120,105,87.5,57,23,40.35,56,27,48.21,65,44,67.69,4,1,25.0,24,20,83.33,10,17.11,3.34,17.98,16.01,24.0,9.96,1,0
79,79,2020-07-11,4-4-2,1,0.67,6,2,33.33,233,155,66.52,29.04,108,41,24,43,68,45,14,9,156,72,46.15,1,1,100.0,15,4,26.67,2,0,0.0,27,2,7.41,6,1,16.67,4,1,25.0,0,0,0,12,0,0.0,1,2,17,1,7,6,39,13,33.33,3,1,23,9,39.13,62,34,54.84,27,13,48.15,3,1,33.33,73,37,4,2,0,99,52,52.53,39,39,100.0,52,33,63.46,53,20,37.74,39,11,28.21,40,22,55.0,4,0,0.0,12,8,66.67,15,15.3,2.1,22.75,14.76,22.23,19.16,0,0
80,80,2020-07-08,4-4-2,1,1.08,8,4,50.0,384,312,81.25,45.42,115,34,34,47,93,56,24,13,193,98,50.78,0,0,0.0,26,6,23.08,1,1,100.0,15,1,6.67,3,0,0.0,2,1,50.0,0,0,0,20,6,30.0,8,7,22,2,13,19,38,14,36.84,5,0,17,3,17.65,61,35,57.38,56,31,55.36,6,5,83.33,57,35,7,1,0,111,77,69.37,69,65,94.2,157,135,85.99,47,24,51.06,51,34,66.67,81,58,71.6,2,1,50.0,21,19,90.48,10,17.88,3.66,12.24,12.5,21.38,14.18,0,1
81,81,2020-07-05,4-4-2,1,1.71,8,4,50.0,396,306,77.27,45.85,134,35,38,61,104,52,34,18,195,88,45.13,5,3,60.0,26,3,11.54,4,2,50.0,25,3,12.0,3,0,0.0,4,1,25.0,0,0,0,9,2,22.22,2,8,23,1,6,10,49,19,38.78,2,1,10,3,30.0,51,28,54.9,54,27,50.0,1,1,100.0,62,21,8,0,0,138,76,55.07,74,69,93.24,128,110,85.94,74,35,47.3,59,27,45.76,71,45,63.38,3,0,0.0,28,24,85.71,6,18.27,3.44,18.69,20.38,21.07,9.86,1,0
82,82,2020-06-29,4-4-1-1,1,0.68,7,3,42.86,334,275,82.34,41.57,106,34,22,50,85,44,29,12,191,99,51.83,1,1,100.0,20,2,10.0,4,1,25.0,19,4,21.05,1,1,100.0,6,2,33.33,0,0,0,10,2,20.0,2,4,13,0,7,8,46,16,34.78,0,0,16,4,25.0,77,43,55.84,39,26,66.67,6,5,83.33,54,36,13,1,0,114,81,71.05,59,55,93.22,119,107,89.92,41,20,48.78,50,28,56.0,51,40,78.43,1,0,0.0,20,17,85.0,8,17.57,3.52,12.28,15.62,21.13,11.28,0,1
83,83,2020-06-25,4-4-2,1,1.54,10,5,50.0,382,301,78.8,54.34,122,21,51,50,100,47,43,10,218,106,48.62,2,0,0.0,22,5,22.73,2,1,50.0,21,4,19.05,1,1,100.0,3,1,33.33,0,0,0,12,4,33.33,7,6,27,3,9,13,55,21,38.18,3,0,9,4,44.44,47,22,46.81,78,43,55.13,4,3,75.0,59,41,13,1,0,153,99,64.71,59,56,94.92,116,100,86.21,60,25,41.67,64,34,53.13,64,46,71.88,0,0,0.0,21,19,90.48,7,17.16,3.21,15.71,16.08,20.76,7.56,1,1
84,84,2020-06-22,4-4-2,0,0.0,1,0,0.0,294,248,84.35,28.95,82,11,30,41,47,21,20,6,121,54,44.63,1,0,0.0,11,0,0.0,1,0,0.0,16,0,0.0,1,0,0.0,2,0,0.0,0,0,0,3,0,0.0,1,0,9,0,3,1,40,19,47.5,2,5,18,7,38.89,36,19,52.78,30,9,30.0,8,5,62.5,42,15,7,1,0,98,64,65.31,62,62,100.0,90,81,90.0,50,28,56.0,30,11,36.67,41,30,73.17,2,0,0.0,13,13,100.0,12,17.78,4.2,17.01,29.88,19.93,37.43,0,-1
85,85,2020-03-07,4-4-2,1,4.01,19,8,42.11,372,286,76.88,46.1,132,15,44,73,102,26,62,14,215,97,45.12,9,4,44.44,40,13,32.5,2,1,50.0,18,3,16.67,3,2,66.67,5,1,20.0,0,0,0,24,11,45.83,6,10,32,1,17,20,80,27,33.75,2,1,11,2,18.18,52,29,55.77,47,28,59.57,6,3,50.0,48,17,16,5,0,148,90,60.81,48,46,95.83,120,103,85.83,71,30,42.25,73,39,53.42,71,56,78.87,1,1,100.0,26,25,96.15,5,16.12,3.15,19.09,17.15,21.29,8.92,1,0
86,86,2020-02-29,4-4-2,0,0.37,5,1,20.0,288,211,73.26,45.88,136,32,47,57,95,35,42,18,216,108,50.0,2,0,0.0,27,2,7.41,1,0,0.0,24,3,12.5,7,2,28.57,4,0,0.0,0,0,0,10,3,30.0,3,1,14,3,4,6,58,20,34.48,3,0,21,4,19.05,54,39,72.22,63,38,60.32,6,0,0.0,49,19,9,3,0,118,65,55.08,39,37,94.87,81,71,87.65,53,21,39.62,58,28,48.28,53,42,79.25,1,0,0.0,28,21,75.0,7,14.21,2.48,18.4,17.19,20.99,10.08,0,0
87,87,2020-02-22,4-4-2,3,3.16,16,10,62.5,304,220,72.37,39.95,117,17,29,71,91,33,36,22,186,106,56.99,9,5,55.56,29,7,24.14,8,5,62.5,22,2,9.09,7,0,0.0,3,1,33.33,1,1,100,17,3,17.65,3,6,27,5,10,15,57,26,45.61,1,0,12,5,41.67,59,44,74.58,35,19,54.29,9,3,33.33,36,18,9,4,0,127,75,59.06,38,35,92.11,95,75,78.95,65,27,41.54,66,37,56.06,58,44,75.86,4,1,25.0,18,15,83.33,7,17.26,3.01,21.38,19.05,22.27,10.88,1,1
88,88,2020-02-15,4-4-2,2,0.57,9,5,55.56,284,190,66.9,39.49,135,31,38,66,86,44,36,6,208,100,48.08,4,1,25.0,22,5,22.73,2,1,50.0,15,2,13.33,3,1,33.33,1,0,0.0,0,0,0,9,2,22.22,2,4,17,6,5,11,51,19,37.25,3,1,8,2,25.0,66,36,54.55,43,23,53.49,6,3,50.0,57,34,12,2,0,113,55,48.67,49,42,85.71,81,59,72.84,67,26,38.81,56,21,37.5,56,30,53.57,2,1,50.0,40,33,82.5,5,14.13,2.22,23.59,21.64,21.65,8.74,0,1
89,89,2020-02-02,4-4-2,0,2.39,13,2,15.38,326,247,75.77,43.79,105,8,41,56,86,25,38,23,181,103,56.91,4,1,25.0,31,7,22.58,5,1,20.0,25,5,20.0,5,0,0.0,5,3,60.0,0,0,0,29,9,31.03,10,6,30,2,17,20,51,18,35.29,4,0,14,3,21.43,60,40,66.67,44,29,65.91,6,4,66.67,41,20,8,1,0,110,69,62.73,59,54,91.53,99,82,82.83,55,29,52.73,51,32,62.75,68,54,79.41,3,1,33.33,25,20,80.0,8,15.28,2.99,16.87,14.2,23.36,9.82,1,0
90,90,2020-01-22,4-4-2,2,0.92,5,2,40.0,252,177,70.24,29.04,133,24,37,72,81,43,26,12,192,82,42.71,1,0,0.0,22,1,4.55,1,0,0.0,22,3,13.64,2,0,0.0,4,3,75.0,0,0,0,9,2,22.22,3,2,17,1,7,4,43,16,37.21,2,0,21,7,33.33,72,40,55.56,58,19,32.76,5,2,40.0,61,25,7,2,0,109,69,63.3,37,30,81.08,68,50,73.53,42,19,45.24,51,25,49.02,56,35,62.5,3,0,0.0,19,15,78.95,11,15.65,2.19,16.67,13.3,22.02,15.72,0,1
91,91,2020-01-19,4-4-2,2,1.55,8,5,62.5,364,288,79.12,44.81,119,21,36,62,83,38,31,14,208,99,47.6,3,1,33.33,36,6,16.67,0,0,0.0,18,1,5.56,4,1,25.0,4,0,0.0,0,0,0,15,4,26.67,5,5,22,1,9,9,64,22,34.38,1,1,18,8,44.44,58,35,60.34,52,32,61.54,7,5,71.43,41,24,14,1,0,135,91,67.41,61,58,95.08,115,97,84.35,62,33,53.23,51,28,54.9,66,54,81.82,1,0,0.0,31,27,87.1,6,16.09,3.17,17.03,16.21,21.73,10.03,1,1
92,92,2020-01-11,4-4-1-1,0,0.54,6,2,33.33,266,202,75.94,35.85,105,27,35,43,63,24,30,9,177,82,46.33,3,1,33.33,22,2,9.09,0,0,0.0,19,2,10.53,3,2,66.67,4,0,0.0,0,0,0,8,3,37.5,2,0,6,0,4,6,54,16,29.63,5,3,16,7,43.75,53,32,60.38,37,20,54.05,5,3,60.0,50,23,4,3,0,100,63,63.0,54,49,90.74,76,65,85.53,45,21,46.67,47,25,53.19,56,41,73.21,0,0,0.0,17,17,100.0,10,14.81,2.61,16.92,19.04,22.12,26.29,0,-1
93,93,2020-01-01,4-4-2,1,2.03,15,1,6.67,500,420,84.0,59.23,112,12,38,62,90,28,43,19,196,101,51.53,5,0,0.0,53,10,18.87,0,0,0.0,23,4,17.39,8,2,25.0,3,0,0.0,0,0,0,36,15,41.67,16,8,38,2,26,29,53,27,50.94,2,2,10,6,60.0,44,25,56.82,56,28,50.0,7,4,57.14,32,14,12,1,0,160,124,77.5,86,81,94.19,182,158,86.81,55,36,65.45,78,64,82.05,94,81,86.17,7,3,42.86,29,29,100.0,5,17.55,4.67,11.0,17.13,20.81,7.03,1,-1
94,94,2019-12-28,4-4-2,0,0.17,6,1,16.67,277,206,74.37,40.67,96,12,35,49,69,35,27,7,174,83,47.7,4,1,25.0,20,2,10.0,2,0,0.0,24,1,4.17,5,1,20.0,5,1,20.0,0,0,0,19,6,31.58,8,1,18,2,11,10,44,21,47.73,5,2,14,5,35.71,58,33,56.9,42,19,45.24,8,3,37.5,39,16,17,4,0,115,70,60.87,35,33,94.29,89,72,80.9,61,31,50.82,45,24,53.33,69,45,65.22,0,0,0.0,18,17,94.44,9,14.65,2.64,22.02,22.64,23.71,9.71,1,-1
95,95,2019-12-26,4-4-2,0,0.42,5,0,0.0,218,153,70.18,33.27,112,34,28,50,67,39,22,6,197,97,49.24,3,0,0.0,15,1,6.67,0,0,0.0,24,3,12.5,2,1,50.0,7,2,28.57,0,0,0,5,1,20.0,1,1,9,0,2,5,35,16,45.71,1,1,20,5,25.0,67,36,53.73,63,33,52.38,9,5,55.56,54,32,14,0,0,100,58,58.0,36,35,97.22,52,40,76.92,54,27,50.0,51,26,50.98,51,34,66.67,2,0,0.0,18,18,100.0,8,14.58,2.25,24.77,17.39,22.98,15.55,0,-1
96,96,2019-12-21,4-4-2,1,0.46,2,1,50.0,229,154,67.25,35.51,117,25,36,56,71,36,29,6,172,75,43.6,1,0,0.0,17,1,5.88,2,1,50.0,25,0,0.0,5,0,0.0,5,0,0.0,0,0,0,12,3,25.0,3,1,17,0,7,4,44,13,29.55,0,0,4,0,0.0,53,28,52.83,45,23,51.11,2,0,0.0,62,13,20,4,0,100,55,55.0,34,32,94.12,69,48,69.57,53,21,39.62,44,19,43.18,53,35,66.04,0,0,0.0,31,27,87.1,9,15.57,2.03,23.14,14.99,24.3,8.53,0,1
97,97,2019-12-14,4-4-2,1,1.58,8,3,37.5,349,279,79.94,46.69,106,17,42,47,92,41,39,12,237,116,48.95,1,1,100.0,23,4,17.39,3,1,33.33,23,3,13.04,4,2,50.0,3,0,0.0,0,0,0,9,3,33.33,3,4,17,1,7,14,56,19,33.93,3,0,8,0,0.0,66,39,59.09,65,35,53.85,6,3,50.0,48,28,15,0,0,121,76,62.81,50,43,86.0,124,114,91.94,47,26,55.32,53,39,73.58,78,52,66.67,4,1,25.0,17,17,100.0,10,16.71,3.49,13.47,11.35,21.37,8.23,1,1
98,98,2019-12-07,4-4-2,0,1.15,7,1,14.29,474,391,82.49,51.74,124,12,49,63,95,37,44,14,220,105,47.73,2,0,0.0,30,3,10.0,2,1,50.0,18,2,11.11,1,0,0.0,3,1,33.33,0,0,0,15,7,46.67,6,2,21,0,11,9,75,28,37.33,2,5,13,7,53.85,61,34,55.74,56,29,51.79,2,2,100.0,37,9,8,1,0,156,108,69.23,75,70,93.33,178,159,89.33,59,33,55.93,57,30,52.63,76,59,77.63,5,1,20.0,24,24,100.0,5,16.82,4.43,12.45,16.55,21.3,11.15,0,-1
99,99,2019-12-03,4-4-1-1,1,0.33,3,2,66.67,226,151,66.81,23.41,99,22,35,42,55,30,19,6,147,80,54.42,1,1,100.0,19,1,5.26,0,0,0.0,15,1,6.67,3,0,0.0,1,0,0.0,0,0,0,7,1,14.29,1,2,15,1,4,9,26,12,46.15,0,4,15,8,53.33,56,37,66.07,31,19,61.29,4,1,25.0,54,10,9,1,0,94,53,56.38,29,26,89.66,69,51,73.91,47,22,46.81,40,22,55.0,54,25,46.3,2,1,50.0,22,20,90.91,7,17.27,2.66,20.8,17.14,23.03,18.5,1,-1
100,100,2019-11-30,4-4-2,0,2.55,14,4,28.57,344,247,71.8,46.54,132,15,48,69,101,31,53,17,213,110,51.64,3,1,33.33,36,8,22.22,1,0,0.0,19,6,31.58,5,3,60.0,5,1,20.0,0,0,0,18,4,22.22,4,6,25,1,9,22,54,25,46.3,1,2,5,2,40.0,59,33,55.93,53,25,47.17,4,2,50.0,46,23,13,2,0,118,69,58.47,42,39,92.86,124,92,74.19,69,33,47.83,59,29,49.15,69,52,75.36,4,1,25.0,24,20,83.33,7,15.2,3.02,20.06,14.04,22.93,7.79,1,-1
101,101,2019-11-23,4-4-2,3,3.04,10,5,50.0,221,160,72.4,36.71,114,26,37,51,92,47,31,14,199,82,41.21,4,0,0.0,14,6,42.86,0,0,0.0,25,3,12.0,5,1,20.0,4,2,50.0,1,1,100,10,1,10.0,2,4,11,1,7,8,44,17,38.64,2,0,13,4,30.77,60,26,43.33,58,28,48.28,2,0,0.0,45,28,13,3,0,101,62,61.39,36,30,83.33,61,49,80.33,53,26,49.06,39,22,56.41,47,32,68.09,1,0,0.0,15,15,100.0,9,15.16,2.35,23.98,15.17,22.89,11.17,0,1
102,102,2019-11-09,4-4-2,3,1.49,14,11,78.57,292,212,72.6,39.42,106,14,39,53,92,40,40,12,211,104,49.29,5,4,80.0,26,7,26.92,4,1,25.0,24,6,25.0,11,5,45.45,4,2,50.0,0,0,0,16,4,25.0,6,8,24,1,12,16,60,26,43.33,7,0,7,4,57.14,53,19,35.85,48,31,64.58,4,3,75.0,53,16,17,2,0,128,81,63.28,62,60,96.77,65,40,61.54,56,30,53.57,58,33,56.9,78,55,70.51,5,2,40.0,19,17,89.47,5,16.34,2.63,19.18,18.26,24.35,8.52,1,1
103,103,2019-11-02,4-4-2,0,1.05,7,2,28.57,443,359,81.04,53.33,110,20,36,54,97,48,38,11,225,106,47.11,1,0,0.0,33,3,9.09,0,0,0.0,22,3,13.64,6,2,33.33,2,0,0.0,0,0,0,16,6,37.5,7,6,29,0,10,11,45,19,42.22,0,3,11,6,54.55,53,30,56.6,66,27,40.91,3,0,0.0,42,19,12,2,0,144,90,62.5,60,58,96.67,172,156,90.7,73,35,47.95,69,40,57.97,76,59,77.63,5,1,20.0,28,26,92.86,10,16.33,3.89,16.48,13.1,22.35,8.32,0,-1
104,104,2019-10-26,4-4-2,2,1.66,11,4,36.36,382,295,77.23,39.77,110,14,30,66,94,23,53,18,221,100,45.25,3,3,100.0,31,6,19.35,5,2,40.0,15,3,20.0,5,2,40.0,3,1,33.33,0,0,0,17,3,17.65,3,5,21,2,11,17,61,20,32.79,1,4,17,7,41.18,75,41,54.67,38,19,50.0,4,1,25.0,54,19,7,3,0,124,77,62.1,59,53,89.83,140,119,85.0,63,31,49.21,67,35,52.24,65,51,78.46,6,0,0.0,13,12,92.31,3,17.14,3.5,16.49,15.75,21.6,12.16,1,-1
105,105,2019-10-19,4-4-2,1,1.8,13,4,30.77,291,223,76.63,37.13,102,28,28,46,70,28,27,15,169,74,43.79,5,0,0.0,42,6,14.29,0,0,0.0,19,4,21.05,4,0,0.0,5,3,60.0,0,0,0,17,5,29.41,6,7,23,0,9,15,56,17,30.36,3,2,21,4,19.05,49,27,55.1,35,15,42.86,2,2,100.0,53,23,10,3,0,100,71,71.0,45,38,84.44,95,74,77.89,35,16,45.71,48,34,70.83,51,39,76.47,3,0,0.0,35,31,88.57,10,17.21,2.83,12.03,16.86,18.69,14.35,0,-1
106,106,2019-10-05,4-4-2,1,0.79,10,3,30.0,307,228,74.27,39.88,112,17,39,56,86,37,40,9,201,95,47.26,3,0,0.0,21,6,28.57,4,1,25.0,23,2,8.7,7,1,14.29,2,0,0.0,0,0,0,17,4,23.53,4,7,21,3,9,14,38,13,34.21,5,0,9,2,22.22,48,30,62.5,77,37,48.05,2,1,50.0,47,22,5,2,0,118,71,60.17,42,38,90.48,104,88,84.62,55,30,54.55,52,28,53.85,60,47,78.33,0,0,0.0,23,21,91.3,6,17.32,2.77,17.92,18.48,23.12,22.29,1,1
107,107,2019-09-28,4-4-2,2,1.32,8,3,37.5,251,186,74.1,37.63,101,25,32,44,70,27,37,6,235,86,36.6,3,1,33.33,22,4,18.18,3,0,0.0,19,2,10.53,3,1,33.33,2,0,0.0,0,0,0,12,6,50.0,6,2,14,1,6,9,56,14,25.0,0,2,16,3,18.75,72,31,43.06,46,22,47.83,5,1,20.0,54,14,16,4,0,99,62,62.63,46,43,93.48,69,56,81.16,46,21,45.65,47,22,46.81,64,48,75.0,3,1,33.33,21,19,90.48,13,15.72,2.82,18.33,14.33,22.47,10.04,0,0
108,108,2019-09-21,4-4-2,2,1.76,12,5,41.67,356,283,79.49,41.83,119,22,27,70,80,29,31,20,202,100,49.5,5,1,20.0,38,7,18.42,2,1,50.0,22,3,13.64,7,1,14.29,3,2,66.67,0,0,0,20,6,30.0,5,13,28,0,14,21,61,20,32.79,1,0,12,2,16.67,74,49,66.22,24,10,41.67,4,2,50.0,42,15,10,0,0,129,89,68.99,58,55,94.83,118,99,83.9,44,22,50.0,67,42,62.69,64,55,85.94,2,1,50.0,23,21,91.3,7,17.19,3.3,12.36,14.29,20.18,10.03,1,1
109,109,2019-09-14,4-4-2,1,1.02,7,1,14.29,261,189,72.41,39.65,124,32,45,47,80,35,34,11,260,118,45.38,2,1,50.0,22,2,9.09,4,1,25.0,30,2,6.67,6,1,16.67,0,0,0.0,0,0,0,16,4,25.0,4,3,16,0,10,9,75,25,33.33,2,1,13,5,38.46,71,44,61.97,53,27,50.94,3,2,66.67,52,25,7,2,0,92,60,65.22,39,34,87.18,76,51,67.11,49,31,63.27,39,26,66.67,55,38,69.09,8,4,50.0,31,28,90.32,12,14.02,2.21,18.77,18.99,21.1,9.63,0,0
110,110,2019-08-31,4-4-2,0,1.11,7,2,28.57,295,203,68.81,35.54,110,16,47,47,94,46,41,7,190,92,48.42,3,0,0.0,20,5,25.0,2,0,0.0,26,2,7.69,6,0,0.0,6,1,16.67,0,0,0,7,0,0.0,0,1,18,2,4,5,43,24,55.81,5,3,15,7,46.67,54,28,51.85,46,21,45.65,2,2,100.0,70,18,10,0,0,138,84,60.87,47,41,87.23,66,50,75.76,65,32,49.23,49,21,42.86,70,44,62.86,7,2,28.57,18,17,94.44,5,17.12,2.32,22.03,18.66,21.03,13.39,1,-1
111,111,2019-08-25,4-4-2,1,1.79,11,3,27.27,292,221,75.68,38.03,130,23,35,72,96,39,41,16,214,97,45.33,6,2,33.33,21,7,33.33,5,2,40.0,19,2,10.53,3,1,33.33,3,0,0.0,0,0,0,17,9,52.94,9,5,21,2,15,11,44,16,36.36,1,1,15,3,20.0,60,37,61.67,68,24,35.29,8,4,50.0,53,19,11,2,0,121,77,63.64,43,40,93.02,94,81,86.17,62,37,59.68,57,39,68.42,73,56,76.71,2,0,0.0,12,11,91.67,11,14.2,2.92,21.23,17.92,23.15,13.15,0,0
112,112,2019-08-17,4-4-2,1,1.67,15,4,26.67,215,165,76.74,30.41,82,18,15,49,70,29,19,22,229,123,53.71,4,0,0.0,35,9,25.71,2,1,50.0,28,5,17.86,7,3,42.86,9,3,33.33,0,0,0,27,13,48.15,12,7,25,3,17,29,50,22,44.0,1,2,15,9,60.0,83,58,69.88,40,18,45.0,3,2,66.67,52,38,12,1,0,81,56,69.14,31,27,87.1,66,51,77.27,38,22,57.89,42,31,73.81,55,47,85.45,2,1,50.0,14,14,100.0,6,15.28,1.99,17.67,17.09,21.95,9.58,0,-1
113,113,2019-08-10,4-4-1-1,3,0.78,10,4,40.0,299,207,69.23,49.99,125,16,55,54,102,39,54,9,266,145,54.51,3,1,33.33,26,5,19.23,0,0,0.0,21,4,19.05,2,2,100.0,1,0,0.0,0,0,0,15,6,40.0,4,2,17,1,11,14,56,27,48.21,5,0,11,3,27.27,66,49,74.24,61,26,42.62,11,6,54.55,52,31,6,0,0,132,73,55.3,43,39,90.7,78,56,71.79,65,29,44.62,56,23,41.07,71,46,64.79,5,0,0.0,36,32,88.89,6,13.73,2.32,21.74,18.17,22.3,8.41,1,1
114,114,2019-05-12,4-4-2,1,2.5,12,5,41.67,353,277,78.47,39.54,102,28,19,55,72,29,25,18,168,86,51.19,2,1,50.0,32,7,21.88,1,1,100.0,13,4,30.77,4,3,75.0,1,0,0.0,0,0,0,21,9,42.86,8,9,28,1,10,25,42,22,52.38,3,3,17,6,35.29,68,33,48.53,33,17,51.52,5,2,40.0,50,15,11,5,0,111,70,63.06,63,56,88.89,136,117,86.03,58,28,48.28,64,34,53.13,68,54,79.41,6,1,16.67,16,16,100.0,9,16.18,3.64,16.43,12.1,23.05,12.97,1,-1
115,115,2019-05-03,4-4-2,0,0.65,5,1,20.0,361,281,77.84,40.59,119,30,32,57,84,45,24,15,253,120,47.43,2,0,0.0,25,1,4.0,3,0,0.0,16,4,25.0,1,0,0.0,4,2,50.0,0,0,0,12,4,33.33,5,7,23,1,10,12,74,22,29.73,2,2,18,8,44.44,84,49,58.33,51,27,52.94,3,1,33.33,50,13,9,2,0,149,106,71.14,58,52,89.66,106,88,83.02,70,40,57.14,65,45,69.23,92,65,70.65,6,3,50.0,26,22,84.62,9,17.86,3.31,19.39,16.02,22.06,27.31,0,-1
116,116,2019-04-28,4-4-2,0,0.02,1,0,0.0,229,159,69.43,31.32,128,35,32,61,66,33,22,11,188,83,44.15,0,0,0.0,27,1,3.7,0,0,0.0,20,0,0.0,0,0,0.0,3,0,0.0,0,0,0,13,1,7.69,1,4,19,0,8,7,53,20,37.74,2,1,23,7,30.43,60,34,56.67,47,16,34.04,4,1,25.0,70,33,5,1,0,93,59,63.44,40,34,85.0,55,39,70.91,55,36,65.45,55,31,56.36,58,45,77.59,1,1,100.0,26,22,84.62,11,13.53,2.27,24.02,14.86,22.7,15.4,1,-1
117,117,2019-04-22,4-4-2,2,0.66,4,3,75.0,185,127,68.65,25.83,112,49,26,37,69,40,19,10,222,102,45.95,3,2,66.67,14,1,7.14,2,1,50.0,19,2,10.53,1,1,100.0,3,1,33.33,0,0,0,6,1,16.67,1,4,8,0,4,5,56,19,33.93,2,2,21,9,42.86,74,39,52.7,42,19,45.24,6,5,83.33,68,50,4,1,0,85,47,55.29,35,31,88.57,39,31,79.49,48,28,58.33,36,22,61.11,61,34,55.74,3,3,100.0,19,18,94.74,14,13.25,1.78,25.95,26.15,22.75,21.82,0,0
118,118,2019-04-13,4-4-2,2,2.39,14,8,57.14,264,178,67.42,47.73,115,23,36,56,99,45,33,21,244,111,45.49,4,2,50.0,36,5,13.89,0,0,0.0,23,8,34.78,8,5,62.5,6,2,33.33,0,0,0,13,4,30.77,3,7,21,0,7,20,59,24,40.68,3,0,15,2,13.33,55,29,52.73,69,32,46.38,4,3,75.0,63,21,7,2,0,121,67,55.37,38,34,89.47,70,54,77.14,45,20,44.44,42,24,57.14,60,37,61.67,5,1,20.0,33,31,93.94,8,13.99,2.26,17.05,14.68,21.7,5.52,1,1
119,119,2019-04-06,4-4-2,3,1.27,11,4,36.36,263,204,77.57,41.1,106,14,23,69,80,36,31,13,212,92,43.4,4,1,25.0,27,3,11.11,4,0,0.0,26,6,23.08,6,3,50.0,7,1,14.29,0,0,0,21,8,38.1,7,9,24,1,13,15,46,19,41.3,4,1,10,4,40.0,58,30,51.72,64,27,42.19,4,2,50.0,37,23,17,3,0,106,71,66.98,56,52,92.86,75,61,81.33,57,32,56.14,63,38,60.32,68,58,85.29,4,1,25.0,23,20,86.96,13,14.53,2.39,21.67,18.14,24.78,10.26,0,1
120,120,2019-03-30,4-4-2,2,0.28,5,1,20.0,277,205,74.01,41.37,106,19,46,41,78,35,35,8,238,110,46.22,2,0,0.0,22,2,9.09,0,0,0.0,19,3,15.79,1,0,0.0,5,4,80.0,0,0,0,6,1,16.67,1,2,11,1,5,8,55,18,32.73,1,0,9,1,11.11,74,40,54.05,60,31,51.67,7,3,42.86,58,29,12,1,0,104,66,63.46,43,38,88.37,76,59,77.63,48,30,62.5,46,31,67.39,60,42,70.0,1,0,0.0,27,20,74.07,9,13.03,2.69,17.33,21.38,21.75,9.79,1,1
121,121,2019-03-16,4-4-2,1,1.37,13,3,23.08,476,393,82.56,58.33,92,12,30,50,93,34,35,24,231,108,46.75,4,1,25.0,49,8,16.33,0,0,0.0,26,4,15.38,9,2,22.22,5,1,20.0,0,0,0,33,10,30.3,12,16,35,1,20,23,62,23,37.1,3,2,7,4,57.14,50,33,66.0,60,31,51.67,6,2,33.33,34,6,9,1,0,161,123,76.4,63,59,93.65,178,159,89.33,62,36,58.06,77,56,72.73,120,95,79.17,5,3,60.0,30,28,93.33,5,16.73,4.14,13.03,17.31,23.2,8.86,1,-1
122,122,2019-03-10,4-4-2,2,0.39,3,1,33.33,266,193,72.56,33.75,122,34,38,50,90,36,44,10,249,114,45.78,2,0,0.0,24,2,8.33,1,0,0.0,18,0,0.0,3,1,33.33,1,0,0.0,0,0,0,13,6,46.15,6,5,17,1,10,9,70,24,34.29,7,4,22,5,22.73,73,50,68.49,48,18,37.5,5,2,40.0,48,23,7,0,0,124,78,62.9,38,35,92.11,66,53,80.3,56,25,44.64,58,33,56.9,65,44,67.69,7,3,42.86,29,23,79.31,13,15.82,2.33,21.05,24.22,21.56,21.22,0,-1
123,123,2019-03-02,4-4-2,1,2.12,16,4,25.0,417,325,77.94,53.23,141,16,36,89,100,40,33,27,264,113,42.8,6,1,16.67,48,13,27.08,0,0,0.0,24,1,4.17,8,2,25.0,5,0,0.0,0,0,0,39,13,33.33,10,11,39,0,26,20,59,14,23.73,2,3,10,4,40.0,79,43,54.43,61,31,50.82,5,2,40.0,42,15,9,1,0,142,96,67.61,57,50,87.72,159,132,83.02,83,51,61.45,80,54,67.5,84,72,85.71,2,1,50.0,39,37,94.87,9,16.52,3.39,19.9,18.23,24.17,8.15,1,-1
124,124,2019-02-26,4-4-2,0,0.8,8,1,12.5,323,243,75.23,44.37,120,22,45,53,92,44,34,14,254,109,42.91,2,0,0.0,30,4,13.33,1,1,100.0,21,3,14.29,7,3,42.86,4,1,25.0,0,0,0,16,7,43.75,6,5,20,0,10,13,67,21,31.34,3,2,12,4,33.33,53,38,71.7,80,37,46.25,2,1,50.0,50,16,8,3,0,128,80,62.5,43,37,86.05,112,99,88.39,67,34,50.75,51,29,56.86,78,55,70.51,0,0,0.0,33,29,87.88,8,15.07,2.52,20.74,14.76,23.9,11.32,0,-1
125,125,2019-02-23,4-4-2,2,1.39,8,3,37.5,207,133,64.25,34.84,106,32,15,59,79,27,29,23,228,113,49.56,2,0,0.0,35,6,17.14,0,0,0.0,24,1,4.17,7,1,14.29,5,1,20.0,0,0,0,17,2,11.76,4,7,21,2,9,15,54,23,42.59,4,1,17,6,35.29,76,49,64.47,47,20,42.55,7,2,28.57,48,37,9,1,0,91,49,53.85,32,27,84.38,51,34,66.67,64,34,53.13,50,24,48.0,57,40,70.18,4,1,25.0,28,27,96.43,8,12.6,1.78,30.92,16.1,25.08,10.52,1,1
126,126,2019-02-09,4-4-2,3,1.73,9,5,55.56,216,152,70.37,31.48,99,29,32,38,77,47,20,10,220,90,40.91,3,1,33.33,25,6,24.0,4,0,0.0,16,2,12.5,3,1,33.33,1,1,100.0,1,1,100,7,0,0.0,0,6,14,3,1,8,51,19,37.25,0,1,12,7,58.33,49,30,61.22,68,27,39.71,3,2,66.67,61,56,7,1,0,109,68,62.39,30,27,90.0,50,42,84.0,58,29,50.0,46,26,56.52,62,41,66.13,1,1,100.0,25,22,88.0,11,14.71,1.91,26.85,17.04,25.15,26.25,0,1
127,127,2019-02-02,4-4-2,1,2.6,13,6,46.15,446,330,73.99,52.4,144,14,49,81,109,36,54,19,244,117,47.95,1,0,0.0,42,8,19.05,6,0,0.0,19,4,21.05,4,2,50.0,3,1,33.33,1,1,100,33,10,30.3,11,9,38,1,17,20,71,29,40.85,3,1,11,4,36.36,58,35,60.34,79,35,44.3,4,2,50.0,53,9,9,3,0,188,122,64.89,74,67,90.54,110,88,80.0,91,49,53.85,91,62,68.13,116,86,74.14,13,4,30.77,34,30,88.24,8,16.26,3.54,20.4,12.88,23.86,10.88,1,0
128,128,2019-01-29,4-4-2,2,0.76,5,4,80.0,211,155,73.46,28.55,101,41,26,34,63,38,18,7,217,112,51.61,3,2,66.67,16,4,25.0,1,0,0.0,22,1,4.55,3,0,0.0,2,0,0.0,0,0,0,6,2,33.33,3,2,11,1,6,8,42,17,40.48,4,2,23,9,39.13,84,51,60.71,47,23,48.94,7,5,71.43,68,45,8,3,0,93,62,66.67,42,35,83.33,49,36,73.47,43,26,60.47,36,18,50.0,54,36,66.67,6,2,33.33,18,17,94.44,12,13.71,2.01,20.38,18.76,21.65,16.9,0,0
129,129,2019-01-19,4-4-2,0,1.62,12,3,25.0,307,220,71.66,44.5,126,18,34,74,103,44,43,16,251,126,50.2,3,1,33.33,31,8,25.81,0,0,0.0,29,3,10.34,7,3,42.86,6,0,0.0,0,0,0,21,7,33.33,7,6,29,0,16,15,64,22,34.38,9,0,8,5,62.5,56,40,71.43,88,46,52.27,2,1,50.0,40,9,8,2,0,136,86,63.24,39,34,87.18,90,69,76.67,68,34,50.0,59,33,55.93,78,52,66.67,9,4,44.44,23,22,95.65,6,15.43,2.58,22.15,15.36,23.42,9.13,0,0
130,130,2019-01-12,4-4-2,2,0.83,9,0,0.0,391,294,75.19,43.87,142,30,53,59,99,37,49,13,213,103,48.36,6,0,0.0,34,5,14.71,5,3,60.0,18,1,5.56,2,0,0.0,1,0,0.0,0,0,0,14,5,35.71,4,3,18,2,7,15,57,21,36.84,2,1,10,4,40.0,56,37,66.07,59,25,42.37,12,4,33.33,68,30,5,1,0,140,88,62.86,68,58,85.29,120,100,83.33,74,37,50.0,62,31,50.0,80,51,63.75,7,2,28.57,25,22,88.0,7,15.94,3.15,18.93,23.42,20.8,11.48,1,1
131,131,2019-01-02,4-4-2,2,2.65,16,8,50.0,464,390,84.05,57.2,127,26,44,57,95,38,45,12,249,104,41.77,6,1,16.67,38,9,23.68,2,1,50.0,18,5,27.78,2,1,50.0,4,3,75.0,0,0,0,16,8,50.0,7,8,21,3,9,16,73,25,34.25,3,1,9,2,22.22,46,25,54.35,69,30,43.48,2,1,50.0,54,29,8,4,1,183,135,73.77,84,81,96.43,135,117,86.67,62,44,70.97,75,52,69.33,91,74,81.32,11,5,45.45,28,27,96.43,6,16.75,3.93,13.36,15.57,20.5,7.09,0,1
132,132,2018-12-30,4-4-2,2,2.65,15,5,33.33,327,264,80.73,41.2,98,22,36,40,89,36,38,15,236,102,43.22,4,0,0.0,26,7,26.92,6,4,66.67,21,4,19.05,5,1,20.0,2,0,0.0,0,0,0,20,8,40.0,9,14,23,1,8,27,62,18,29.03,5,0,10,4,40.0,72,46,63.89,54,20,37.04,1,0,0.0,52,30,15,1,0,118,85,72.03,66,64,96.97,100,82,82.0,59,37,62.71,49,27,55.1,86,68,79.07,1,1,100.0,25,23,92.0,5,17.09,2.79,18.04,16.0,21.98,6.72,1,1
133,133,2018-12-26,5-3-2,1,1.24,11,3,27.27,361,291,80.61,45.79,130,17,42,71,99,29,49,21,256,111,43.36,4,1,25.0,33,4,12.12,0,0,0.0,31,6,19.35,5,3,60.0,12,3,25.0,0,0,0,11,5,45.45,4,10,21,0,6,14,56,23,41.07,2,5,13,7,53.85,70,38,54.29,91,34,37.36,2,0,0.0,54,15,11,2,0,137,108,78.83,50,44,88.0,125,105,84.0,67,45,67.16,66,47,71.21,86,74,86.05,3,1,33.33,23,22,95.65,5,17.61,3.14,18.56,17.26,22.85,6.49,1,-1
134,134,2018-12-22,5-3-2,1,0.7,8,1,12.5,321,269,83.8,38.83,81,13,28,40,76,32,26,18,189,89,47.09,2,0,0.0,24,4,16.67,2,1,50.0,17,3,17.65,3,0,0.0,3,0,0.0,0,0,0,12,6,50.0,5,5,19,1,8,12,52,18,34.62,4,3,10,6,60.0,58,36,62.07,48,24,50.0,9,5,55.56,29,17,14,4,0,112,82,73.21,61,57,93.44,102,90,88.24,50,29,58.0,46,31,67.39,64,51,79.69,2,0,0.0,14,14,100.0,5,16.26,3.38,15.58,19.28,20.89,14.15,0,-1
135,135,2018-12-15,5-4-1,0,0.58,4,0,0.0,233,161,69.1,30.1,108,27,30,51,71,35,24,12,202,93,46.04,1,0,0.0,19,2,10.53,3,1,33.33,25,1,4.0,3,0,0.0,2,1,50.0,0,0,0,10,4,40.0,4,1,13,1,6,6,35,12,34.29,1,1,13,3,23.08,66,42,63.64,59,26,44.07,2,1,50.0,50,28,8,2,0,103,60,58.25,32,28,87.5,66,51,77.27,63,30,47.62,45,22,48.89,62,41,66.13,3,1,33.33,17,16,94.12,16,14.29,2.18,27.04,18.21,23.24,24.0,0,-1
136,136,2018-12-08,4-4-2,1,1.65,12,3,25.0,279,210,75.27,37.48,117,17,37,63,98,34,49,15,236,94,39.83,4,1,25.0,23,5,21.74,1,1,100.0,22,5,22.73,2,2,100.0,4,3,75.0,0,0,0,14,7,50.0,7,6,19,1,9,13,47,14,29.79,2,0,12,1,8.33,59,29,49.15,74,31,41.89,3,1,33.33,47,22,11,2,0,119,76,63.87,40,32,80.0,93,78,83.87,53,28,52.83,70,39,55.71,68,60,88.24,1,1,100.0,25,18,72.0,11,15.35,2.66,19.0,18.22,24.52,11.47,1,1
137,137,2018-12-05,4-4-2,1,0.9,8,4,50.0,214,156,72.9,26.5,90,17,25,48,67,36,20,11,186,76,40.86,5,2,40.0,21,4,19.05,3,1,33.33,13,3,23.08,5,3,60.0,2,0,0.0,0,0,0,10,1,10.0,2,9,14,1,4,14,36,16,44.44,6,3,17,12,70.59,61,37,60.66,56,14,25.0,11,6,54.55,71,44,10,1,0,87,61,70.11,34,28,82.35,56,39,69.64,55,34,61.82,50,35,70.0,66,45,68.18,5,1,20.0,15,15,100.0,3,15.43,2.35,25.7,21.83,23.9,11.46,1,-1
138,138,2018-12-01,4-4-1-1,0,0.39,3,0,0.0,327,264,80.73,39.7,112,31,24,57,71,32,28,11,212,107,50.47,0,0,0.0,27,1,3.7,2,0,0.0,23,2,8.7,2,2,100.0,3,0,0.0,0,0,0,20,7,35.0,5,6,22,0,11,10,40,14,35.0,2,2,27,9,33.33,93,59,63.44,57,27,47.37,2,1,50.0,66,44,9,1,0,126,94,74.6,59,57,96.61,89,73,82.02,43,31,72.09,55,39,70.91,81,68,83.95,8,3,37.5,22,22,100.0,13,15.54,3.0,13.15,11.16,21.53,9.17,0,-1
139,139,2018-11-26,4-4-2,1,2.19,14,7,50.0,574,492,85.71,56.25,117,15,31,71,90,44,33,13,201,105,52.24,5,2,40.0,36,11,30.56,3,0,0.0,22,1,4.55,5,1,20.0,7,2,28.57,0,0,0,25,8,32.0,9,9,33,3,19,18,69,30,43.48,1,2,17,3,17.65,45,36,80.0,55,25,45.45,1,0,0.0,45,13,6,0,0,168,129,76.79,91,85,93.41,218,193,88.53,69,47,68.12,74,46,62.16,96,78,81.25,4,1,25.0,24,23,95.83,5,17.4,5.04,12.02,16.64,20.06,13.54,1,-1
140,140,2018-11-10,4-4-2,0,0.58,7,2,28.57,283,198,69.96,39.97,132,29,48,55,72,31,35,6,219,93,42.47,3,1,33.33,18,3,16.67,0,0,0.0,20,2,10.0,1,1,100.0,7,1,14.29,0,0,0,9,4,44.44,4,1,12,0,4,9,52,15,28.85,2,0,20,6,30.0,67,32,47.76,60,23,38.33,5,1,20.0,68,31,9,0,0,114,62,54.39,50,40,80.0,72,60,83.33,54,25,46.3,54,19,35.19,60,40,66.67,3,0,0.0,28,28,100.0,11,15.36,2.55,19.08,16.98,20.32,9.97,0,0
141,141,2018-11-03,4-4-1-1,2,0.48,6,2,33.33,272,202,74.26,35.88,122,29,46,47,78,42,32,4,240,127,52.92,2,0,0.0,19,3,15.79,2,0,0.0,20,3,15.0,4,2,50.0,0,0,0.0,0,0,0,8,1,12.5,1,2,13,1,5,6,58,23,39.66,2,4,21,10,47.62,92,59,64.13,56,30,53.57,5,2,40.0,53,25,8,4,0,125,80,64.0,46,42,91.3,70,57,81.43,65,42,64.62,41,22,53.66,67,47,70.15,10,3,30.0,25,24,96.0,8,15.09,2.32,23.9,16.05,22.23,12.04,0,-1
142,142,2018-10-28,4-4-1-1,0,0.7,7,1,14.29,329,267,81.16,35.33,83,16,33,34,53,21,20,12,152,76,50.0,3,0,0.0,22,3,13.64,1,0,0.0,20,4,20.0,4,1,25.0,4,0,0.0,0,0,0,18,4,22.22,4,1,14,1,10,9,38,17,44.74,5,4,23,8,34.78,62,33,53.23,30,17,56.67,4,2,50.0,51,13,14,4,0,113,86,76.11,72,67,93.06,90,72,80.0,46,33,71.74,39,29,74.36,67,49,73.13,1,1,100.0,20,18,90.0,7,16.82,3.46,13.98,18.09,21.62,16.58,1,-1
143,143,2018-10-20,4-4-1-1,0,0.49,5,0,0.0,270,219,81.11,30.66,91,21,27,43,53,29,15,9,172,72,41.86,1,0,0.0,13,2,15.38,1,0,0.0,20,3,15.0,1,1,100.0,5,1,20.0,0,0,0,6,1,16.67,1,1,9,0,4,9,45,11,24.44,0,5,22,10,45.45,52,31,59.62,36,20,55.56,5,2,40.0,52,15,5,2,0,101,70,69.31,48,46,95.83,77,64,83.12,48,30,62.5,42,30,71.43,60,40,66.67,1,1,100.0,14,13,92.86,9,16.91,3.07,17.78,16.78,20.67,40.3,0,-1
144,144,2018-10-06,4-4-2,1,0.72,5,3,60.0,252,181,71.83,29.65,131,44,32,55,84,43,32,9,208,92,44.23,2,0,0.0,23,3,13.04,1,0,0.0,20,2,10.0,1,0,0.0,2,0,0.0,0,0,0,12,6,50.0,6,4,14,0,9,8,45,18,40.0,3,1,18,2,11.11,52,34,65.38,58,24,41.38,4,2,50.0,56,41,8,2,0,102,67,65.69,43,39,90.7,71,50,70.42,49,26,53.06,49,34,69.39,64,45,70.31,1,0,0.0,24,23,95.83,12,16.58,2.33,19.44,13.11,23.16,17.67,1,0
145,145,2018-09-30,4-4-2,2,0.44,4,2,50.0,245,177,72.24,42.88,149,47,58,44,98,59,30,9,295,107,36.27,1,0,0.0,18,4,22.22,1,0,0.0,23,0,0.0,2,0,0.0,3,0,0.0,0,0,0,9,4,44.44,4,6,13,0,5,10,37,9,24.32,1,1,17,5,29.41,62,33,53.23,132,45,34.09,2,2,100.0,52,41,15,3,0,116,69,59.48,45,44,97.78,55,47,85.45,67,36,53.73,35,17,48.57,65,46,70.77,1,1,100.0,27,25,92.59,12,14.33,2.23,27.35,14.39,21.79,7.57,0,1
146,146,2018-09-22,4-4-2,4,2.92,12,5,41.67,340,262,77.06,36.39,119,36,29,54,93,43,35,15,231,112,48.48,2,1,50.0,29,7,24.14,7,1,14.29,18,4,22.22,3,1,33.33,0,0,0.0,0,0,0,23,11,47.83,12,10,28,0,16,21,33,12,36.36,0,0,17,5,29.41,78,47,60.26,65,26,40.0,9,6,66.67,64,28,17,2,0,126,78,61.9,57,53,92.98,114,98,85.96,62,38,61.29,53,28,52.83,74,55,74.32,9,3,33.33,17,17,100.0,12,17.44,3.3,18.24,12.83,22.74,7.43,1,1
147,147,2018-09-16,4-4-2,0,0.05,5,1,20.0,357,297,83.19,41.33,112,30,36,46,83,36,35,12,271,127,46.86,5,1,20.0,19,2,10.53,0,0,0.0,23,2,8.7,2,0,0.0,4,0,0.0,0,0,0,10,5,50.0,4,2,14,0,4,5,56,16,28.57,1,1,31,9,29.03,88,53,60.23,77,38,49.35,9,4,44.44,61,18,9,4,0,119,80,67.23,74,72,97.3,114,99,86.84,56,27,48.21,46,24,52.17,63,40,63.49,0,0,0.0,11,11,100.0,14,16.31,3.84,15.69,25.87,20.88,11.18,0,-1
148,148,2018-09-02,4-4-1-1,0,1.11,10,3,30.0,434,363,83.64,46.85,90,14,28,48,67,30,30,7,208,103,49.52,5,0,0.0,29,6,20.69,2,0,0.0,24,3,12.5,2,1,50.0,4,1,25.0,0,0,0,23,6,26.09,7,6,27,0,18,10,60,23,38.33,1,2,22,11,50.0,74,47,63.51,47,23,48.94,6,4,66.67,46,16,7,2,0,157,121,77.07,71,66,92.96,156,132,84.62,48,28,58.33,76,58,76.32,101,82,81.19,3,1,33.33,14,13,92.86,8,17.07,4.38,11.06,17.65,21.54,15.38,1,-1
149,149,2018-08-26,4-4-2,2,1.8,11,2,18.18,301,228,75.75,38.62,95,12,25,58,76,33,29,14,181,97,53.59,3,0,0.0,30,5,16.67,2,1,50.0,23,4,17.39,4,2,50.0,6,1,16.67,0,0,0,26,7,26.92,6,4,24,2,16,17,37,16,43.24,5,4,26,12,46.15,60,43,71.67,42,22,52.38,5,4,80.0,34,16,8,1,0,126,86,68.25,46,41,89.13,99,78,78.79,57,30,52.63,66,45,68.18,80,61,76.25,7,4,57.14,21,20,95.24,14,16.29,2.87,18.94,15.71,24.38,17.82,0,-1
150,150,2018-08-19,4-4-1-1,1,0.93,8,3,37.5,448,363,81.03,58.85,120,24,42,54,106,56,36,14,231,104,45.02,3,1,33.33,30,4,13.33,0,0,0.0,29,3,10.34,5,1,20.0,5,2,40.0,0,0,0,23,6,26.09,6,7,24,0,13,13,59,20,33.9,2,3,10,6,60.0,46,28,60.87,67,31,46.27,4,2,50.0,50,20,8,1,0,176,127,72.16,84,75,89.29,134,113,84.33,72,41,56.94,55,38,69.09,78,61,78.21,12,5,41.67,23,21,91.3,2,16.16,3.7,16.07,16.61,22.57,8.88,1,-1
151,151,2018-08-12,4-4-1-1,0,1.17,14,5,35.71,391,316,80.82,52.34,101,23,25,53,89,34,36,19,215,99,46.05,7,1,14.29,33,9,27.27,1,1,100.0,26,3,11.54,5,3,60.0,5,1,20.0,0,0,0,23,9,39.13,9,4,24,1,13,19,51,15,29.41,5,0,17,3,17.65,56,36,64.29,55,27,49.09,4,2,50.0,54,30,9,1,0,137,101,73.72,61,59,96.72,149,120,80.54,59,35,59.32,64,42,65.63,82,64,78.05,3,1,33.33,15,15,100.0,12,15.96,3.52,15.09,19.4,21.15,6.41,0,0
