,Date,Match,Team,Scheme,Goals,xG,Shots,Shots on Target,Shot Accuracy,Passes,Passes on Target,Pass Accuracy,"Possession, %",Losses,Low Losses,Medium Losses,High Losses,Recoveries,Low Recoveries,Medium Recoveries,High Recoveries,Duels,Duels won,Duel win %,Shots from outside,Shots from outside on target,Shots from outside accuracy,Positional attacks,Positional attacks with shots,Positional attacks with shots %,Counterattacks,Counterattacks with shots,Counterattacks with shots %,Set pieces,Set pieces with shots,Set pieces with shots %,Corners,Corners with shots,Corners with shots %,Free kicks,Free kicks with shots,Free kicks with shots %,Penalties,Penalties converted,Penalties converted %,Crosses,Crosses accurate,Crosses accurate %,Deep completed crosses,Deep completed passes,Penalty area entries (runs / crosses),Penalty area entries runs,Penalty area entries crosses,Touches in penalty area,Offensive duels,Offensive duels won,Offensive duels won %,Offsides,Conceded goals,Shots against,Shots against on target,Shots against on target %,Defensive duels,Defensive duels won,Defensive duels won %,Aerial duels,Aerial duels won,Aerial duels won %,Sliding tackles,Sliding tackles successful,Sliding tackles successful %,Interceptions,Clearances,Fouls,Yellow cards,Red cards,Forward passes,Forward passes accurate,Forward passes accurate %,Back passes,Back passes accurate,Back passes accurate %,Lateral passes,Lateral passes accurate,Lateral passes accurate %,Long passes,Long passes accurate,Long passes accurate %,Passes to final third,Passes to final third accurate,Passes to final third accurate %,Progressive passes,Progressive passes accurate,Progressive passes accurate %,Smart passes,Smart passes accurate,Smart passes accurate %,Throw ins,Throw ins accurate,Throw ins accurate %,Goal kicks,Match tempo,Average passes per possession,Long pass %,Average shot distance,Average pass length,PPDA,Home Team,Away Team,Home,Win
0,2022-11-13,Fulham - Manchester United 1:2,Fulham,4-2-3-1,1,2.51,14,7,50.0,453,373,82.34,54.45,123,11,40,72,90,38,31,21,204,102,50.0,4,1,25.0,42,7,16.67,1,0,0.0,27,7,25.93,10,5,50.0,2,1,50.0,0,0,0,27,5,18.52,6,9,35,8,15,25,68,25,36.76,1,2,13,10,76.92,73,51,69.86,32,12,37.5,5,2,40.0,36,4,9,1,0,155,123,79.35,71,68,95.77,167,139,83.23,43,27,62.79,44,30,68.18,77,61,79.22,4,3,75.0,20,18,90.0,5,14.93,4.58,9.49,14.28,21.3,11.46,Fulham,Manchester United,1,-1
1,2022-11-05,Manchester City - Fulham 2:1,Fulham,4-2-3-1,1,0.97,4,2,50.0,281,234,83.27,27.53,77,21,32,24,63,39,18,6,161,71,44.1,1,1,100.0,7,3,42.86,1,0,0.0,16,0,0.0,0,0,0.0,0,0,0.0,1,1,100,5,1,20.0,1,2,12,2,5,7,49,15,30.61,0,2,17,5,29.41,68,40,58.82,22,9,40.91,2,2,100.0,50,21,11,4,0,96,68,70.83,41,38,92.68,97,86,88.66,33,18,54.55,23,14,60.87,42,24,57.14,2,0,0.0,11,9,81.82,9,16.74,3.9,11.74,18.41,18.96,28.41,Manchester City,Fulham,0,-1
2,2022-10-29,Fulham - Everton 0:0,Fulham,4-2-3-1,0,2.6,23,6,26.09,440,373,84.77,55.92,92,14,22,56,70,31,23,16,211,105,49.76,7,1,14.29,35,9,25.71,2,2,100.0,31,12,38.71,13,6,46.15,2,1,50.0,0,0,0,30,14,46.67,13,12,41,9,17,42,75,29,38.67,0,0,8,4,50.0,52,32,61.54,48,29,60.42,3,2,66.67,33,14,10,2,0,115,91,79.13,68,65,95.59,184,159,86.41,52,39,75.0,51,39,76.47,78,66,84.62,2,1,50.0,24,24,100.0,6,15.71,4.58,11.82,16.17,22.1,10.62,Fulham,Everton,1,0
3,2022-10-23,Leeds United - Fulham 2:3,Fulham,4-4-2,3,1.41,10,5,50.0,325,253,77.85,42.85,107,19,53,35,84,41,32,11,222,110,49.55,1,0,0.0,20,3,15.0,4,2,50.0,29,5,17.24,6,2,33.33,1,1,100.0,0,0,0,12,8,66.67,8,2,15,3,8,17,84,30,35.71,4,2,14,5,35.71,58,41,70.69,40,21,52.5,4,3,75.0,46,13,8,1,0,121,74,61.16,36,33,91.67,108,98,90.74,50,22,44.0,35,21,60.0,59,31,52.54,1,0,0.0,23,20,86.96,9,16.97,3.13,15.38,13.14,19.04,11.45,Leeds United,Fulham,0,1
4,2022-10-20,Fulham - Aston Villa 3:0,Fulham,4-2-3-1,3,3.34,18,8,44.44,483,418,86.54,64.02,87,17,33,37,71,26,32,13,150,69,46.0,6,4,66.67,25,7,28.0,3,3,100.0,26,6,23.08,9,4,44.44,4,1,25.0,1,1,100,16,1,6.25,1,9,27,3,7,20,48,21,43.75,0,0,11,6,54.55,45,24,53.33,29,14,48.28,4,1,25.0,31,13,11,0,0,146,114,78.08,83,81,97.59,197,183,92.89,47,33,70.21,48,36,75.0,69,52,75.36,3,1,33.33,23,19,82.61,4,17.26,5.43,9.73,16.35,21.33,7.36,Fulham,Aston Villa,1,1
5,2022-10-15,Fulham - Bournemouth 2:2,Fulham,4-2-3-1,2,1.69,18,4,22.22,592,499,84.29,67.34,106,8,36,62,98,23,48,27,193,106,54.92,12,1,8.33,33,12,36.36,1,0,0.0,21,5,23.81,5,2,40.0,1,0,0.0,1,1,100,38,11,28.95,10,14,46,2,24,30,73,37,50.68,1,2,10,6,60.0,46,34,73.91,43,21,48.84,3,1,33.33,22,9,8,2,0,164,124,75.61,90,84,93.33,269,234,86.99,45,19,42.22,74,57,77.03,83,66,79.52,2,0,0.0,21,19,90.48,6,17.58,6.43,7.6,19.53,20.41,9.43,Fulham,Bournemouth,1,0
6,2022-10-09,West Ham United - Fulham 3:1,Fulham,4-2-3-1,1,0.67,7,2,28.57,473,399,84.36,53.01,120,22,34,64,87,39,36,12,167,80,47.9,2,1,50.0,28,5,17.86,1,1,100.0,19,0,0.0,2,0,0.0,3,0,0.0,0,0,0,11,5,45.45,5,8,23,1,10,13,55,21,38.18,2,3,17,8,47.06,55,36,65.45,30,11,36.67,6,4,66.67,40,8,7,3,0,151,111,73.51,80,77,96.25,188,169,89.89,41,23,56.1,64,42,65.63,84,63,75.0,1,0,0.0,18,16,88.89,7,17.24,4.73,8.67,16.81,19.48,12.07,West Ham United,Fulham,0,-1
7,2022-10-01,Fulham - Newcastle United 1:4,Fulham,4-2-3-1,1,0.49,3,1,33.33,267,190,71.16,32.82,81,16,35,30,63,34,23,6,135,57,42.22,1,0,0.0,15,1,6.67,3,1,33.33,25,1,4.0,1,0,0.0,5,0,0.0,0,0,0,8,1,12.5,1,4,10,1,2,8,47,18,38.3,4,4,19,11,57.89,39,21,53.85,10,2,20.0,2,1,50.0,48,16,9,2,1,102,62,60.78,37,31,83.78,79,66,83.54,29,9,31.03,32,17,53.13,37,16,43.24,2,0,0.0,17,17,100.0,11,16.43,3.03,10.86,17.62,18.7,25.63,Fulham,Newcastle United,1,-1
8,2022-09-16,Nottingham Forest - Fulham 2:3,Fulham,4-4-1-1,3,1.3,15,7,46.67,532,462,86.84,58.29,101,11,40,50,87,28,45,14,195,84,43.08,6,2,33.33,33,7,21.21,4,2,50.0,29,4,13.79,10,3,30.0,5,1,20.0,0,0,0,14,5,35.71,5,7,24,4,7,17,63,24,38.1,1,2,9,3,33.33,48,25,52.08,40,19,47.5,3,1,33.33,46,12,11,4,0,170,124,72.94,74,71,95.95,221,210,95.02,47,25,53.19,69,50,72.46,75,59,78.67,6,6,100.0,14,13,92.86,7,17.71,5.43,8.83,16.99,19.87,9.13,Nottingham Forest,Fulham,0,1
9,2022-09-03,Tottenham Hotspur - Fulham 2:1,Fulham,4-2-3-1,1,0.44,5,3,60.0,438,379,86.53,49.64,88,22,22,44,64,28,21,15,221,102,46.15,3,2,66.67,36,3,8.33,3,2,66.67,19,0,0.0,3,0,0.0,2,0,0.0,0,0,0,19,6,31.58,9,4,26,1,14,7,69,22,31.88,0,2,21,11,52.38,75,53,70.67,36,12,33.33,5,2,40.0,50,11,6,4,0,142,115,80.99,61,58,95.08,172,158,91.86,27,18,66.67,47,35,74.47,62,44,70.97,2,0,0.0,26,23,88.46,5,17.63,4.87,6.16,21.22,18.9,13.08,Tottenham Hotspur,Fulham,0,-1
10,2022-08-30,Fulham - Brighton 2:1,Fulham,4-2-3-1,2,0.91,8,2,25.0,330,266,80.61,40.14,106,14,49,43,81,42,26,13,216,110,50.93,3,1,33.33,22,6,27.27,2,0,0.0,23,1,4.35,3,0,0.0,4,0,0.0,0,0,0,11,4,36.36,3,6,19,5,6,11,67,21,31.34,0,1,8,3,37.5,66,44,66.67,32,17,53.13,2,1,50.0,36,20,9,2,0,123,88,71.54,42,41,97.62,114,99,86.84,40,28,70.0,27,20,74.07,59,38,64.41,2,1,50.0,23,21,91.3,8,17.04,3.4,12.12,16.77,20.3,14.35,Fulham,Brighton,1,1
11,2022-08-27,Arsenal - Fulham 2:1,Fulham,4-4-2,1,1.38,10,3,30.0,201,140,69.65,31.2,96,34,44,18,78,48,23,7,237,133,56.12,2,0,0.0,16,4,25.0,2,2,100.0,19,5,26.32,2,2,100.0,1,1,100.0,0,0,0,10,5,50.0,5,1,15,3,6,14,62,27,43.55,0,2,18,8,44.44,105,65,61.9,43,25,58.14,3,1,33.33,56,27,12,3,0,87,52,59.77,20,16,80.0,65,51,78.46,29,15,51.72,24,9,37.5,43,19,44.19,2,1,50.0,18,14,77.78,10,13.04,2.07,14.43,14.09,19.41,13.65,Arsenal,Fulham,0,-1
12,2022-08-20,Fulham - Brentford 3:2,Fulham,4-4-2,3,2.28,15,8,53.33,293,223,76.11,43.42,91,18,35,38,76,43,25,8,240,111,46.25,5,3,60.0,35,11,31.43,1,0,0.0,28,3,10.71,6,2,33.33,2,0,0.0,0,0,0,17,7,41.18,7,8,23,4,11,29,60,21,35.0,6,2,11,5,45.45,62,39,62.9,55,26,47.27,3,1,33.33,43,25,13,3,0,129,85,65.89,39,36,92.31,83,69,83.13,44,25,56.82,44,30,68.18,66,44,66.67,2,0,0.0,21,19,90.48,7,16.65,2.57,15.02,16.69,20.79,9.83,Fulham,Brentford,1,1
13,2022-08-13,Wolverhampton Wanderers - Fulham 0:0,Fulham,4-2-3-1,0,1.39,7,2,28.57,334,254,76.05,45.7,118,24,41,53,93,44,31,18,193,92,47.67,1,0,0.0,30,4,13.33,0,0,0.0,16,2,12.5,3,2,66.67,0,0,0.0,1,0,0,20,6,30.0,5,2,20,0,10,11,56,19,33.93,0,0,6,1,16.67,68,40,58.82,29,12,41.38,5,4,80.0,55,6,14,3,0,130,85,65.38,42,39,92.86,114,95,83.33,50,30,60.0,38,25,65.79,66,44,66.67,1,0,0.0,24,20,83.33,7,14.41,3.84,14.97,15.86,20.61,9.23,Wolverhampton Wanderers,Fulham,0,0
14,2022-08-06,Fulham - Liverpool 2:2,Fulham,4-4-2,2,1.45,8,3,37.5,272,185,68.01,35.71,134,32,52,50,104,41,52,11,212,106,50.0,3,1,33.33,24,4,16.67,4,1,25.0,20,2,10.0,4,0,0.0,1,2,200.0,1,1,100,20,3,15.0,3,3,19,3,13,13,56,18,32.14,4,2,11,4,36.36,65,46,70.77,38,21,55.26,2,0,0.0,67,30,7,2,0,128,79,61.72,36,33,91.67,57,37,64.91,43,23,53.49,43,23,53.49,62,40,64.52,4,1,25.0,22,20,90.91,8,15.45,2.47,15.81,16.2,19.35,12.38,Fulham,Liverpool,1,0
15,2021-05-23,Fulham - Newcastle United 0:2,Fulham,3-4-2-1,0,0.97,13,0,0.0,611,529,86.58,62.72,83,17,17,49,72,20,29,23,157,83,52.87,7,0,0.0,46,11,23.91,0,0,0.0,14,2,14.29,5,2,40.0,2,0,0.0,0,0,0,35,8,22.86,7,8,35,2,22,19,63,35,55.56,1,2,9,4,44.44,42,25,59.52,23,11,47.83,5,3,60.0,39,10,12,1,0,161,130,80.75,98,96,97.96,257,230,89.49,28,15,53.57,65,46,70.77,88,76,86.36,6,0,0.0,22,20,90.91,3,18.76,6.71,4.58,18.14,19.03,7.29,Fulham,Newcastle United,1,-1
16,2021-05-18,Manchester United - Fulham 1:1,Fulham,3-4-2-1,1,1.37,8,5,62.5,385,329,85.45,46.71,86,33,26,27,59,34,18,7,213,106,49.77,3,0,0.0,18,3,16.67,2,0,0.0,23,5,21.74,1,1,100.0,3,2,66.67,0,0,0,7,1,14.29,1,3,14,4,4,10,65,26,40.0,1,1,13,6,46.15,87,58,66.67,24,8,33.33,10,9,90.0,44,20,15,3,0,119,90,75.63,61,60,98.36,161,144,89.44,35,20,57.14,30,21,70.0,65,40,61.54,7,3,42.86,15,13,86.67,9,16.33,4.01,9.09,17.18,19.67,15.86,Manchester United,Fulham,0,0
17,2021-05-15,Southampton - Fulham 3:1,Fulham,3-4-2-1,1,0.95,9,2,22.22,522,452,86.59,54.51,100,20,43,37,70,30,27,13,231,114,49.35,3,0,0.0,22,3,13.64,2,1,50.0,20,5,25.0,5,2,40.0,0,0,0.0,0,0,0,10,3,30.0,2,10,26,3,8,15,87,34,39.08,1,3,10,6,60.0,76,49,64.47,29,12,41.38,7,2,28.57,38,12,15,1,0,159,120,75.47,80,72,90.0,232,215,92.67,39,21,53.85,40,28,70.0,77,58,75.32,7,5,71.43,19,17,89.47,3,17.77,5.17,7.47,17.63,19.03,11.57,Southampton,Fulham,0,-1
18,2021-05-10,Fulham - Burnley 0:2,Fulham,4-2-3-1,0,1.26,18,5,27.78,505,396,78.42,68.52,138,22,40,76,99,45,29,25,265,120,45.28,8,3,37.5,51,15,29.41,0,0,0.0,24,3,12.5,8,2,25.0,5,0,0.0,0,0,0,35,12,34.29,11,16,50,3,25,34,63,23,36.51,4,2,12,5,41.67,50,29,58.0,76,35,46.05,3,2,66.67,33,10,11,2,0,157,104,66.24,72,70,97.22,214,174,81.31,54,28,51.85,69,47,68.12,90,62,68.89,2,0,0.0,26,25,96.15,7,15.53,4.28,10.69,19.41,22.35,6.52,Fulham,Burnley,1,-1
19,2021-05-01,Chelsea - Fulham 2:0,Fulham,4-2-3-1,0,0.35,8,3,37.5,488,418,85.66,52.08,89,14,34,41,67,20,36,11,210,111,52.86,5,2,40.0,29,5,17.24,0,0,0.0,30,3,10.0,8,2,25.0,3,0,0.0,0,0,0,14,4,28.57,4,8,25,1,11,18,81,33,40.74,1,2,8,5,62.5,57,40,70.18,28,13,46.43,9,5,55.56,32,8,8,1,0,126,92,73.02,93,85,91.4,202,187,92.57,26,18,69.23,45,33,73.33,54,42,77.78,3,0,0.0,23,22,95.65,0,17.16,4.48,5.33,22.08,18.56,11.62,Chelsea,Fulham,0,-1
20,2021-04-18,Arsenal - Fulham 1:1,Fulham,4-4-2,1,1.01,3,1,33.33,250,202,80.8,30.87,97,29,37,31,51,21,23,7,220,90,40.91,1,0,0.0,9,2,22.22,4,0,0.0,28,0,0.0,1,0,0.0,2,0,0.0,1,1,100,5,0,0.0,0,2,10,3,4,6,65,17,26.15,0,1,16,5,31.25,76,40,52.63,39,15,38.46,4,1,25.0,41,30,11,3,0,73,48,65.75,39,37,94.87,112,101,90.18,30,15,50.0,20,12,60.0,38,22,57.89,2,0,0.0,13,11,84.62,16,14.43,2.91,12.0,17.24,19.6,20.94,Arsenal,Fulham,0,0
21,2021-04-09,Fulham - Wolverhampton Wanderers 0:1,Fulham,3-4-3,0,1.14,14,3,21.43,429,374,87.18,49.96,92,12,20,60,65,19,34,12,220,120,54.55,5,2,40.0,31,10,32.26,1,0,0.0,23,4,17.39,3,0,0.0,6,2,33.33,0,0,0,27,15,55.56,13,12,34,2,20,25,64,21,32.81,3,1,7,3,42.86,78,57,73.08,44,25,56.82,9,5,55.56,41,10,11,0,0,131,101,77.1,54,48,88.89,192,176,91.67,49,32,65.31,54,35,64.81,79,69,87.34,9,5,55.56,23,19,82.61,13,16.4,4.29,11.42,15.52,21.22,11.37,Fulham,Wolverhampton Wanderers,1,-1
22,2021-04-04,Aston Villa - Fulham 3:1,Fulham,4-4-2,1,1.58,15,7,46.67,352,278,78.98,48.37,104,26,45,33,86,42,33,11,256,132,51.56,7,3,42.86,19,10,52.63,3,1,33.33,29,4,13.79,4,0,0.0,3,1,33.33,0,0,0,9,4,44.44,4,5,14,3,6,14,85,37,43.53,2,3,15,4,26.67,83,53,63.86,41,16,39.02,4,1,25.0,31,15,20,2,0,133,88,66.17,57,53,92.98,117,102,87.18,48,23,47.92,38,23,60.53,65,36,55.38,3,0,0.0,15,13,86.67,7,15.23,3.26,13.64,21.89,18.51,10.44,Aston Villa,Fulham,0,-1
23,2021-03-19,Fulham - Leeds United 1:2,Fulham,4-2-3-1,1,1.41,9,4,44.44,315,256,81.27,51.59,120,25,39,56,83,39,29,15,291,104,35.74,2,2,100.0,29,3,10.34,1,1,100.0,33,5,15.15,13,2,15.38,5,1,20.0,0,0,0,10,3,30.0,3,11,21,1,6,26,126,34,26.98,1,2,12,4,33.33,62,31,50.0,42,20,47.62,11,4,36.36,51,20,13,2,0,107,78,72.9,49,46,93.88,109,93,85.32,46,26,56.52,37,22,59.46,60,41,68.33,2,0,0.0,27,24,88.89,5,14.01,2.79,14.6,14.4,19.63,7.0,Fulham,Leeds United,1,-1
24,2021-03-13,Fulham - Manchester City 0:3,Fulham,4-1-4-1,0,0.43,4,0,0.0,413,335,81.11,42.38,101,24,36,41,65,33,21,11,239,112,46.86,0,0,0.0,23,4,17.39,0,0,0.0,25,0,0.0,4,0,0.0,3,0,0.0,0,0,0,12,3,25.0,4,6,19,2,5,13,84,31,36.9,1,3,8,7,87.5,95,54,56.84,20,9,45.0,10,3,30.0,20,6,14,0,0,131,93,70.99,73,66,90.41,153,131,85.62,42,18,42.86,40,27,67.5,70,39,55.71,4,1,25.0,23,20,86.96,5,16.81,4.35,10.17,14.15,19.84,14.12,Fulham,Manchester City,1,-1
25,2021-03-07,Liverpool - Fulham 0:1,Fulham,4-4-2,1,1.58,10,3,30.0,394,322,81.73,40.67,125,42,44,39,86,42,33,11,222,106,47.75,2,1,50.0,17,6,35.29,6,3,50.0,26,1,3.85,4,0,0.0,3,1,33.33,0,0,0,14,3,21.43,3,4,20,6,7,18,89,38,42.7,1,0,11,3,27.27,59,33,55.93,34,18,52.94,5,1,20.0,83,36,8,3,0,141,101,71.63,63,60,95.24,140,123,87.86,54,34,62.96,45,27,60.0,68,44,64.71,5,2,40.0,14,12,85.71,9,16.15,3.55,13.71,18.26,20.5,13.96,Liverpool,Fulham,0,1
26,2021-03-04,Fulham - Tottenham Hotspur 0:1,Fulham,4-4-2,0,1.16,9,3,33.33,524,444,84.73,60.46,113,14,49,50,81,23,43,15,232,104,44.83,3,0,0.0,36,5,13.89,2,2,100.0,21,2,9.52,4,1,25.0,2,1,50.0,0,0,0,23,5,21.74,5,11,34,8,15,28,86,31,36.05,4,1,9,3,33.33,70,41,58.57,23,11,47.83,2,2,100.0,49,13,13,2,0,156,115,73.72,82,81,98.78,217,198,91.24,51,31,60.78,54,34,62.96,74,55,74.32,5,2,40.0,25,22,88.0,7,17.02,4.72,9.73,15.43,20.41,7.4,Fulham,Tottenham Hotspur,1,-1
27,2021-02-28,Crystal Palace - Fulham 0:0,Fulham,4-2-3-1,0,1.74,16,5,31.25,524,455,86.83,60.3,99,14,39,46,77,27,39,11,210,97,46.19,8,3,37.5,35,7,20.0,1,0,0.0,14,8,57.14,3,3,100.0,6,3,50.0,0,0,0,15,8,53.33,6,4,21,3,7,14,76,28,36.84,0,0,2,1,50.0,64,40,62.5,35,17,48.57,6,2,33.33,24,15,14,1,0,160,118,73.75,76,74,97.37,224,215,95.98,47,29,61.7,59,42,71.19,80,64,80.0,3,2,66.67,31,26,83.87,0,17.6,5.4,8.97,18.23,19.46,8.69,Crystal Palace,Fulham,0,0
28,2021-02-20,Fulham - Sheffield United 1:0,Fulham,4-2-3-1,1,1.23,16,6,37.5,564,492,87.23,66.02,112,22,39,51,97,48,33,16,230,107,46.52,9,4,44.44,38,7,18.42,2,1,50.0,29,7,24.14,6,3,50.0,1,0,0.0,0,0,0,19,4,21.05,4,9,28,5,11,20,112,56,50.0,1,0,2,1,50.0,25,13,52.0,51,22,43.14,0,0,0.0,39,24,11,1,0,161,124,77.02,99,94,94.95,220,202,91.82,54,29,53.7,65,46,70.77,85,68,80.0,6,3,50.0,22,22,100.0,6,16.67,5.13,9.57,21.75,20.59,11.0,Fulham,Sheffield United,1,1
29,2021-02-17,Burnley - Fulham 1:1,Fulham,4-4-1-1,1,1.35,8,4,50.0,427,327,76.58,52.38,128,31,64,33,93,48,36,9,241,122,50.62,3,1,33.33,13,4,30.77,1,0,0.0,25,4,16.0,5,3,60.0,0,0,0.0,0,0,0,11,4,36.36,4,2,15,3,8,13,62,22,35.48,0,1,6,4,66.67,62,41,66.13,76,42,55.26,3,1,33.33,31,17,13,1,0,141,83,58.87,61,56,91.8,172,150,87.21,62,26,41.94,41,20,48.78,77,37,48.05,2,0,0.0,18,11,61.11,6,17.53,4.11,14.52,16.53,20.61,9.74,Burnley,Fulham,0,0
30,2021-02-14,Everton - Fulham 0:2,Fulham,4-4-2,2,2.99,13,3,23.08,524,458,87.4,50.67,96,22,30,44,71,25,31,15,178,80,44.94,4,1,25.0,38,9,23.68,4,0,0.0,21,4,19.05,4,1,25.0,3,2,66.67,0,0,0,13,5,38.46,5,10,28,6,5,27,64,28,43.75,2,0,7,2,28.57,49,26,53.06,27,11,40.74,3,0,0.0,50,31,16,1,0,152,108,71.05,88,85,96.59,189,178,94.18,41,21,51.22,42,30,71.43,56,40,71.43,7,2,28.57,21,20,95.24,7,18.28,4.85,7.82,15.96,17.68,11.63,Everton,Fulham,0,1
31,2021-02-06,Fulham - West Ham United 0:0,Fulham,4-2-3-1,0,2.27,18,2,11.11,531,451,84.93,61.48,100,11,35,54,77,24,44,9,194,97,50.0,8,1,12.5,25,12,48.0,6,1,16.67,27,3,11.11,7,1,14.29,3,0,0.0,0,0,0,17,6,35.29,7,13,32,3,14,21,68,33,48.53,1,0,5,1,20.0,54,34,62.96,41,17,41.46,4,4,100.0,35,17,11,1,0,168,118,70.24,85,83,97.65,212,194,91.51,45,18,40.0,58,31,53.45,77,57,74.03,2,1,50.0,15,13,86.67,6,17.39,4.92,8.47,16.78,19.32,10.48,Fulham,West Ham United,1,0
32,2021-02-03,Fulham - Leicester City 0:2,Fulham,3-4-2-1,0,1.17,8,1,12.5,588,492,83.67,58.85,123,22,22,79,84,39,26,19,210,98,46.67,3,0,0.0,43,6,13.95,1,1,100.0,21,1,4.76,5,1,20.0,1,0,0.0,0,0,0,24,11,45.83,11,14,35,4,17,19,77,31,40.26,1,2,9,5,55.56,64,34,53.13,37,19,51.35,3,0,0.0,45,13,17,3,0,175,132,75.43,77,71,92.21,282,250,88.65,50,27,54.0,82,55,67.07,92,76,82.61,5,4,80.0,27,25,92.59,4,18.5,5.44,8.5,15.55,21.7,9.06,Fulham,Leicester City,1,-1
33,2021-01-30,West Bromwich Albion - Fulham 2:2,Fulham,3-4-3,2,1.25,12,7,58.33,521,443,85.03,60.1,116,23,48,45,96,42,43,11,229,116,50.66,5,2,40.0,29,7,24.14,3,2,66.67,21,3,14.29,3,1,33.33,4,1,25.0,0,0,0,15,2,13.33,3,9,25,2,9,14,67,33,49.25,1,2,5,3,60.0,52,28,53.85,56,31,55.36,5,4,80.0,35,18,10,0,0,145,102,70.34,74,69,93.24,232,213,91.81,45,22,48.89,55,38,69.09,68,45,66.18,10,6,60.0,20,15,75.0,8,17.42,4.82,8.64,16.69,18.85,10.76,West Bromwich Albion,Fulham,0,0
34,2021-01-27,Brighton & Hove Albion - Fulham 0:0,Fulham,5-4-1,0,1.18,10,3,30.0,408,327,80.15,49.88,126,33,59,34,85,39,38,8,254,100,39.37,4,0,0.0,25,6,24.0,6,4,66.67,20,0,0.0,0,0,0.0,0,0,0.0,0,0,0,12,5,41.67,5,2,15,1,6,11,84,24,28.57,0,0,15,5,33.33,68,35,51.47,56,22,39.29,2,1,50.0,68,20,14,1,0,151,112,74.17,60,55,91.67,129,116,89.92,37,22,59.46,35,25,71.43,75,45,60.0,2,1,50.0,18,15,83.33,9,17.69,4.0,9.07,16.9,17.88,10.32,Brighton & Hove Albion,Fulham,0,0
35,2021-01-20,Fulham - Manchester United 1:2,Fulham,3-4-2-1,1,0.89,12,5,41.67,374,315,84.22,38.95,111,29,44,38,67,33,21,13,195,105,53.85,4,1,25.0,20,9,45.0,2,1,50.0,28,2,7.14,2,0,0.0,2,0,0.0,0,0,0,12,4,33.33,2,5,19,4,7,14,63,28,44.44,1,2,13,4,30.77,69,48,69.57,27,16,59.26,8,3,37.5,57,34,6,3,0,131,93,70.99,47,46,97.87,165,150,90.91,45,24,53.33,42,32,76.19,66,41,62.12,2,2,100.0,17,12,70.59,14,17.5,3.4,12.03,19.27,20.77,17.18,Fulham,Manchester United,1,-1
36,2021-01-16,Fulham - Chelsea 0:1,Fulham,5-4-1,0,1.04,10,3,30.0,319,253,79.31,34.32,111,30,37,44,69,30,24,15,219,97,44.29,3,1,33.33,32,6,18.75,0,0,0.0,19,3,15.79,1,1,100.0,3,0,0.0,0,0,0,10,2,20.0,2,8,16,3,6,17,79,23,29.11,1,1,20,8,40.0,78,45,57.69,34,18,52.94,10,4,40.0,63,31,11,2,1,112,82,73.21,49,42,85.71,93,81,87.1,40,23,57.5,39,22,56.41,47,34,72.34,4,1,25.0,25,20,80.0,8,16.72,2.85,12.54,19.78,18.88,13.21,Fulham,Chelsea,1,-1
37,2021-01-13,Tottenham Hotspur - Fulham 1:1,Fulham,3-5-2,1,1.21,14,5,35.71,452,381,84.29,48.62,95,17,48,30,98,34,47,17,228,112,49.12,5,1,20.0,21,7,33.33,11,2,18.18,24,4,16.67,5,1,20.0,3,1,33.33,0,0,0,20,6,30.0,4,9,24,4,12,15,81,34,41.98,2,1,14,6,42.86,66,40,60.61,49,28,57.14,6,6,100.0,66,23,15,2,0,140,110,78.57,64,62,96.88,186,160,86.02,50,31,62.0,47,38,80.85,77,54,70.13,6,5,83.33,8,7,87.5,6,17.2,4.3,11.06,17.8,19.53,8.12,Tottenham Hotspur,Fulham,0,0
38,2020-12-26,Fulham - Southampton 0:0,Fulham,3-5-2,0,0.41,8,1,12.5,318,248,77.99,48.09,120,20,46,54,79,39,27,13,254,107,42.13,3,0,0.0,33,6,18.18,1,0,0.0,30,2,6.67,6,0,0.0,3,1,33.33,0,0,0,16,7,43.75,6,5,24,7,11,17,105,32,30.48,1,0,3,2,66.67,61,42,68.85,34,13,38.24,5,3,60.0,50,22,15,2,0,128,87,67.97,46,42,91.3,103,84,81.55,46,27,58.7,47,32,68.09,77,57,74.03,5,2,40.0,32,25,78.13,8,14.87,2.77,14.47,17.39,21.93,8.53,Fulham,Southampton,1,0
39,2020-12-19,Newcastle United - Fulham 1:1,Fulham,3-4-2-1,1,0.79,10,3,30.0,462,398,86.15,53.13,101,14,34,53,75,27,29,19,217,96,44.24,5,1,20.0,29,4,13.79,0,0,0.0,24,5,20.83,9,3,33.33,3,1,33.33,0,0,0,10,4,40.0,5,5,19,2,8,15,69,23,33.33,0,1,11,4,36.36,52,27,51.92,43,23,53.49,3,0,0.0,40,17,17,3,1,135,95,70.37,72,71,98.61,189,175,92.59,53,28,52.83,53,31,58.49,71,57,80.28,4,1,25.0,18,15,83.33,9,17.51,5.19,11.47,18.31,19.18,15.0,Newcastle United,Fulham,0,0
40,2020-12-16,Fulham - Brighton & Hove Albion 0:0,Fulham,5-4-1,0,0.74,8,3,37.5,428,335,78.27,46.49,133,28,56,49,104,52,33,19,238,97,40.76,3,1,33.33,26,4,15.38,1,1,100.0,19,3,15.79,1,1,100.0,1,1,100.0,0,0,0,8,0,0.0,0,6,15,1,4,9,83,33,39.76,1,0,8,3,37.5,65,29,44.62,39,17,43.59,5,2,40.0,63,24,15,1,0,147,86,58.5,71,64,90.14,157,141,89.81,60,27,45.0,56,30,53.57,72,41,56.94,3,0,0.0,22,16,72.73,6,18.3,3.86,14.02,16.81,20.16,9.67,Fulham,Brighton & Hove Albion,1,0
41,2020-12-13,Fulham - Liverpool 1:1,Fulham,5-3-2,1,2.36,10,6,60.0,228,162,71.05,32.19,106,31,24,51,64,36,18,10,227,106,46.7,2,1,50.0,23,4,17.39,4,1,25.0,20,5,25.0,6,2,33.33,3,3,100.0,0,0,0,12,5,41.67,5,7,25,7,8,21,70,18,25.71,1,1,12,6,50.0,77,44,57.14,42,25,59.52,10,4,40.0,63,29,9,3,0,108,68,62.96,27,27,100.0,67,52,77.61,47,24,51.06,43,24,55.81,55,34,61.82,3,2,66.67,19,16,84.21,8,12.85,2.07,20.61,12.94,23.07,26.25,Fulham,Liverpool,1,0
42,2020-12-05,Manchester City - Fulham 2:0,Fulham,3-4-1-2,0,0.35,6,1,16.67,330,266,80.61,33.71,81,21,26,34,56,31,17,8,188,90,47.87,2,0,0.0,21,4,19.05,0,0,0.0,23,2,8.7,3,2,66.67,1,0,0.0,0,0,0,4,1,25.0,2,1,14,2,4,4,77,30,38.96,1,2,16,6,37.5,64,40,62.5,24,9,37.5,1,0,0.0,44,13,6,0,0,109,73,66.97,55,48,87.27,118,103,87.29,31,17,54.84,38,23,60.53,46,25,54.35,5,0,0.0,10,7,70.0,15,17.02,3.71,9.39,19.65,17.89,42.82,Manchester City,Fulham,0,-1
43,2020-11-30,Leicester City - Fulham 1:2,Fulham,5-4-1,2,1.9,10,5,50.0,296,238,80.41,36.72,117,34,35,48,72,37,22,13,197,87,44.16,3,0,0.0,23,5,21.74,5,2,40.0,20,1,5.0,5,0,0.0,1,1,100.0,1,1,100,5,2,40.0,2,8,12,4,2,11,66,20,30.3,0,1,15,4,26.67,75,42,56.0,25,11,44.0,7,5,71.43,59,31,21,2,0,109,71,65.14,52,48,92.31,91,83,91.21,46,22,47.83,49,27,55.1,58,40,68.97,3,2,66.67,15,12,80.0,7,14.91,3.15,15.54,17.84,19.9,14.34,Leicester City,Fulham,0,1
44,2020-11-22,Fulham - Everton 2:3,Fulham,4-2-3-1,2,1.61,14,6,42.86,587,506,86.2,54.0,121,25,29,67,90,38,29,23,230,97,42.17,7,2,28.57,42,12,28.57,3,0,0.0,14,1,7.14,2,0,0.0,1,0,0.0,1,0,0,15,6,40.0,6,11,32,5,11,17,90,27,30.0,2,3,8,7,87.5,74,37,50.0,32,14,43.75,4,1,25.0,48,14,13,2,0,153,120,78.43,67,58,86.57,266,244,91.73,38,23,60.53,69,52,75.36,86,66,76.74,10,2,20.0,24,22,91.67,0,18.19,5.29,6.47,19.13,18.76,9.37,Fulham,Everton,1,-1
45,2020-11-07,West Ham United - Fulham 1:0,Fulham,4-2-3-1,0,1.74,12,3,25.0,438,387,88.36,47.66,94,21,34,39,76,35,24,17,208,103,49.52,6,1,16.67,29,6,20.69,2,0,0.0,26,3,11.54,5,1,20.0,3,2,66.67,1,0,0,18,11,61.11,10,7,27,3,12,17,52,23,44.23,2,1,15,7,46.67,40,28,70.0,55,25,45.45,5,2,40.0,28,27,8,2,0,125,101,80.8,76,74,97.37,166,154,92.77,33,19,57.58,53,46,86.79,83,66,79.52,1,0,0.0,17,15,88.24,11,18.0,4.47,7.53,18.63,18.91,23.69,West Ham United,Fulham,0,-1
46,2020-11-02,Fulham - West Bromwich Albion 2:0,Fulham,4-2-3-1,2,1.41,12,5,41.67,359,297,82.73,46.56,118,27,36,55,75,32,26,17,267,130,48.69,8,3,37.5,42,9,21.43,4,1,25.0,26,2,7.69,5,1,20.0,1,0,0.0,0,0,0,15,4,26.67,4,6,24,3,9,14,111,53,47.75,1,0,10,2,20.0,65,35,53.85,30,15,50.0,7,4,57.14,45,19,13,3,0,114,81,71.05,68,65,95.59,117,98,83.76,37,20,54.05,42,27,64.29,50,39,78.0,5,2,40.0,39,29,74.36,8,15.41,2.92,10.31,20.43,19.43,12.15,Fulham,West Bromwich Albion,1,1
47,2020-10-24,Fulham - Crystal Palace 1:2,Fulham,4-3-3,1,1.78,17,3,17.65,614,542,88.27,65.02,92,9,24,59,73,23,28,22,213,110,51.64,7,2,28.57,48,11,22.92,1,0,0.0,23,5,21.74,4,2,50.0,2,3,150.0,0,0,0,24,8,33.33,5,11,37,7,17,24,85,37,43.53,1,2,12,10,83.33,72,39,54.17,13,7,53.85,6,5,83.33,33,11,11,0,1,148,119,80.41,94,88,93.62,276,254,92.03,31,21,67.74,78,66,84.62,80,72,90.0,3,1,33.33,20,17,85.0,6,18.67,5.96,5.05,18.75,19.13,9.32,Fulham,Crystal Palace,1,-1
48,2020-10-18,Sheffield United - Fulham 1:1,Fulham,4-2-3-1,1,1.95,13,6,46.15,538,477,88.66,55.78,96,14,43,39,78,37,30,11,200,90,45.0,6,3,50.0,28,9,32.14,5,0,0.0,17,2,11.76,5,2,40.0,2,0,0.0,1,0,0,13,7,53.85,6,4,20,4,10,14,71,29,40.85,0,1,9,5,55.56,47,26,55.32,39,16,41.03,6,2,33.33,35,17,9,2,0,154,127,82.47,92,88,95.65,209,194,92.82,30,17,56.67,52,39,75.0,73,53,72.6,2,1,50.0,19,16,84.21,4,18.49,5.85,5.58,16.43,18.97,14.47,Sheffield United,Fulham,0,0
49,2020-10-04,Wolverhampton Wanderers - Fulham 1:0,Fulham,4-2-3-1,0,0.84,10,2,20.0,516,448,86.82,53.35,89,15,29,45,71,23,41,7,211,108,51.18,4,0,0.0,35,4,11.43,1,1,100.0,23,4,17.39,2,0,0.0,4,2,50.0,0,0,0,24,4,16.67,4,8,28,2,19,13,99,44,44.44,0,1,12,5,41.67,60,42,70.0,21,8,38.1,6,6,100.0,27,16,8,1,0,150,121,80.67,90,87,96.67,217,191,88.02,41,21,51.22,63,46,73.02,57,49,85.96,4,2,50.0,19,19,100.0,6,17.49,4.82,7.95,18.92,20.69,17.26,Wolverhampton Wanderers,Fulham,0,-1
50,2020-09-28,Fulham - Aston Villa 0:3,Fulham,3-4-3,0,1.37,16,3,18.75,513,434,84.6,62.11,113,12,36,65,95,39,34,22,228,105,46.05,6,1,16.67,39,13,33.33,0,0,0.0,29,3,10.34,5,0,0.0,2,0,0.0,0,0,0,38,14,36.84,12,4,43,5,27,21,101,43,42.57,1,3,13,5,38.46,57,27,47.37,37,20,54.05,2,0,0.0,30,8,16,6,0,156,119,76.28,65,62,95.38,219,199,90.87,63,44,69.84,61,49,80.33,87,70,80.46,2,1,50.0,21,19,90.48,7,18.14,4.75,12.28,16.46,21.27,6.45,Fulham,Aston Villa,1,-1
51,2020-09-19,Leeds United - Fulham 4:3,Fulham,4-2-3-1,3,2.08,14,6,42.86,421,350,83.14,54.21,113,22,42,49,88,38,34,16,269,118,43.87,7,2,28.57,33,8,24.24,4,1,25.0,22,3,13.64,3,2,66.67,1,0,0.0,1,1,100,15,6,40.0,7,7,21,2,11,10,112,37,33.04,0,4,10,7,70.0,73,43,58.9,35,17,48.57,7,4,57.14,57,20,17,2,0,141,103,73.05,74,68,91.89,136,121,88.97,47,26,55.32,55,33,60.0,73,50,68.49,2,1,50.0,16,14,87.5,3,15.94,3.69,11.16,18.94,18.48,6.35,Leeds United,Fulham,0,-1
52,2020-09-12,Fulham - Arsenal 0:3,Fulham,4-2-3-1,0,0.24,6,2,33.33,504,445,88.29,43.04,78,28,24,26,45,18,22,5,144,67,46.53,5,2,40.0,23,4,17.39,0,0,0.0,19,2,10.53,2,1,50.0,4,1,25.0,0,0,0,10,3,30.0,4,1,9,0,7,4,49,22,44.9,2,3,13,6,46.15,52,28,53.85,18,9,50.0,2,1,50.0,45,12,12,2,0,148,115,77.7,92,88,95.65,204,190,93.14,31,19,61.29,44,35,79.55,74,49,66.22,2,1,50.0,20,19,95.0,4,20.47,5.66,6.15,26.29,18.66,29.38,Fulham,Arsenal,1,-1
53,2019-05-12,Fulham - Newcastle United 0:4,Fulham,4-2-3-1,0,1.2,14,2,14.29,759,683,89.99,65.86,96,6,24,66,85,24,35,26,167,86,51.5,7,0,0.0,43,10,23.26,2,0,0.0,20,4,20.0,5,3,60.0,0,0,0.0,0,0,0,24,3,12.5,4,15,39,2,15,29,64,25,39.06,2,4,15,7,46.67,42,31,73.81,31,18,58.06,3,2,66.67,28,11,5,1,0,226,193,85.4,108,104,96.3,314,291,92.68,43,27,62.79,88,71,80.68,95,85,89.47,8,2,25.0,15,14,93.33,6,20.13,7.09,5.67,19.13,18.56,9.77,Fulham,Newcastle United,1,-1
54,2019-05-04,Wolverhampton Wanderers - Fulham 1:0,Fulham,5-3-2,0,0.59,4,2,50.0,594,531,89.39,61.56,98,35,33,30,83,42,34,7,233,109,46.78,2,1,50.0,25,4,16.0,1,0,0.0,18,0,0.0,1,0,0.0,3,0,0.0,0,0,0,11,2,18.18,2,3,13,0,8,6,78,28,35.9,0,1,19,6,31.58,66,43,65.15,51,24,47.06,4,3,75.0,45,27,15,3,0,160,127,79.38,113,110,97.35,235,221,94.04,46,31,67.39,51,36,70.59,91,70,76.92,6,2,33.33,17,16,94.12,8,18.15,6.75,7.74,19.35,19.31,10.81,Wolverhampton Wanderers,Fulham,0,-1
55,2019-04-27,Fulham - Cardiff City 1:0,Fulham,4-2-3-1,1,0.93,8,2,25.0,600,538,89.67,69.79,101,17,32,52,82,49,23,10,237,116,48.95,5,2,40.0,30,6,20.0,6,1,16.67,28,1,3.57,10,0,0.0,1,0,0.0,0,0,0,15,3,20.0,3,14,26,3,6,17,87,35,40.23,1,0,13,8,61.54,77,54,70.13,50,19,38.0,5,4,80.0,34,22,10,0,0,210,176,83.81,95,89,93.68,191,177,92.67,38,23,60.53,63,48,76.19,101,89,88.12,13,8,61.54,20,19,95.0,7,17.01,5.45,6.33,21.04,18.42,5.28,Fulham,Cardiff City,1,1
56,2019-04-20,AFC Bournemouth - Fulham 0:1,Fulham,4-2-3-1,1,1.94,17,7,41.18,433,375,86.61,45.77,89,16,34,39,63,33,19,11,203,86,42.36,8,1,12.5,35,9,25.71,2,2,100.0,28,5,17.86,7,5,71.43,1,0,0.0,1,1,100,14,4,28.57,4,15,24,3,6,21,71,26,36.62,0,0,15,5,33.33,53,29,54.72,45,19,42.22,3,3,100.0,42,11,18,3,0,140,118,84.29,86,83,96.51,131,109,83.21,48,24,50.0,53,40,75.47,77,62,80.52,2,0,0.0,23,20,86.96,11,18.1,4.2,11.09,20.51,18.82,11.29,AFC Bournemouth,Fulham,0,1
57,2019-04-13,Fulham - Everton 2:0,Fulham,4-2-3-1,2,1.2,11,5,45.45,289,230,79.58,43.09,124,32,51,41,86,48,31,7,268,126,47.01,4,1,25.0,21,7,33.33,2,1,50.0,24,3,12.5,7,2,28.57,2,1,50.0,0,0,0,8,5,62.5,4,8,15,3,2,13,88,28,31.82,1,0,8,1,12.5,72,51,70.83,71,32,45.07,2,1,50.0,53,29,8,2,0,124,84,67.74,39,35,89.74,80,73,91.25,42,20,47.62,38,24,63.16,72,47,65.28,7,4,57.14,22,15,68.18,8,13.35,2.47,14.53,17.75,20.42,12.04,Fulham,Everton,1,1
58,2019-04-02,Watford - Fulham 4:1,Fulham,3-4-3,1,1.37,12,6,50.0,531,465,87.57,53.78,117,37,28,52,104,57,28,19,234,127,54.27,4,2,50.0,33,9,27.27,5,2,40.0,18,1,5.56,4,0,0.0,2,0,0.0,0,0,0,20,6,30.0,5,6,25,1,11,17,86,46,53.49,2,4,14,7,50.0,71,46,64.79,40,21,52.5,7,3,42.86,60,23,4,2,0,185,148,80.0,99,94,94.95,183,167,91.26,55,35,63.64,68,51,75.0,116,95,81.9,6,4,66.67,18,17,94.44,2,18.33,5.26,10.36,15.87,19.47,7.29,Watford,Fulham,0,-1
59,2019-03-30,Fulham - Manchester City 0:2,Fulham,5-4-1,0,0.36,3,0,0.0,335,275,82.09,35.52,88,34,28,26,60,31,21,8,175,84,48.0,2,0,0.0,17,1,5.88,2,0,0.0,22,1,4.55,0,0,0.0,4,1,25.0,0,0,0,11,3,27.27,3,1,11,0,6,4,65,28,43.08,3,2,23,7,30.43,59,33,55.93,22,12,54.55,8,4,50.0,45,18,5,2,0,103,72,69.9,61,56,91.8,122,107,87.7,37,16,43.24,30,19,63.33,58,30,51.72,2,1,50.0,15,13,86.67,11,17.29,3.72,11.04,20.54,18.74,31.46,Fulham,Manchester City,1,-1
60,2019-03-17,Fulham - Liverpool 1:2,Fulham,4-3-3,1,1.0,7,2,28.57,330,269,81.52,36.75,103,24,50,29,65,36,22,7,210,98,46.67,5,1,20.0,18,5,27.78,2,2,100.0,22,0,0.0,1,0,0.0,0,0,0.0,0,0,0,8,2,25.0,3,5,12,3,4,9,67,20,29.85,4,2,15,6,40.0,70,44,62.86,37,14,37.84,11,5,45.45,57,23,11,2,0,120,87,72.5,58,53,91.38,99,83,83.84,46,22,47.83,42,26,61.9,65,40,61.54,4,1,25.0,19,15,78.95,18,17.74,3.11,13.94,21.05,19.47,13.22,Fulham,Liverpool,1,-1
61,2019-03-09,Leicester City - Fulham 3:1,Fulham,4-1-4-1,1,0.31,6,3,50.0,449,382,85.08,44.53,107,18,45,44,79,35,35,9,235,93,39.57,3,0,0.0,17,3,17.65,4,1,25.0,24,2,8.33,5,0,0.0,4,0,0.0,0,0,0,10,2,20.0,2,4,14,2,7,7,88,30,34.09,1,3,19,8,42.11,63,40,63.49,31,7,22.58,11,2,18.18,48,15,13,2,0,142,110,77.46,83,73,87.95,136,125,91.91,46,26,56.52,48,33,68.75,61,41,67.21,1,1,100.0,23,21,91.3,12,18.58,4.16,10.24,21.37,16.99,8.6,Leicester City,Fulham,0,-1
62,2019-03-03,Fulham - Chelsea 1:2,Fulham,4-4-1-1,1,1.53,12,5,41.67,372,302,81.18,37.92,87,24,26,37,52,22,20,10,178,79,44.38,7,2,28.57,24,5,20.83,5,3,60.0,22,4,18.18,5,4,80.0,3,0,0.0,0,0,0,16,6,37.5,5,7,20,1,7,16,58,21,36.21,2,2,19,7,36.84,71,42,59.15,17,5,29.41,5,2,40.0,43,18,11,2,0,125,85,68.0,52,44,84.62,137,129,94.16,45,23,51.11,43,25,58.14,59,40,67.8,7,1,14.29,19,17,89.47,8,17.71,3.68,12.1,19.58,20.72,22.19,Fulham,Chelsea,1,-1
63,2019-02-27,Southampton - Fulham 2:0,Fulham,4-3-1-2,0,1.19,12,3,25.0,525,439,83.62,55.74,128,24,62,42,88,46,29,13,268,140,52.24,7,2,28.57,20,6,30.0,0,0,0.0,29,6,20.69,4,1,25.0,1,0,0.0,0,0,0,9,2,22.22,2,8,17,1,7,10,77,31,40.26,3,2,14,4,28.57,71,52,73.24,65,31,47.69,4,4,100.0,30,14,13,1,0,155,107,69.03,76,67,88.16,207,190,91.79,60,33,55.0,61,44,72.13,96,61,63.54,5,2,40.0,24,22,91.67,11,17.89,4.95,11.43,20.74,19.27,12.22,Southampton,Fulham,0,-1
64,2019-02-22,West Ham United - Fulham 3:1,Fulham,4-4-1-1,1,0.99,7,4,57.14,451,381,84.48,44.78,120,34,51,35,84,41,34,9,243,120,49.38,4,2,50.0,20,6,30.0,0,0,0.0,23,1,4.35,0,0,0.0,1,0,0.0,0,0,0,9,3,33.33,3,5,19,0,5,7,86,38,44.19,3,3,18,7,38.89,85,55,64.71,42,14,33.33,4,2,50.0,45,28,11,1,0,157,117,74.52,69,63,91.3,141,127,90.07,45,28,62.22,60,37,61.67,93,71,76.34,6,2,33.33,12,9,75.0,10,18.82,4.6,9.98,17.85,17.96,17.3,West Ham United,Fulham,0,-1
65,2019-02-09,Fulham - Manchester United 0:3,Fulham,4-2-3-1,0,1.5,12,3,25.0,490,403,82.24,50.89,118,22,38,58,85,44,26,15,279,128,45.88,6,2,33.33,29,7,24.14,1,1,100.0,23,4,17.39,5,1,20.0,2,2,100.0,0,0,0,20,10,50.0,10,10,30,3,15,18,76,24,31.58,2,3,15,7,46.67,102,66,64.71,42,13,30.95,8,7,87.5,53,16,14,3,0,159,113,71.07,73,66,90.41,179,155,86.59,69,35,50.72,72,46,63.89,88,64,72.73,9,2,22.22,18,15,83.33,7,18.28,4.5,14.08,19.54,19.41,8.13,Fulham,Manchester United,1,-1
66,2019-02-02,Crystal Palace - Fulham 2:0,Fulham,3-4-2-1,0,0.76,6,0,0.0,593,512,86.34,58.91,122,26,40,56,74,27,34,13,206,93,45.15,3,0,0.0,28,4,14.29,3,1,33.33,20,1,5.0,1,0,0.0,2,0,0.0,0,0,0,25,10,40.0,6,4,25,1,16,10,74,26,35.14,1,2,16,8,50.0,65,35,53.85,45,21,46.67,6,2,33.33,50,23,12,3,0,194,149,76.8,104,97,93.27,182,166,91.21,52,32,61.54,69,51,73.91,78,62,79.49,3,1,33.33,16,15,93.75,11,19.07,6.11,8.77,16.78,17.01,7.79,Crystal Palace,Fulham,0,-1
67,2019-01-29,Fulham - Brighton & Hove Albion 4:2,Fulham,3-4-3,4,2.63,20,8,40.0,623,534,85.71,60.22,130,32,40,58,98,49,27,22,260,126,48.46,7,3,42.86,42,14,33.33,2,1,50.0,19,5,26.32,10,2,20.0,0,0,0.0,0,0,0,28,9,32.14,9,12,38,0,19,28,80,33,41.25,1,2,14,7,50.0,69,47,68.12,66,25,37.88,3,1,33.33,49,27,10,2,0,193,153,79.27,98,92,93.88,225,196,87.11,66,38,57.58,75,59,78.67,123,96,78.05,5,3,60.0,20,20,100.0,4,19.08,5.32,10.59,15.63,20.01,9.56,Fulham,Brighton & Hove Albion,1,1
68,2019-01-20,Fulham - Tottenham Hotspur 1:2,Fulham,3-4-2-1,1,0.87,13,4,30.77,234,172,73.5,27.37,107,35,32,40,82,45,28,9,234,91,38.89,6,1,16.67,18,5,27.78,2,2,100.0,26,6,23.08,7,4,57.14,3,1,33.33,0,0,0,11,7,63.64,5,4,14,1,7,16,64,12,18.75,7,2,13,6,46.15,69,36,52.17,55,24,43.64,8,2,25.0,53,36,10,2,0,90,59,65.56,41,33,80.49,68,53,77.94,47,21,44.68,38,20,52.63,67,40,59.7,3,2,66.67,19,18,94.74,11,16.39,2.21,20.09,21.08,21.82,15.61,Fulham,Tottenham Hotspur,1,-1
69,2019-01-12,Burnley - Fulham 2:1,Fulham,3-4-2-1,1,0.95,10,4,40.0,562,465,82.74,56.13,134,25,45,64,110,47,47,16,213,95,44.6,3,2,66.67,35,8,22.86,1,0,0.0,22,2,9.09,6,1,16.67,2,0,0.0,0,0,0,31,8,25.81,6,3,30,1,19,12,56,19,33.93,0,2,9,2,22.22,57,36,63.16,59,28,47.46,4,2,50.0,76,25,9,2,0,180,136,75.56,88,84,95.45,195,166,85.13,62,35,56.45,71,53,74.65,79,61,77.22,6,2,33.33,23,16,69.57,11,17.91,4.43,11.03,16.96,18.23,7.88,Burnley,Fulham,0,-1
70,2019-01-01,Arsenal - Fulham 4:1,Fulham,3-4-3,1,1.23,9,4,44.44,359,284,79.11,41.32,114,22,42,50,84,42,29,13,218,94,43.12,4,0,0.0,23,6,26.09,3,0,0.0,19,2,10.53,3,1,33.33,3,0,0.0,0,0,0,17,7,41.18,7,4,17,0,6,14,52,22,42.31,4,4,15,9,60.0,81,43,53.09,40,14,35.0,4,1,25.0,53,25,12,1,0,143,103,72.03,54,47,87.04,114,99,86.84,48,27,56.25,55,39,70.91,92,65,70.65,7,1,14.29,11,11,100.0,8,16.89,3.26,13.37,18.13,20.73,12.63,Arsenal,Fulham,0,-1
71,2018-12-29,Fulham - Huddersfield Town 1:0,Fulham,3-4-1-2,1,2.66,10,5,50.0,373,300,80.43,40.96,104,17,38,49,89,39,36,14,235,107,45.53,1,0,0.0,33,6,18.18,3,1,33.33,21,2,9.52,4,2,50.0,4,0,0.0,1,0,0,15,7,46.67,7,9,17,0,8,16,62,21,33.87,3,0,8,4,50.0,53,34,64.15,65,34,52.31,2,1,50.0,32,22,12,3,0,120,85,70.83,53,47,88.68,127,111,87.4,63,37,58.73,61,37,60.66,78,62,79.49,2,2,100.0,23,21,91.3,7,17.76,3.49,16.89,11.28,20.79,14.41,Fulham,Huddersfield Town,1,1
72,2018-12-26,Fulham - Wolverhampton Wanderers 1:1,Fulham,5-4-1,1,1.83,10,5,50.0,261,200,76.63,31.41,89,15,35,39,73,35,31,7,285,125,43.86,2,1,50.0,23,5,21.74,5,2,40.0,19,3,15.79,2,2,100.0,2,0,0.0,0,0,0,10,4,40.0,4,4,18,1,8,11,65,22,33.85,0,1,13,4,30.77,79,51,64.56,69,27,39.13,8,5,62.5,41,28,9,2,0,101,67,66.34,38,32,84.21,73,59,80.82,46,26,56.52,42,23,54.76,62,44,70.97,2,0,0.0,24,21,87.5,18,15.34,2.61,17.62,13.47,20.96,20.14,Fulham,Wolverhampton Wanderers,1,0
73,2018-12-22,Newcastle United - Fulham 0:0,Fulham,5-4-1,0,0.5,4,2,50.0,431,359,83.29,48.1,119,28,47,44,95,46,40,9,269,124,46.1,2,1,50.0,17,3,17.65,4,0,0.0,19,0,0.0,0,0,0.0,3,0,0.0,0,0,0,10,1,10.0,3,7,17,2,4,8,91,26,28.57,4,0,10,0,0.0,69,46,66.67,53,26,49.06,10,7,70.0,56,35,12,2,0,141,102,72.34,71,67,94.37,141,122,86.52,48,27,56.25,49,26,53.06,60,42,70.0,7,2,28.57,20,18,90.0,11,15.6,4.07,11.14,19.71,17.56,12.58,Newcastle United,Fulham,0,0
74,2018-12-15,Fulham - West Ham United 0:2,Fulham,4-4-1-1,0,1.2,16,5,31.25,483,389,80.54,53.14,124,19,27,78,95,42,37,16,242,119,49.17,9,2,22.22,56,11,19.64,2,0,0.0,24,5,20.83,6,3,50.0,1,1,100.0,0,0,0,25,6,24.0,6,8,28,2,15,16,85,42,49.41,6,2,5,3,60.0,58,34,58.62,43,21,48.84,9,5,55.56,45,18,14,2,0,177,127,71.75,57,52,91.23,166,141,84.94,45,22,48.89,78,61,78.21,91,71,78.02,7,1,14.29,25,22,88.0,7,17.94,3.77,9.32,20.97,18.68,10.19,Fulham,West Ham United,1,-1
75,2018-12-08,Manchester United - Fulham 4:1,Fulham,4-2-3-1,1,1.27,9,4,44.44,355,285,80.28,36.18,106,23,31,52,82,44,28,10,210,95,45.24,5,3,60.0,28,6,21.43,0,0,0.0,26,2,7.69,3,0,0.0,2,0,0.0,1,1,100,12,2,16.67,2,3,12,1,5,8,64,29,45.31,3,4,20,11,55.0,75,43,57.33,39,15,38.46,4,1,25.0,61,23,15,2,1,134,95,70.9,43,36,83.72,110,100,90.91,40,23,57.5,54,36,66.67,63,45,71.43,7,2,28.57,16,13,81.25,10,19.04,3.14,11.27,19.29,18.54,11.2,Manchester United,Fulham,0,-1
76,2018-12-05,Fulham - Leicester City 1:1,Fulham,4-4-1-1,1,2.2,22,6,27.27,305,213,69.84,42.36,131,19,49,63,83,34,29,20,251,109,43.43,10,3,30.0,37,10,27.03,1,1,100.0,25,9,36.0,10,5,50.0,4,1,25.0,0,0,0,13,2,15.38,2,9,24,3,7,17,75,25,33.33,3,1,13,5,38.46,56,32,57.14,59,25,42.37,0,0,0.0,49,7,12,0,0,137,86,62.77,50,42,84.0,62,48,77.42,54,27,50.0,56,35,62.5,93,63,67.74,7,6,85.71,31,29,93.55,9,17.03,2.46,17.7,17.43,22.19,9.34,Fulham,Leicester City,1,0
77,2018-12-02,Chelsea - Fulham 2:0,Fulham,4-3-1-2,0,0.5,10,4,40.0,351,275,78.35,34.28,98,26,34,38,76,37,26,13,215,116,53.95,7,2,28.57,21,6,28.57,2,0,0.0,18,3,16.67,6,2,33.33,2,0,0.0,0,0,0,17,4,23.53,4,4,14,1,9,9,69,36,52.17,2,2,16,10,62.5,82,55,67.07,26,8,30.77,7,4,57.14,38,13,16,1,0,123,85,69.11,61,57,93.44,106,89,83.96,66,39,59.09,48,33,68.75,81,52,64.2,7,3,42.86,27,25,92.59,5,18.27,3.44,18.8,23.15,20.88,15.97,Chelsea,Fulham,0,-1
78,2018-11-24,Fulham - Southampton 3:2,Fulham,4-4-1-1,3,1.55,10,5,50.0,354,272,76.84,38.73,122,35,32,55,89,47,32,10,210,108,51.43,3,0,0.0,25,5,20.0,6,2,33.33,15,3,20.0,2,1,50.0,1,1,100.0,0,0,0,9,4,44.44,4,7,17,2,5,16,56,22,39.29,4,2,16,8,50.0,63,36,57.14,38,22,57.89,3,1,33.33,60,35,10,2,0,156,99,63.46,45,40,88.89,117,101,86.32,57,23,40.35,74,45,60.81,87,65,74.71,7,3,42.86,21,16,76.19,10,16.72,3.44,16.1,16.18,21.64,25.0,Fulham,Southampton,1,1
79,2018-11-11,Liverpool - Fulham 2:0,Fulham,4-4-1-1,0,0.76,7,3,42.86,254,181,71.26,29.76,98,30,35,33,55,34,16,5,190,83,43.68,5,2,40.0,16,3,18.75,4,2,50.0,25,2,8.0,3,0,0.0,0,0,0.0,0,0,0,10,1,10.0,2,2,11,1,5,4,78,28,35.9,4,2,20,7,35.0,60,36,60.0,20,6,30.0,2,0,0.0,62,26,9,1,0,105,59,56.19,34,30,88.24,72,56,77.78,40,17,42.5,44,21,47.73,53,25,47.17,2,0,0.0,30,27,90.0,12,15.93,2.19,15.75,19.93,20.18,24.43,Liverpool,Fulham,0,-1
80,2018-11-05,Huddersfield Town - Fulham 1:0,Fulham,4-3-3,0,0.38,6,0,0.0,440,354,80.45,52.43,129,32,60,37,98,54,39,5,261,115,44.06,1,0,0.0,25,2,8.0,0,0,0.0,26,3,11.54,4,3,75.0,2,0,0.0,0,0,0,5,1,20.0,1,3,11,3,2,7,78,26,33.33,6,1,9,3,33.33,59,40,67.8,68,33,48.53,6,2,33.33,47,32,8,2,0,180,121,67.22,79,76,96.2,114,102,89.47,65,34,52.31,56,33,58.93,84,52,61.9,10,2,20.0,45,40,88.89,11,18.18,3.24,14.77,16.2,19.27,9.27,Huddersfield Town,Fulham,0,-1
81,2018-10-27,Fulham - AFC Bournemouth 0:3,Fulham,4-4-1-1,0,0.4,8,1,12.5,533,451,84.62,52.32,93,18,33,42,73,33,32,8,185,90,48.65,3,1,33.33,25,5,20.0,6,0,0.0,17,3,17.65,5,2,40.0,0,0,0.0,0,0,0,14,3,21.43,1,2,27,4,8,9,58,23,39.66,1,3,11,5,45.45,54,29,53.7,43,27,62.79,8,1,12.5,51,26,15,3,1,164,112,68.29,77,74,96.1,223,205,91.93,45,18,40.0,68,43,63.24,73,55,75.34,8,0,0.0,15,14,93.33,11,18.09,5.44,8.44,18.81,20.82,9.94,Fulham,AFC Bournemouth,1,-1
82,2018-10-20,Cardiff City - Fulham 4:2,Fulham,4-1-4-1,2,0.73,8,4,50.0,447,372,83.22,60.63,135,31,64,40,95,49,31,15,254,112,44.09,6,2,33.33,20,3,15.0,4,0,0.0,26,3,11.54,4,1,25.0,4,0,0.0,0,0,0,6,2,33.33,2,9,14,0,3,8,63,24,38.1,0,4,22,7,31.82,65,36,55.38,80,30,37.5,3,2,66.67,46,24,16,3,0,161,119,73.91,60,54,90.0,132,116,87.88,57,30,52.63,46,30,65.22,78,56,71.79,10,4,40.0,17,13,76.47,13,16.39,4.3,12.75,22.0,17.59,6.67,Cardiff City,Fulham,0,-1
83,2018-10-07,Fulham - Arsenal 1:5,Fulham,3-4-3,1,1.47,19,4,21.05,456,377,82.68,50.69,99,11,26,62,95,37,41,17,213,106,49.77,14,2,14.29,39,14,35.9,1,0,0.0,25,5,20.0,4,3,75.0,1,1,100.0,0,0,0,15,7,46.67,7,5,27,0,11,13,65,17,26.15,4,5,9,7,77.78,67,41,61.19,41,27,65.85,4,1,25.0,53,12,11,2,0,174,130,74.71,64,60,93.75,168,150,89.29,59,30,50.85,88,64,72.73,106,93,87.74,8,4,50.0,12,10,83.33,10,17.55,4.3,12.94,23.82,21.9,8.23,Fulham,Arsenal,1,-1
84,2018-09-29,Everton - Fulham 3:0,Fulham,4-2-3-1,0,0.49,6,0,0.0,375,320,85.33,47.55,92,20,33,39,69,34,30,5,263,115,43.73,4,0,0.0,31,4,12.9,3,1,33.33,21,1,4.76,1,0,0.0,0,0,0.0,0,0,0,7,2,28.57,1,7,14,1,4,7,93,29,31.18,0,3,16,6,37.5,81,48,59.26,53,25,47.17,2,1,50.0,47,18,13,3,0,131,103,78.63,65,63,96.92,127,113,88.98,48,26,54.17,58,43,74.14,79,65,82.28,1,0,0.0,28,26,92.86,6,17.04,3.68,12.8,21.01,19.56,12.71,Everton,Fulham,0,-1
85,2018-09-22,Fulham - Watford 1:1,Fulham,4-3-3,1,1.54,15,3,20.0,519,413,79.58,61.76,128,22,57,49,108,57,40,11,244,111,45.49,6,1,16.67,25,8,32.0,8,3,37.5,29,4,13.79,8,3,37.5,1,0,0.0,0,0,0,20,7,35.0,9,4,25,2,14,18,75,28,37.33,4,1,12,6,50.0,54,32,59.26,56,27,48.21,9,4,44.44,70,21,12,2,0,192,135,70.31,80,72,90.0,173,142,82.08,64,35,54.69,59,41,69.49,104,63,60.58,6,0,0.0,18,16,88.89,9,17.72,4.12,12.33,18.0,19.21,7.24,Fulham,Watford,1,0
86,2018-09-15,Manchester City - Fulham 3:0,Fulham,4-3-3,0,0.46,7,3,42.86,371,316,85.18,36.59,83,27,25,31,52,28,18,6,178,69,38.76,7,3,42.86,14,3,21.43,12,3,25.0,23,1,4.35,4,1,25.0,0,0,0.0,0,0,0,10,3,30.0,2,6,14,2,6,8,49,21,42.86,2,3,23,9,39.13,56,30,53.57,26,8,30.77,10,2,20.0,59,27,7,0,0,132,111,84.09,70,66,94.29,107,89,83.18,43,24,55.81,35,25,71.43,57,43,75.44,5,4,80.0,14,11,78.57,11,17.18,3.86,11.59,27.31,19.16,21.68,Manchester City,Fulham,0,-1
87,2018-09-01,Brighton & Hove Albion - Fulham 2:2,Fulham,4-3-3,2,1.47,9,5,55.56,528,458,86.74,54.59,94,22,39,33,72,41,24,7,239,112,46.86,4,1,25.0,30,5,16.67,3,1,33.33,21,2,9.52,1,0,0.0,1,0,0.0,0,0,0,11,1,9.09,1,6,17,1,6,9,103,47,45.63,4,2,15,5,33.33,69,37,53.62,31,14,45.16,5,2,40.0,55,27,14,3,0,151,114,75.5,82,76,92.68,204,186,91.18,40,19,47.5,60,45,75.0,63,41,65.08,3,3,100.0,21,20,95.24,9,19.8,5.23,7.58,18.8,17.73,9.21,Brighton & Hove Albion,Fulham,0,0
88,2018-08-26,Fulham - Burnley 4:2,Fulham,4-3-3,4,2.46,26,12,46.15,547,482,88.12,61.38,93,24,28,41,76,46,20,10,181,70,38.67,16,5,31.25,31,15,48.39,7,3,42.86,26,8,30.77,6,3,50.0,0,0,0.0,0,0,0,19,11,57.89,11,11,30,2,9,25,60,17,28.33,0,2,11,2,18.18,37,21,56.76,42,14,33.33,5,2,40.0,42,23,11,2,0,176,135,76.7,83,79,95.18,185,171,92.43,57,28,49.12,70,44,62.86,83,70,84.34,8,3,37.5,18,18,100.0,9,18.63,5.11,10.42,20.51,19.28,16.15,Fulham,Burnley,1,1
89,2018-08-18,Tottenham Hotspur - Fulham 3:1,Fulham,4-1-4-1,1,1.31,8,3,37.5,440,366,83.18,40.18,88,29,37,22,84,53,22,9,204,101,49.51,4,1,25.0,19,4,21.05,3,1,33.33,21,3,14.29,2,0,0.0,0,0,0.0,0,0,0,8,2,25.0,3,8,17,1,4,11,69,24,34.78,3,3,24,11,45.83,68,47,69.12,27,12,44.44,6,2,33.33,34,15,5,0,0,136,96,70.59,67,64,95.52,145,124,85.52,56,35,62.5,37,21,56.76,80,43,53.75,7,0,0.0,12,10,83.33,9,18.84,4.4,12.73,18.43,18.21,33.27,Tottenham Hotspur,Fulham,0,-1
90,2018-08-11,Fulham - Crystal Palace 0:2,Fulham,4-1-4-1,0,0.76,14,6,42.86,677,601,88.77,66.09,106,17,25,64,100,45,41,14,275,144,52.36,8,2,25.0,37,9,24.32,3,1,33.33,23,3,13.04,5,1,20.0,1,0,0.0,0,0,0,29,11,37.93,9,7,37,4,19,18,77,33,42.86,2,2,11,9,81.82,98,67,68.37,39,13,33.33,14,11,78.57,44,28,9,1,0,170,144,84.71,92,89,96.74,280,247,88.21,48,27,56.25,80,55,68.75,77,62,80.52,7,1,14.29,16,13,81.25,4,17.14,5.64,7.09,20.02,17.84,5.23,Fulham,Crystal Palace,1,-1
