,Date,Match,Competition,Duration,Team,Scheme,Goals,xG,Shots,Shots on Target,Shot Accuracy,Passes,Passes on Target,Pass Accuracy,"Possession, %",Losses,Low Losses,Medium Losses,High Losses,Recoveries,Low Recoveries,Medium Recoveries,High Recoveries,Duels,Duels won,Duel win %,Shots from outside,Shots from outside on target,Shots from outside accuracy,Positional attacks,Positional attacks with shots,Positional attacks with shots %,Counterattacks,Counterattacks with shots,Counterattacks with shots %,Set pieces,Set pieces with shots,Set pieces with shots %,Corners,Corners with shots,Corners with shots %,Free kicks,Free kicks with shots,Free kicks with shots %,Penalties,Penalties converted,Penalties converted %,Crosses,Crosses accurate,Crosses accurate %,Deep completed crosses,Deep completed passes,Penalty area entries (runs / crosses),Penalty area entries runs,Penalty area entries crosses,Touches in penalty area,Offensive duels,Offensive duels won,Offensive duels won %,Offsides,Conceded goals,Shots against,Shots against on target,Shots against on target %,Defensive duels,Defensive duels won,Defensive duels won %,Aerial duels,Aerial duels won,Aerial duels won %,Sliding tackles,Sliding tackles successful,Sliding tackles successful %,Interceptions,Clearances,Fouls,Yellow cards,Red cards,Forward passes,Forward passes accurate,Forward passes accurate %,Back passes,Back passes accurate,Back passes accurate %,Lateral passes,Lateral passes accurate,Lateral passes accurate %,Long passes,Long passes accurate,Long passes accurate %,Passes to final third,Passes to final third accurate,Passes to final third accurate %,Progressive passes,Progressive passes accurate,Progressive passes accurate %,Smart passes,Smart passes accurate,Smart passes accurate %,Throw ins,Throw ins accurate,Throw ins accurate %,Goal kicks,Match tempo,Average passes per possession,Long pass %,Average shot distance,Average pass length,PPDA,Home Team,Away Team,Score
0,2022-11-12,Manchester City - Brentford 1:2,England. Premier League,106,Manchester City,4-3-3 (85.19%),1,2.33,25,5,20.0,622,529,85.05,72.39,112,14,28,70,101,37,34,30,202,96,47.52,12,3,25.0,48,14,29.17,2,2,100.0,23,9,39.13,10,5,50.0,1,0,0.0,0,0,0,45,13,28.89,10,25,71,8,29,54,59,26,44.07,2,2,10,8,80.0,33,18,54.55,61,36,59.02,2,0,0.0,36,12,8,2,0,159,122,76.73,72,68,94.44,277,242,87.36,36,19,52.78,71,60,84.51,65,52,80.0,14,8,57.14,16,16,100.0,4,16.9,6.48,5.79,20.25,19.13,4.18,Manchester City,Brentford,1:2
1,2022-11-05,Manchester City - Fulham 2:1,England. Premier League,100,Manchester City,4-3-3 (25.4%),2,2.25,17,5,29.41,705,643,91.21,72.47,85,10,21,54,72,18,37,17,161,84,52.17,4,1,25.0,40,11,27.5,3,1,33.33,22,3,13.64,9,2,22.22,6,2,33.33,1,1,100,25,12,48.0,13,9,31,5,15,29,68,28,41.18,3,1,4,2,50.0,49,34,69.39,22,11,50.0,1,1,100.0,22,5,6,2,1,180,151,83.89,111,108,97.3,319,299,93.73,41,27,65.85,78,66,84.62,74,66,89.19,11,6,54.55,20,20,100.0,2,15.95,7.58,5.82,17.9,19.31,9.2,Manchester City,Fulham,2:1
2,2022-10-29,Leicester City - Manchester City 0:1,England. Premier League,95,Manchester City,4-3-3 (100.0%),1,0.84,15,5,33.33,685,621,90.66,67.84,76,5,17,54,72,27,23,22,144,68,47.22,9,2,22.22,41,9,21.95,3,1,33.33,21,4,19.05,10,4,40.0,1,0,0.0,0,0,0,23,7,30.43,8,17,46,6,15,26,49,21,42.86,1,0,8,4,50.0,35,19,54.29,34,19,55.88,2,2,100.0,29,8,10,0,0,137,112,81.75,89,87,97.75,345,326,94.49,48,34,70.83,95,82,86.32,71,55,77.46,14,6,42.86,13,13,100.0,6,16.39,7.97,7.01,21.19,19.11,11.5,Leicester City,Manchester City,0:1
3,2022-10-22,Manchester City - Brighton 3:1,England. Premier League,99,Manchester City,4-3-3 (100.0%),3,2.06,10,4,40.0,399,341,85.46,48.34,82,15,34,33,71,30,23,18,162,76,46.91,1,1,100.0,23,3,13.04,3,1,33.33,29,5,17.24,6,2,33.33,1,1,100.0,1,1,100,9,2,22.22,3,11,24,1,5,18,66,33,50.0,0,1,8,2,25.0,52,26,50.0,13,4,30.77,0,0,0.0,50,21,11,1,0,122,95,77.87,64,61,95.31,129,113,87.6,35,16,45.71,36,26,72.22,60,45,75.0,12,5,41.67,8,7,87.5,9,16.1,4.75,8.77,13.56,18.99,9.97,Manchester City,Brighton,3:1
4,2022-10-16,Liverpool - Manchester City 1:0,England. Premier League,101,Manchester City,3-4-2-1 (100.0%),0,1.08,14,5,35.71,671,589,87.78,62.1,120,15,44,61,86,24,44,18,199,113,56.78,6,1,16.67,39,10,25.64,0,0,0.0,27,4,14.81,6,3,50.0,3,0,0.0,0,0,0,24,7,29.17,7,16,39,9,15,27,68,26,38.24,0,1,14,2,14.29,68,51,75.0,40,27,67.5,3,2,66.67,53,16,7,1,0,217,179,82.49,97,94,96.91,262,240,91.6,52,33,63.46,75,56,74.67,89,74,83.15,5,3,60.0,19,16,84.21,11,18.75,6.51,7.75,19.15,18.59,7.24,Liverpool,Manchester City,1:0
5,2022-10-08,Manchester City - Southampton 4:0,England. Premier League,97,Manchester City,4-2-3-1 (74.88%),4,2.23,19,7,36.84,717,649,90.52,62.19,94,12,45,37,97,31,58,8,230,116,50.43,1,0,0.0,25,10,40.0,6,3,50.0,22,6,27.27,9,3,33.33,0,0,0.0,0,0,0,28,12,42.86,11,9,40,16,11,51,78,29,37.18,1,0,5,0,0.0,58,41,70.69,38,20,52.63,1,1,100.0,24,9,4,0,0,199,176,88.44,120,112,93.33,273,255,93.41,44,33,75.0,53,45,84.91,80,62,77.5,12,7,58.33,11,9,81.82,4,17.81,7.63,6.14,15.68,17.82,12.48,Manchester City,Southampton,4:0
6,2022-10-02,Manchester City - Manchester United 6:3,England. Premier League,94,Manchester City,4-3-3 (81.76%),6,4.35,22,9,40.91,520,462,88.85,56.12,59,12,19,28,59,26,21,12,141,80,56.74,5,1,20.0,34,14,41.18,3,2,66.67,20,5,25.0,5,3,60.0,4,0,0.0,0,0,0,13,7,53.85,7,15,26,8,4,45,54,31,57.41,1,3,13,8,61.54,45,26,57.78,18,9,50.0,1,1,100.0,37,7,3,0,0,122,101,82.79,98,90,91.84,237,221,93.25,36,25,69.44,38,30,78.95,52,39,75.0,3,2,66.67,11,11,100.0,8,16.48,5.98,6.92,15.13,19.83,13.46,Manchester City,Manchester United,6:3
7,2022-09-17,Wolverhampton Wanderers - Manchester City 0:3,England. Premier League,97,Manchester City,4-3-3 (76.9%),3,2.03,14,5,35.71,603,551,91.38,57.23,74,13,25,36,74,32,28,14,182,89,48.9,10,3,30.0,37,12,32.43,2,0,0.0,19,2,10.53,7,2,28.57,1,0,0.0,0,0,0,13,4,30.77,4,13,26,6,6,26,69,25,36.23,1,0,6,1,16.67,71,41,57.75,14,11,78.57,1,1,100.0,47,9,9,1,0,187,159,85.03,119,114,95.8,221,209,94.57,30,22,73.33,47,41,87.23,72,55,76.39,9,3,33.33,16,16,100.0,6,17.95,6.63,4.98,19.74,17.68,12.0,Wolverhampton Wanderers,Manchester City,0:3
8,2022-09-03,Aston Villa - Manchester City 1:1,England. Premier League,96,Manchester City,4-3-3 (100.0%),1,1.77,12,4,33.33,728,654,89.84,70.68,88,8,32,48,84,32,39,13,152,72,47.37,5,0,0.0,38,10,26.32,1,0,0.0,17,1,5.88,4,1,25.0,1,0,0.0,0,0,0,16,9,56.25,7,15,37,3,9,33,52,15,28.85,2,1,3,1,33.33,37,24,64.86,48,27,56.25,2,1,50.0,35,9,6,0,0,218,178,81.65,130,125,96.15,301,284,94.35,45,25,55.56,85,61,71.76,94,82,87.23,9,2,22.22,19,17,89.47,3,18.34,7.83,6.18,17.11,20.54,6.63,Aston Villa,Manchester City,1:1
9,2022-08-31,Manchester City - Nottingham Forest 6:0,England. Premier League,93,Manchester City,4-4-2 (74.17%),6,3.01,16,10,62.5,771,711,92.22,74.22,69,8,19,42,71,16,38,17,136,63,46.32,6,2,33.33,32,7,21.88,2,2,100.0,23,7,30.43,10,4,40.0,2,1,50.0,0,0,0,24,5,20.83,5,14,35,6,12,31,51,18,35.29,2,0,8,1,12.5,35,18,51.43,27,18,66.67,3,2,66.67,20,9,9,0,0,194,169,87.11,130,129,99.23,328,304,92.68,40,25,62.5,80,63,78.75,65,56,86.15,9,5,55.56,16,16,100.0,5,18.15,8.66,5.19,15.88,18.74,8.29,Manchester City,Nottingham Forest,6:0
10,2022-08-27,Manchester City - Crystal Palace 4:2,England. Premier League,99,Manchester City,4-3-3 (100.0%),4,1.62,18,5,27.78,770,707,91.82,74.47,79,1,13,65,70,16,31,23,171,82,47.95,4,1,25.0,42,13,30.95,1,0,0.0,17,5,29.41,6,2,33.33,2,0,0.0,0,0,0,35,17,48.57,16,16,54,5,24,40,60,19,31.67,2,2,2,3,150.0,56,36,64.29,27,16,59.26,1,1,100.0,21,3,14,1,0,202,170,84.16,110,108,98.18,312,294,94.23,50,31,62.0,115,99,86.09,80,76,95.0,11,5,45.45,18,18,100.0,2,18.29,10.0,6.49,16.16,17.68,5.08,Manchester City,Crystal Palace,4:2
11,2022-08-21,Newcastle United - Manchester City 3:3,England. Premier League,102,Manchester City,4-3-3 (100.0%),3,3.35,21,10,47.62,588,521,88.61,65.4,84,18,27,39,82,37,29,16,192,91,47.4,7,3,42.86,36,11,30.56,1,1,100.0,24,8,33.33,5,2,40.0,5,1,20.0,0,0,0,16,7,43.75,7,9,34,8,12,32,67,37,55.22,1,3,12,5,41.67,47,24,51.06,32,14,43.75,1,0,0.0,30,10,7,2,0,163,133,81.6,86,84,97.67,234,216,92.31,49,29,59.18,68,53,77.94,82,62,75.61,12,9,75.0,18,14,77.78,5,17.54,5.94,8.33,17.64,18.46,9.61,Newcastle United,Manchester City,3:3
12,2022-08-13,Manchester City - Bournemouth 4:0,England. Premier League,97,Manchester City,4-2-3-1 (100.0%),4,2.48,19,8,42.11,695,645,92.81,68.64,61,7,12,42,74,20,35,19,151,73,48.34,8,2,25.0,39,7,17.95,3,3,100.0,22,8,36.36,11,5,45.45,2,0,0.0,0,0,0,19,6,31.58,8,16,43,6,10,34,52,26,50.0,2,0,4,1,25.0,34,19,55.88,29,12,41.38,0,0,0.0,33,3,9,0,0,203,178,87.68,114,110,96.49,297,284,95.62,37,24,64.86,101,86,85.15,103,91,88.35,7,5,71.43,11,10,90.91,1,18.79,9.03,5.32,18.94,19.2,7.36,Manchester City,Bournemouth,4:0
13,2022-08-07,West Ham United - Manchester City 0:2,England. Premier League,97,Manchester City,4-3-3 (100.0%),2,2.29,13,2,15.38,823,762,92.59,74.75,76,10,22,44,67,23,31,13,134,76,56.72,5,0,0.0,32,8,25.0,2,0,0.0,21,3,14.29,4,1,25.0,1,0,0.0,1,1,100,19,4,21.05,4,10,31,7,9,27,57,35,61.4,1,0,5,1,20.0,27,16,59.26,28,15,53.57,1,1,100.0,21,10,4,1,0,231,210,90.91,170,166,97.65,288,265,92.01,42,30,71.43,65,56,86.15,79,70,88.61,11,3,27.27,12,10,83.33,5,17.97,9.57,5.1,18.13,17.05,16.92,West Ham United,Manchester City,0:2
14,2022-05-22,Manchester City - Aston Villa 3:2,England. Premier League,98,Manchester City,4-3-3 (100.0%),3,2.62,20,4,20.0,591,524,88.66,72.12,97,8,11,78,81,17,42,22,180,93,51.67,6,1,16.67,57,12,21.05,2,2,100.0,29,5,17.24,13,2,15.38,5,1,20.0,0,0,0,27,10,37.04,10,20,60,14,16,47,84,43,51.19,1,2,4,2,50.0,39,25,64.1,42,19,45.24,1,0,0.0,28,6,5,0,0,169,136,80.47,95,93,97.89,258,234,90.7,40,25,62.5,86,71,82.56,93,79,84.95,9,4,44.44,29,28,96.55,3,16.19,5.09,6.77,16.21,20.46,5.97,Manchester City,Aston Villa,3:2
15,2022-05-15,West Ham United - Manchester City 2:2,England. Premier League,98,Manchester City,4-3-3 (100.0%),2,3.45,29,8,27.59,668,600,89.82,77.31,85,10,17,58,74,17,36,21,169,86,50.89,14,4,28.57,51,22,43.14,1,0,0.0,24,4,16.67,9,2,22.22,4,0,0.0,1,0,0,37,17,45.95,14,17,54,11,26,43,57,28,49.12,0,2,6,2,33.33,33,22,66.67,33,20,60.61,2,1,50.0,16,11,5,1,0,172,139,80.81,96,92,95.83,285,264,92.63,48,30,62.5,80,68,85.0,75,66,88.0,8,3,37.5,15,14,93.33,5,15.22,6.96,7.19,19.65,17.08,9.2,West Ham United,Manchester City,2:2
16,2022-05-11,Wolverhampton Wanderers - Manchester City 1:5,England. Premier League,95,Manchester City,4-2-3-1 (100.0%),5,2.35,16,5,31.25,773,703,90.94,65.81,77,8,20,49,75,28,34,13,128,64,50.0,3,1,33.33,40,16,40.0,1,0,0.0,8,0,0.0,2,0,0.0,0,0,0.0,0,0,0,16,3,18.75,2,16,38,2,7,23,41,14,34.15,2,1,6,3,50.0,50,30,60.0,16,12,75.0,2,2,100.0,32,9,10,1,0,197,160,81.22,130,129,99.23,343,322,93.88,44,35,79.55,74,59,79.73,94,81,86.17,9,5,55.56,13,13,100.0,2,19.85,9.31,5.69,16.43,19.36,12.13,Wolverhampton Wanderers,Manchester City,1:5
17,2022-05-08,Manchester City - Newcastle United 5:0,England. Premier League,95,Manchester City,4-2-3-1 (100.0%),5,3.11,19,8,42.11,678,615,90.71,70.01,78,3,25,50,71,18,35,18,166,85,51.2,7,1,14.29,30,11,36.67,7,2,28.57,27,5,18.52,8,3,37.5,1,0,0.0,0,0,0,16,4,25.0,4,22,48,12,6,45,65,28,43.08,1,0,7,3,42.86,44,24,54.55,39,24,61.54,0,0,0.0,26,7,5,1,0,152,126,82.89,81,79,97.53,329,304,92.4,44,28,63.64,59,46,77.97,74,61,82.43,13,7,53.85,11,11,100.0,5,18.26,7.14,6.49,16.88,18.15,7.26,Manchester City,Newcastle United,5:0
18,2022-04-30,Leeds United - Manchester City 0:4,England. Premier League,101,Manchester City,4-2-3-1 (52.65%),4,2.23,19,6,31.58,596,527,88.42,63.38,93,14,34,45,91,37,33,21,189,101,53.44,7,1,14.29,45,12,26.67,2,2,100.0,25,5,20.0,6,1,16.67,4,3,75.0,0,0,0,10,1,10.0,1,14,26,7,2,36,106,56,52.83,1,0,6,2,33.33,37,18,48.65,21,16,76.19,2,1,50.0,48,18,3,2,0,174,137,78.74,95,91,95.79,240,227,94.58,48,23,47.92,64,44,68.75,69,51,73.91,5,1,20.0,20,18,90.0,3,16.9,5.01,8.05,16.63,19.08,12.8,Leeds United,Manchester City,0:4
19,2022-04-23,Manchester City - Watford 5:1,England. Premier League,95,Manchester City,4-2-3-1 (100.0%),5,2.56,15,8,53.33,686,610,88.92,71.78,91,4,23,64,75,29,29,17,164,88,53.66,3,1,33.33,43,11,25.58,0,0,0.0,23,3,13.04,11,2,18.18,1,0,0.0,1,1,100,18,8,44.44,7,15,35,8,5,38,54,26,48.15,0,1,5,2,40.0,68,41,60.29,12,6,50.0,2,1,50.0,31,9,9,1,0,167,131,78.44,98,96,97.96,298,274,91.95,58,31,53.45,108,90,83.33,88,76,86.36,10,4,40.0,13,13,100.0,3,17.82,7.38,8.45,17.01,19.35,6.79,Manchester City,Watford,5:1
20,2022-04-20,Manchester City - Brighton 3:0,England. Premier League,95,Manchester City,4-2-3-1 (100.0%),3,1.75,17,5,29.41,659,578,87.71,61.29,99,20,29,50,84,46,21,17,184,81,44.02,8,3,37.5,43,10,23.26,4,3,75.0,18,4,22.22,7,4,57.14,1,0,0.0,0,0,0,18,3,16.67,4,12,34,8,6,28,71,18,25.35,1,0,3,1,33.33,50,27,54.0,31,16,51.61,4,2,50.0,37,12,12,0,0,199,150,75.38,101,97,96.04,268,250,93.28,42,25,59.52,73,62,84.93,97,71,73.2,4,1,25.0,16,16,100.0,3,17.37,6.59,6.37,20.5,19.43,9.46,Manchester City,Brighton,3:0
21,2022-04-10,Manchester City - Liverpool 2:2,England. Premier League,96,Manchester City,4-2-3-1 (100.0%),2,1.5,11,5,45.45,548,470,85.77,58.09,98,12,35,51,79,38,29,12,152,71,46.71,4,1,25.0,34,7,20.59,4,2,50.0,19,1,5.26,4,1,25.0,5,0,0.0,0,0,0,15,3,20.0,3,11,31,3,9,27,73,29,39.73,5,2,6,3,50.0,46,31,67.39,18,7,38.89,3,3,100.0,39,16,10,1,0,149,111,74.5,94,92,97.87,243,213,87.65,69,42,60.87,64,39,60.94,78,48,61.54,7,3,42.86,20,18,90.0,2,16.72,5.48,12.59,17.91,20.09,11.96,Manchester City,Liverpool,2:2
22,2022-04-02,Burnley - Manchester City 0:2,England. Premier League,93,Manchester City,4-3-3 (100.0%),2,1.96,19,6,31.58,736,664,90.22,77.19,81,12,38,31,74,24,42,8,135,76,56.3,6,2,33.33,26,8,30.77,4,1,25.0,26,10,38.46,8,2,25.0,1,1,100.0,0,0,0,22,6,27.27,8,10,34,9,8,36,54,30,55.56,1,0,3,1,33.33,37,27,72.97,29,12,41.38,0,0,0.0,23,5,5,0,0,171,141,82.46,120,117,97.5,300,279,93.0,63,37,58.73,66,46,69.7,70,51,72.86,2,2,100.0,20,18,90.0,2,17.52,7.83,8.56,16.89,18.65,8.94,Burnley,Manchester City,0:2
23,2022-03-14,Crystal Palace - Manchester City 0:0,England. Premier League,96,Manchester City,4-3-3 (100.0%),0,2.24,17,5,29.41,736,636,86.41,71.38,109,11,25,73,101,27,43,31,193,96,49.74,6,1,16.67,54,13,24.07,0,0,0.0,21,4,19.05,6,2,33.33,1,1,100.0,0,0,0,23,6,26.09,8,19,49,15,11,48,62,24,38.71,2,0,7,1,14.29,67,39,58.21,31,21,67.74,2,2,100.0,33,3,11,1,0,202,166,82.18,106,94,88.68,305,270,88.52,62,39,62.9,112,96,85.71,108,90,83.33,12,6,50.0,27,27,100.0,7,17.5,6.88,8.42,18.11,18.36,5.71,Crystal Palace,Manchester City,0:0
24,2022-03-06,Manchester City - Manchester United 4:1,England. Premier League,97,Manchester City,4-2-3-1 (84.92%),4,3.45,23,10,43.48,727,673,92.57,71.67,67,10,23,34,63,20,27,16,151,82,54.3,4,1,25.0,43,13,30.23,2,2,100.0,27,7,25.93,9,3,33.33,4,2,50.0,0,0,0,15,5,33.33,8,14,36,11,9,41,72,39,54.17,0,1,5,2,40.0,56,34,60.71,13,4,30.77,3,1,33.33,36,4,10,0,0,196,170,86.73,142,138,97.18,309,298,96.44,41,31,75.61,66,56,84.85,79,67,84.81,7,4,57.14,14,14,100.0,3,17.47,7.57,5.64,16.19,19.73,6.05,Manchester City,Manchester United,4:1
25,2022-02-26,Everton - Manchester City 0:1,England. Premier League,100,Manchester City,4-3-3 (100.0%),1,1.35,12,8,66.67,676,590,87.28,68.85,107,18,23,66,91,40,35,16,175,93,53.14,5,3,60.0,42,11,26.19,1,0,0.0,20,1,5.0,4,1,25.0,4,0,0.0,0,0,0,19,4,21.05,3,7,33,7,9,25,70,33,47.14,1,0,6,2,33.33,61,34,55.74,23,17,73.91,0,0,0.0,31,4,14,2,0,193,154,79.79,107,102,95.33,291,263,90.38,40,16,40.0,81,68,83.95,68,53,77.94,12,2,16.67,15,14,93.33,5,16.99,7.27,5.92,18.19,18.15,10.57,Everton,Manchester City,0:1
26,2022-02-19,Manchester City - Tottenham Hotspur 2:3,England. Premier League,101,Manchester City,4-3-3 (100.0%),2,1.7,19,4,21.05,748,666,89.04,70.13,102,5,15,82,78,11,41,26,166,93,56.02,5,2,40.0,56,13,23.21,1,1,100.0,23,4,17.39,10,3,30.0,1,0,0.0,1,1,100,48,20,41.67,17,16,69,12,31,52,76,39,51.32,1,3,6,5,83.33,50,34,68.0,24,12,50.0,2,2,100.0,21,6,5,0,0,180,160,88.89,124,118,95.16,333,299,89.79,32,19,59.38,106,100,94.34,66,62,93.94,10,4,40.0,20,20,100.0,3,17.96,7.56,4.28,17.12,19.19,9.14,Manchester City,Tottenham Hotspur,2:3
27,2022-02-12,Norwich City - Manchester City 0:4,England. Premier League,94,Manchester City,4-3-3 (100.0%),4,5.41,18,9,50.0,692,620,89.6,71.22,79,17,18,44,82,32,32,18,152,59,38.82,2,0,0.0,38,10,26.32,1,0,0.0,25,7,28.0,12,4,33.33,3,1,33.33,1,0,0,34,11,32.35,9,19,53,11,15,45,64,17,26.56,2,0,8,3,37.5,39,17,43.59,26,13,50.0,1,1,100.0,29,12,8,2,0,164,138,84.15,91,84,92.31,288,269,93.4,49,32,65.31,75,65,86.67,85,67,78.82,3,0,0.0,11,11,100.0,4,17.84,6.65,7.08,11.08,18.21,7.23,Norwich City,Manchester City,0:4
28,2022-02-09,Manchester City - Brentford 2:0,England. Premier League,95,Manchester City,4-3-3 (100.0%),2,2.18,15,7,46.67,687,612,89.08,76.31,107,12,34,61,76,25,32,19,167,90,53.89,4,2,50.0,32,6,18.75,0,0,0.0,32,8,25.0,9,2,22.22,3,1,33.33,1,1,100,22,5,22.73,4,13,41,6,14,23,63,28,44.44,2,0,5,2,40.0,35,24,68.57,43,26,60.47,2,0,0.0,39,9,7,0,0,174,139,79.89,105,103,98.1,291,264,90.72,50,25,50.0,95,82,86.32,68,57,83.82,7,2,28.57,23,21,91.3,2,17.12,7.16,7.28,17.4,17.45,5.26,Manchester City,Brentford,2:0
29,2022-01-22,Southampton - Manchester City 1:1,England. Premier League,98,Manchester City,4-3-3 (100.0%),1,2.02,22,5,22.73,751,659,87.75,70.2,111,7,22,82,97,24,44,29,199,112,56.28,10,1,10.0,50,12,24.0,1,0,0.0,28,10,35.71,11,4,36.36,3,2,66.67,0,0,0,38,9,23.68,10,20,60,12,22,42,101,46,45.54,0,1,7,3,42.86,45,35,77.78,23,14,60.87,2,2,100.0,38,3,5,0,0,210,179,85.24,123,120,97.56,306,274,89.54,45,32,71.11,104,93,89.42,107,96,89.72,6,3,50.0,15,14,93.33,2,18.32,7.36,5.99,18.69,18.68,6.34,Southampton,Manchester City,1:1
30,2022-01-15,Manchester City - Chelsea 1:0,England. Premier League,94,Manchester City,4-3-3 (100.0%),1,1.06,12,6,50.0,560,494,88.21,59.37,103,9,40,54,79,27,34,18,178,85,47.75,3,2,66.67,34,9,26.47,1,0,0.0,21,1,4.76,9,2,22.22,4,0,0.0,0,0,0,12,4,33.33,4,13,30,12,2,28,78,31,39.74,2,0,5,1,20.0,49,26,53.06,30,21,70.0,4,2,50.0,36,8,11,0,0,168,133,79.17,85,81,95.29,241,224,92.95,47,31,65.96,59,46,77.97,78,59,75.64,6,3,50.0,20,20,100.0,3,15.96,6.15,8.39,18.97,20.03,11.76,Manchester City,Chelsea,1:0
31,2022-01-01,Arsenal - Manchester City 1:2,England. Premier League,99,Manchester City,4-3-3 (100.0%),2,1.94,15,2,13.33,610,560,91.8,67.32,92,28,27,37,79,48,17,14,200,107,53.5,7,0,0.0,22,7,31.82,2,0,0.0,24,7,29.17,5,2,40.0,1,1,100.0,1,1,100,14,9,64.29,8,7,27,8,8,18,80,35,43.75,2,1,7,2,28.57,55,38,69.09,22,16,72.73,3,3,100.0,31,14,5,2,0,182,155,85.16,99,98,98.99,224,211,94.2,43,25,58.14,67,58,86.57,73,57,78.08,10,4,40.0,11,8,72.73,6,17.12,6.7,7.05,17.83,17.48,14.4,Arsenal,Manchester City,1:2
32,2021-12-29,Brentford - Manchester City 0:1,England. Premier League,95,Manchester City,4-3-3 (100.0%),1,0.91,12,4,33.33,687,627,91.27,76.07,93,16,35,42,76,25,40,11,159,81,50.94,5,2,40.0,44,10,22.73,3,0,0.0,22,2,9.09,5,1,20.0,4,0,0.0,0,0,0,18,6,33.33,6,9,30,5,9,20,62,33,53.23,3,0,6,3,50.0,32,15,46.88,40,21,52.5,2,1,50.0,32,17,10,0,0,186,158,84.95,126,121,96.03,249,235,94.38,40,25,62.5,87,82,94.25,68,53,77.94,6,2,33.33,26,25,96.15,5,18.32,7.16,5.82,18.67,16.33,9.22,Brentford,Manchester City,0:1
33,2021-12-26,Manchester City - Leicester City 6:3,England. Premier League,95,Manchester City,4-3-3 (76.76%),6,4.0,16,9,56.25,722,675,93.49,73.07,72,9,14,49,43,11,12,20,139,59,42.45,5,1,20.0,29,5,17.24,1,1,100.0,27,7,25.93,14,5,35.71,1,2,200.0,2,2,100,14,5,35.71,6,14,35,5,11,33,61,24,39.34,1,3,14,8,57.14,45,22,48.89,8,4,50.0,2,0,0.0,21,8,12,1,0,185,167,90.27,110,107,97.27,282,268,95.04,28,18,64.29,62,59,95.16,60,51,85.0,2,2,100.0,17,17,100.0,4,17.92,9.26,3.88,15.3,16.89,9.44,Manchester City,Leicester City,6:3
34,2021-12-19,Newcastle United - Manchester City 0:4,England. Premier League,93,Manchester City,4-3-3 (100.0%),4,3.69,17,7,41.18,702,644,91.74,69.06,70,14,29,27,58,26,22,10,173,88,50.87,2,1,50.0,25,6,24.0,3,3,100.0,24,8,33.33,6,4,66.67,0,1,0.0,0,0,0,8,6,75.0,6,12,22,7,4,32,61,28,45.9,2,0,5,1,20.0,61,39,63.93,24,13,54.17,1,0,0.0,24,7,6,2,0,164,135,82.32,110,104,94.55,287,273,95.12,41,22,53.66,69,54,78.26,65,48,73.85,5,3,60.0,15,15,100.0,7,18.52,8.78,5.84,12.06,16.85,12.86,Newcastle United,Manchester City,0:4
35,2021-12-14,Manchester City - Leeds United 7:0,England. Premier League,96,Manchester City,4-2-3-1 (100.0%),7,2.99,30,15,50.0,601,552,91.85,62.78,58,10,17,31,67,20,25,22,163,93,57.06,15,6,40.0,38,18,47.37,4,3,75.0,19,7,36.84,6,2,33.33,5,1,20.0,0,0,0,12,6,50.0,7,14,31,9,5,37,78,45,57.69,1,0,6,3,50.0,48,28,58.33,14,8,57.14,1,1,100.0,44,11,5,1,0,155,138,89.03,103,98,95.15,216,205,94.91,18,10,55.56,50,41,82.0,66,54,81.82,8,1,12.5,8,8,100.0,4,16.63,6.91,3.0,17.81,15.5,9.21,Manchester City,Leeds United,7:0
36,2021-12-11,Manchester City - Wolverhampton Wanderers 1:0,England. Premier League,101,Manchester City,4-3-3 (100.0%),1,3.53,21,10,47.62,741,674,90.96,71.2,74,2,16,56,78,15,41,22,176,81,46.02,9,3,33.33,55,16,29.09,2,0,0.0,20,4,20.0,14,2,14.29,1,0,0.0,1,1,100,39,16,41.03,14,19,49,7,18,47,66,17,25.76,1,0,1,1,100.0,52,36,69.23,25,15,60.0,1,0,0.0,20,5,12,3,0,194,163,84.02,123,121,98.37,294,277,94.22,30,24,80.0,98,87,88.78,96,92,95.83,16,7,43.75,18,18,100.0,1,17.97,7.64,4.05,16.74,18.72,7.88,Manchester City,Wolverhampton Wanderers,1:0
37,2021-12-04,Watford - Manchester City 1:3,England. Premier League,96,Manchester City,4-3-3 (100.0%),3,4.47,25,13,52.0,813,743,91.39,76.57,90,12,25,53,80,28,38,14,178,87,48.88,6,1,16.67,31,13,41.94,4,3,75.0,25,9,36.0,11,4,36.36,1,0,0.0,0,0,0,14,3,21.43,4,26,43,15,3,54,73,26,35.62,1,1,11,4,36.36,53,37,69.81,25,9,36.0,1,0,0.0,52,6,6,0,0,246,210,85.37,153,149,97.39,357,343,96.08,45,23,51.11,108,92,85.19,127,112,88.19,5,3,60.0,12,11,91.67,6,18.6,8.3,5.54,14.99,20.79,4.41,Watford,Manchester City,1:3
38,2021-12-01,Aston Villa - Manchester City 1:2,England. Premier League,96,Manchester City,4-2-3-1 (100.0%),2,1.13,14,6,42.86,590,528,89.49,66.23,81,15,26,40,66,27,23,16,192,87,45.31,7,4,57.14,35,6,17.14,2,1,50.0,23,6,26.09,10,3,30.0,1,0,0.0,0,0,0,17,4,23.53,4,13,42,17,8,36,73,29,39.73,0,1,9,3,33.33,56,33,58.93,33,14,42.42,3,0,0.0,31,10,12,0,0,174,150,86.21,111,107,96.4,235,220,93.62,39,25,64.1,71,61,85.92,76,63,82.89,6,2,33.33,16,16,100.0,4,16.67,6.34,6.61,20.47,19.26,11.1,Aston Villa,Manchester City,1:2
39,2021-11-28,Manchester City - West Ham United 2:1,England. Premier League,95,Manchester City,4-3-3 (100.0%),2,2.59,17,7,41.18,712,645,90.59,69.4,100,21,25,54,83,34,35,14,177,77,43.5,6,1,16.67,31,12,38.71,2,1,50.0,21,4,19.05,8,2,25.0,0,0,0.0,0,0,0,17,6,35.29,4,11,33,10,10,30,72,24,33.33,4,1,4,3,75.0,57,31,54.39,23,11,47.83,2,0,0.0,39,8,7,2,0,188,161,85.64,142,137,96.48,280,262,93.57,39,25,64.1,98,80,81.63,88,72,81.82,5,0,0.0,11,10,90.91,2,16.98,8.09,5.48,17.26,17.84,8.27,Manchester City,West Ham United,2:1
40,2021-11-21,Manchester City - Everton 3:0,England. Premier League,96,Manchester City,4-3-3 (100.0%),3,2.64,17,7,41.18,847,791,93.39,77.29,78,12,14,52,69,17,31,21,179,73,40.78,5,3,60.0,47,14,29.79,1,1,100.0,16,1,6.25,7,0,0.0,2,0,0.0,0,0,0,24,6,25.0,7,14,40,5,13,32,76,23,30.26,0,0,4,2,50.0,57,27,47.37,23,15,65.22,1,0,0.0,26,3,5,1,0,208,189,90.87,110,110,100.0,393,367,93.38,39,25,64.1,97,84,86.6,87,73,83.91,5,4,80.0,12,12,100.0,0,18.84,9.85,4.6,17.37,18.48,10.69,Manchester City,Everton,3:0
41,2021-11-06,Manchester United - Manchester City 0:2,England. Premier League,96,Manchester City,4-3-3 (100.0%),2,1.35,13,5,38.46,797,735,92.22,68.68,80,14,17,49,75,18,36,21,163,74,45.4,3,1,33.33,34,7,20.59,0,0,0.0,26,6,23.08,9,4,44.44,2,0,0.0,0,0,0,15,4,26.67,4,13,32,9,8,31,75,28,37.33,1,0,5,1,20.0,44,24,54.55,26,11,42.31,4,1,25.0,36,6,12,2,0,196,169,86.22,152,148,97.37,354,335,94.63,52,34,65.38,96,85,88.54,94,80,85.11,5,2,40.0,10,10,100.0,4,18.97,9.96,6.52,17.66,18.72,8.09,Manchester United,Manchester City,0:2
42,2021-10-30,Manchester City - Crystal Palace 0:2,England. Premier League,101,Manchester City,4-3-3 (48.42%),0,1.13,12,3,25.0,640,562,87.81,69.23,92,8,22,62,83,24,42,17,244,129,52.87,5,1,20.0,40,6,15.0,1,0,0.0,28,6,21.43,7,3,42.86,2,1,50.0,0,0,0,28,8,28.57,11,22,49,8,14,39,92,35,38.04,2,2,8,3,37.5,71,57,80.28,31,14,45.16,4,3,75.0,23,6,11,2,1,167,142,85.03,72,69,95.83,298,264,88.59,53,33,62.26,78,59,75.64,78,67,85.9,4,1,25.0,34,33,97.06,5,16.54,6.21,8.28,18.24,18.99,7.33,Manchester City,Crystal Palace,0:2
43,2021-10-23,Brighton - Manchester City 1:4,England. Premier League,97,Manchester City,4-3-3 (80.13%),4,3.74,19,12,63.16,525,473,90.1,51.71,80,19,32,29,58,21,23,14,192,83,43.23,4,3,75.0,30,12,40.0,5,5,100.0,26,2,7.69,6,1,16.67,1,0,0.0,0,0,0,8,2,25.0,1,15,26,8,4,29,81,34,41.98,1,1,10,5,50.0,58,34,58.62,18,6,33.33,0,0,0.0,44,15,6,3,0,143,117,81.82,99,97,97.98,186,169,90.86,46,28,60.87,52,41,78.85,62,43,69.35,4,2,50.0,14,13,92.86,8,17.59,5.15,8.76,15.16,18.37,14.32,Brighton,Manchester City,1:4
44,2021-10-16,Manchester City - Burnley 2:0,England. Premier League,97,Manchester City,4-3-3 (100.0%),2,2.81,17,7,41.18,747,675,90.36,71.72,95,10,37,48,77,28,31,18,185,86,46.49,3,1,33.33,35,14,40.0,4,2,50.0,20,1,5.0,6,1,16.67,0,0,0.0,0,0,0,32,9,28.13,8,16,51,15,13,44,70,23,32.86,0,0,6,2,33.33,52,32,61.54,38,20,52.63,5,3,60.0,31,14,11,1,0,195,169,86.67,126,123,97.62,265,235,88.68,56,40,71.43,63,55,87.3,63,45,71.43,8,4,50.0,15,15,100.0,7,17.49,7.55,7.5,16.12,17.01,7.58,Manchester City,Burnley,2:0
45,2021-10-03,Liverpool - Manchester City 2:2,England. Premier League,96,Manchester City,4-3-3 (69.59%),2,0.89,13,3,23.08,500,425,85.0,53.41,93,28,35,30,82,51,21,10,191,95,49.74,3,1,33.33,31,8,25.81,9,4,44.44,18,0,0.0,4,0,0.0,3,0,0.0,0,0,0,13,4,30.77,4,13,31,6,6,25,71,36,50.7,4,2,6,4,66.67,64,33,51.56,22,12,54.55,4,3,75.0,49,31,12,3,0,144,114,79.17,77,73,94.81,181,158,87.29,56,40,71.43,51,38,74.51,78,47,60.26,18,8,44.44,20,18,90.0,2,16.04,4.95,11.2,17.57,18.99,12.04,Liverpool,Manchester City,2:2
46,2021-09-25,Chelsea - Manchester City 0:1,England. Premier League,98,Manchester City,4-3-3 (89.83%),1,1.59,13,5,38.46,597,535,89.61,61.03,78,11,16,51,80,37,26,17,222,115,51.8,6,1,16.67,38,10,26.32,3,1,33.33,30,1,3.33,13,2,15.38,1,0,0.0,0,0,0,27,7,25.93,7,10,36,9,11,28,73,40,54.79,4,0,4,0,0.0,81,49,60.49,32,12,37.5,5,2,40.0,44,20,11,2,0,172,142,82.56,98,97,98.98,245,230,93.88,44,29,65.91,76,64,84.21,73,64,87.67,9,6,66.67,12,11,91.67,3,17.28,5.63,7.37,20.02,19.48,8.72,Chelsea,Manchester City,0:1
47,2021-09-18,Manchester City - Southampton 0:0,England. Premier League,100,Manchester City,4-3-3 (73.68%),0,1.13,17,1,5.88,554,491,88.63,61.67,94,18,38,38,82,43,25,14,221,119,53.85,8,0,0.0,41,9,21.95,1,0,0.0,25,7,28.0,8,5,62.5,3,1,33.33,0,0,0,21,8,38.1,6,10,32,9,9,24,73,26,35.62,4,0,10,2,20.0,76,53,69.74,41,27,65.85,6,4,66.67,42,11,5,0,0,186,152,81.72,81,79,97.53,216,200,92.59,32,24,75.0,56,45,80.36,103,86,83.5,14,8,57.14,21,21,100.0,5,17.94,5.23,5.78,18.7,18.99,7.92,Manchester City,Southampton,0:0
48,2021-09-11,Leicester City - Manchester City 0:1,England. Premier League,96,Manchester City,4-3-3 (100.0%),1,3.0,23,8,34.78,565,503,89.03,59.85,76,8,18,50,73,30,20,23,170,67,39.41,4,1,25.0,45,19,42.22,2,1,50.0,20,3,15.0,8,1,12.5,4,2,50.0,0,0,0,28,8,28.57,7,15,41,9,12,45,64,18,28.13,4,0,6,2,33.33,52,32,61.54,25,7,28.0,6,1,16.67,34,8,11,2,0,151,126,83.44,86,80,93.02,242,223,92.15,39,27,69.23,86,73,84.88,77,70,90.91,8,5,62.5,20,20,100.0,6,16.63,5.65,6.9,15.94,18.48,10.77,Leicester City,Manchester City,0:1
49,2021-08-28,Manchester City - Arsenal 5:0,England. Premier League,96,Manchester City,4-3-3 (50.03%),5,3.48,22,10,45.45,755,698,92.45,77.21,74,7,24,43,73,22,32,19,158,81,51.27,8,1,12.5,41,11,26.83,2,1,50.0,27,10,37.04,14,5,35.71,2,0,0.0,0,0,0,26,14,53.85,14,18,58,11,19,47,60,26,43.33,2,0,0,0,0.0,41,32,78.05,28,13,46.43,3,1,33.33,15,3,5,1,0,177,153,86.44,129,125,96.9,304,282,92.76,37,21,56.76,72,62,86.11,81,70,86.42,13,5,38.46,23,19,82.61,4,18.53,7.63,4.9,14.34,17.37,5.7,Manchester City,Arsenal,5:0
50,2021-08-21,Manchester City - Norwich City 5:0,England. Premier League,94,Manchester City,4-3-3 (100.0%),5,2.4,16,5,31.25,711,650,91.42,67.31,72,3,14,55,62,15,22,25,151,67,44.37,8,0,0.0,45,11,24.44,0,0,0.0,18,4,22.22,6,2,33.33,3,1,33.33,0,0,0,24,3,12.5,3,22,51,17,11,48,69,24,34.78,2,0,1,0,0.0,50,28,56.0,15,7,46.67,3,0,0.0,21,5,13,1,0,168,149,88.69,136,133,97.79,303,278,91.75,41,32,78.05,102,92,90.2,100,96,96.0,7,3,42.86,20,20,100.0,2,17.66,9.23,5.77,19.68,18.57,9.25,Manchester City,Norwich City,5:0
51,2021-08-15,Tottenham Hotspur - Manchester City 1:0,England. Premier League,96,Manchester City,4-4-2 (82.21%),0,1.48,16,4,25.0,501,439,87.62,61.68,95,19,29,47,80,29,40,11,231,120,51.95,7,1,14.29,38,8,21.05,0,0,0.0,31,7,22.58,11,2,18.18,1,0,0.0,0,0,0,27,8,29.63,7,9,38,13,14,30,87,43,49.43,1,1,13,3,23.08,65,38,58.46,36,23,63.89,4,1,25.0,32,16,8,1,0,162,136,83.95,79,74,93.67,183,167,91.26,26,15,57.69,65,49,75.38,67,55,82.09,4,1,25.0,17,14,82.35,6,16.35,4.73,5.19,19.12,17.32,7.48,Tottenham Hotspur,Manchester City,1:0
52,2021-05-23,Manchester City - Everton 5:0,England. Premier League,94,Manchester City,4-3-3 (100.0%),5,2.95,20,11,55.0,700,644,92.0,65.32,85,12,34,39,70,39,19,12,172,87,50.58,4,1,25.0,29,11,37.93,6,3,50.0,22,6,27.27,7,2,28.57,3,2,66.67,0,0,0,11,2,18.18,2,14,27,9,5,34,76,35,46.05,1,0,8,3,37.5,47,29,61.7,25,10,40.0,4,3,75.0,32,10,8,2,0,216,183,84.72,127,125,98.43,245,235,95.92,29,16,55.17,54,46,85.19,95,78,82.11,11,4,36.36,14,14,100.0,4,19.51,7.69,4.14,15.34,18.19,10.68,Manchester City,Everton,5:0
53,2021-05-18,Brighton & Hove Albion - Manchester City 3:2,England. Premier League,100,Manchester City,4-3-3 (12.01%),2,0.93,7,4,57.14,329,288,87.54,38.84,88,30,36,22,59,35,21,3,180,77,42.78,1,1,100.0,13,2,15.38,5,3,60.0,27,2,7.41,3,0,0.0,2,0,0.0,0,0,0,5,3,60.0,3,2,12,4,3,9,60,23,38.33,1,3,16,6,37.5,56,28,50.0,25,11,44.0,3,1,33.33,45,15,12,2,1,109,79,72.48,62,58,93.55,100,96,96.0,34,17,50.0,33,21,63.64,56,33,58.93,1,1,100.0,11,8,72.73,9,16.02,3.58,10.33,17.01,18.81,16.21,Brighton & Hove Albion,Manchester City,3:2
54,2021-05-14,Newcastle United - Manchester City 3:4,England. Premier League,103,Manchester City,4-3-3 (100.0%),4,1.98,15,6,40.0,918,860,93.68,81.64,74,10,15,49,57,18,27,12,161,80,49.69,9,2,22.22,44,10,22.73,1,0,0.0,18,3,16.67,5,1,20.0,4,1,25.0,0,0,0,20,5,25.0,5,14,33,6,10,26,65,35,53.85,0,3,12,6,50.0,53,30,56.6,14,4,28.57,4,2,50.0,36,12,10,2,0,204,185,90.69,149,144,96.64,396,379,95.71,28,22,78.57,110,100,90.91,65,61,93.85,7,3,42.86,14,14,100.0,2,19.4,11.06,3.05,19.93,16.03,4.68,Newcastle United,Manchester City,3:4
55,2021-05-08,Manchester City - Chelsea 1:2,England. Premier League,97,Manchester City,3-5-2 (49.28%),1,2.03,15,4,26.67,510,470,92.16,51.14,71,14,23,34,52,20,24,8,167,68,40.72,6,2,33.33,29,7,24.14,2,2,100.0,23,5,21.74,6,2,33.33,0,0,0.0,1,0,0,9,3,33.33,3,10,19,6,4,22,61,27,44.26,1,2,13,5,38.46,61,27,44.26,18,5,27.78,5,0,0.0,34,13,12,2,0,152,131,86.18,87,83,95.4,209,200,95.69,48,34,70.83,62,49,79.03,63,56,88.89,7,1,14.29,16,15,93.75,4,16.8,5.43,9.41,19.01,21.1,19.58,Manchester City,Chelsea,1:2
56,2021-05-01,Crystal Palace - Manchester City 0:2,England. Premier League,94,Manchester City,4-2-3-1 (100.0%),2,2.57,19,3,15.79,670,598,89.25,67.15,94,13,33,48,88,28,46,14,235,114,48.51,4,1,25.0,41,12,29.27,2,1,50.0,24,5,20.83,6,2,33.33,3,0,0.0,0,0,0,12,5,41.67,5,11,34,6,6,31,70,30,42.86,1,0,9,4,44.44,77,43,55.84,39,20,51.28,1,1,100.0,42,12,10,0,0,183,149,81.42,95,91,95.79,284,268,94.37,58,39,67.24,87,71,81.61,100,85,85.0,11,5,45.45,12,11,91.67,7,18.65,6.5,8.66,15.67,18.8,6.65,Crystal Palace,Manchester City,0:2
57,2021-04-21,Aston Villa - Manchester City 1:2,England. Premier League,97,Manchester City,4-3-3 (44.37%),2,0.96,12,3,25.0,765,703,91.9,71.35,89,14,27,48,65,21,31,13,148,80,54.05,7,0,0.0,34,8,23.53,2,0,0.0,31,2,6.45,11,3,27.27,2,0,0.0,0,0,0,17,3,17.65,1,24,38,6,5,39,68,31,45.59,2,1,7,2,28.57,31,22,70.97,26,16,61.54,1,1,100.0,30,9,7,1,1,198,173,87.37,144,141,97.92,286,268,93.71,40,25,62.5,80,74,92.5,72,63,87.5,5,3,60.0,16,16,100.0,7,18.36,8.6,5.23,19.52,17.55,10.64,Aston Villa,Manchester City,1:2
58,2021-04-10,Manchester City - Leeds United 1:2,England. Premier League,102,Manchester City,4-3-3 (100.0%),1,2.37,26,7,26.92,614,546,88.93,71.77,90,5,23,62,79,22,34,23,220,112,50.91,15,4,26.67,58,18,31.03,0,0,0.0,27,7,25.93,9,2,22.22,4,3,75.0,0,0,0,35,7,20.0,6,20,56,12,22,35,94,44,46.81,2,2,2,2,100.0,56,34,60.71,28,17,60.71,4,2,50.0,27,6,12,3,0,167,140,83.83,97,93,95.88,251,225,89.64,22,11,50.0,50,41,82.0,67,60,89.55,12,4,33.33,23,23,100.0,0,16.07,5.29,3.58,19.28,17.79,6.61,Manchester City,Leeds United,1:2
59,2021-04-03,Leicester City - Manchester City 0:2,England. Premier League,94,Manchester City,4-2-3-1 (100.0%),2,1.87,12,4,33.33,546,482,88.28,58.6,83,6,19,58,64,16,36,12,212,101,47.64,3,0,0.0,42,9,21.43,2,0,0.0,19,2,10.53,1,0,0.0,3,0,0.0,0,0,0,15,5,33.33,4,11,32,5,9,26,81,33,40.74,1,0,4,2,50.0,74,42,56.76,23,9,39.13,5,3,60.0,30,9,12,3,0,133,106,79.7,98,96,97.96,259,237,91.51,45,28,62.22,87,71,81.61,70,60,85.71,13,5,38.46,18,17,94.44,3,16.08,5.75,8.24,16.39,20.24,11.42,Leicester City,Manchester City,0:2
60,2021-03-13,Fulham - Manchester City 0:3,England. Premier League,93,Manchester City,3-4-3 (100.0%),3,2.54,8,7,87.5,503,437,86.88,57.62,92,19,36,37,65,27,28,10,239,118,49.37,1,0,0.0,28,5,17.86,3,0,0.0,19,2,10.53,2,1,50.0,1,1,100.0,1,1,100,9,3,33.33,2,9,23,7,3,20,95,41,43.16,3,0,4,0,0.0,84,53,63.1,20,10,50.0,2,1,50.0,52,18,13,0,0,138,99,71.74,91,87,95.6,228,212,92.98,50,30,60.0,55,38,69.09,80,56,70.0,12,6,50.0,19,19,100.0,3,15.05,5.41,9.94,12.44,21.22,9.26,Fulham,Manchester City,0:3
61,2021-03-10,Manchester City - Southampton 5:2,England. Premier League,96,Manchester City,4-2-3-1 (66.34%),5,3.18,17,11,64.71,638,597,93.57,56.85,89,17,34,38,64,27,26,11,142,58,40.85,5,3,60.0,28,13,46.43,1,1,100.0,18,3,16.67,5,1,20.0,0,0,0.0,0,0,0,10,6,60.0,6,13,24,11,6,28,66,20,30.3,0,2,11,6,54.55,34,23,67.65,21,9,42.86,1,0,0.0,37,11,6,1,0,187,168,89.84,111,105,94.59,249,239,95.98,24,14,58.33,60,52,86.67,69,52,75.36,0,0,0.0,21,20,95.24,4,19.61,7.09,3.76,15.65,18.59,16.67,Manchester City,Southampton,5:2
62,2021-03-07,Manchester City - Manchester United 0:2,England. Premier League,98,Manchester City,4-3-3 (100.0%),0,1.9,21,6,28.57,689,622,90.28,65.7,91,14,19,58,80,19,36,25,205,101,49.27,13,5,38.46,49,17,34.69,5,0,0.0,22,3,13.64,6,2,33.33,3,0,0.0,0,0,0,21,7,33.33,6,21,40,10,10,34,93,39,41.94,0,2,8,6,75.0,71,41,57.75,15,10,66.67,3,2,66.67,37,4,9,0,0,180,155,86.11,108,101,93.52,303,286,94.39,23,15,65.22,95,85,89.47,88,76,86.36,19,8,42.11,19,19,100.0,3,18.24,7.1,3.34,18.89,18.2,7.24,Manchester City,Manchester United,0:2
63,2021-03-02,Manchester City - Wolverhampton Wanderers 4:1,England. Premier League,96,Manchester City,4-3-3 (100.0%),4,3.79,23,10,43.48,781,718,91.93,71.21,84,3,19,62,77,15,37,25,184,88,47.83,5,1,20.0,49,17,34.69,2,0,0.0,19,6,31.58,10,1,10.0,1,0,0.0,0,0,0,26,6,23.08,6,20,59,13,18,51,83,29,34.94,3,1,6,1,16.67,51,30,58.82,27,14,51.85,3,2,66.67,25,1,9,0,0,189,169,89.42,141,137,97.16,320,295,92.19,37,28,75.68,76,71,93.42,76,72,94.74,12,8,66.67,11,10,90.91,4,17.77,8.68,4.74,15.43,17.51,9.33,Manchester City,Wolverhampton Wanderers,4:1
64,2021-02-27,Manchester City - West Ham United 2:1,England. Premier League,95,Manchester City,4-3-3 (100.0%),2,0.65,9,3,33.33,664,592,89.16,63.63,81,15,26,40,63,24,30,9,174,93,53.45,5,1,20.0,37,8,21.62,1,0,0.0,19,1,5.26,4,0,0.0,3,0,0.0,0,0,0,11,2,18.18,3,10,29,9,9,20,69,34,49.28,2,1,6,2,33.33,49,32,65.31,30,14,46.67,1,0,0.0,25,3,8,1,0,161,126,78.26,119,111,93.28,310,293,94.52,29,18,62.07,71,59,83.1,85,63,74.12,8,2,25.0,19,19,100.0,4,17.54,7.22,4.37,20.46,18.68,14.1,Manchester City,West Ham United,2:1
65,2021-02-21,Arsenal - Manchester City 0:1,England. Premier League,96,Manchester City,4-3-3 (100.0%),1,1.2,13,2,15.38,570,513,90.0,57.8,82,22,21,39,61,22,26,13,158,74,46.84,4,1,25.0,29,8,27.59,6,2,33.33,21,3,14.29,3,2,66.67,0,0,0.0,0,0,0,10,1,10.0,1,11,32,12,5,25,78,36,46.15,3,0,6,1,16.67,42,25,59.52,21,5,23.81,1,1,100.0,31,13,9,2,0,144,118,81.94,129,126,97.67,202,186,92.08,41,25,60.98,68,57,83.82,70,59,84.29,9,5,55.56,14,14,100.0,8,16.13,7.04,7.19,17.67,18.28,19.29,Arsenal,Manchester City,0:1
66,2021-02-17,Everton - Manchester City 1:3,England. Premier League,95,Manchester City,4-3-3 (100.0%),3,1.35,15,7,46.67,744,659,88.58,68.86,94,11,27,56,82,32,36,14,176,84,47.73,6,4,66.67,44,11,25.0,1,0,0.0,20,4,20.0,10,2,20.0,0,0,0.0,0,0,0,20,3,15.0,4,15,44,13,12,33,75,31,41.33,0,1,3,1,33.33,44,27,61.36,25,11,44.0,0,0,0.0,31,6,8,1,0,242,202,83.47,132,123,93.18,267,247,92.51,46,25,54.35,92,74,80.43,113,95,84.07,7,2,28.57,18,17,94.44,2,17.29,7.67,6.18,17.51,18.73,8.41,Everton,Manchester City,1:3
67,2021-02-13,Manchester City - Tottenham Hotspur 3:0,England. Premier League,94,Manchester City,4-3-3 (88.94%),3,3.35,15,6,40.0,677,624,92.17,58.48,87,12,28,47,84,30,32,22,215,109,50.7,4,1,25.0,36,8,22.22,4,1,25.0,20,5,25.0,4,3,75.0,3,0,0.0,1,1,100,10,2,20.0,2,21,35,13,4,34,90,39,43.33,1,0,7,3,42.86,83,48,57.83,21,12,57.14,5,2,40.0,30,5,12,1,0,177,159,89.83,121,117,96.69,286,266,93.01,41,27,65.85,74,65,87.84,85,78,91.76,6,2,33.33,9,9,100.0,3,18.78,8.36,6.06,14.14,19.03,13.52,Manchester City,Tottenham Hotspur,3:0
68,2021-02-07,Liverpool - Manchester City 1:4,England. Premier League,95,Manchester City,4-3-3 (76.91%),4,3.74,7,5,71.43,484,428,88.43,44.0,99,29,31,39,76,39,28,9,189,102,53.97,1,0,0.0,27,5,18.52,1,0,0.0,16,1,6.25,1,0,0.0,1,0,0.0,1,0,0,7,2,28.57,3,4,16,3,5,12,78,38,48.72,3,1,8,3,37.5,62,40,64.52,17,7,41.18,0,0,0.0,57,32,7,1,0,139,114,82.01,89,87,97.75,168,151,89.88,50,30,60.0,51,41,80.39,62,46,74.19,5,1,20.0,11,11,100.0,4,17.99,5.26,10.33,9.05,17.22,26.38,Liverpool,Manchester City,1:4
69,2021-02-03,Burnley - Manchester City 0:2,England. Premier League,94,Manchester City,4-3-3 (100.0%),2,2.09,14,7,50.0,788,732,92.89,74.23,73,9,27,37,62,25,25,12,158,71,44.94,6,1,16.67,39,9,23.08,1,1,100.0,17,4,23.53,3,1,33.33,0,0,0.0,0,0,0,12,3,25.0,3,18,38,7,8,24,65,22,33.85,2,0,2,0,0.0,35,23,65.71,32,13,40.63,1,0,0.0,30,12,5,1,0,178,148,83.15,131,129,98.47,334,324,97.01,54,37,68.52,72,61,84.72,50,41,82.0,6,3,50.0,11,11,100.0,3,16.13,10.23,6.85,15.99,17.37,12.29,Burnley,Manchester City,0:2
70,2021-01-30,Manchester City - Sheffield United 1:0,England. Premier League,96,Manchester City,4-3-3 (94.24%),1,1.32,10,5,50.0,789,723,91.63,74.06,85,10,17,58,56,21,26,9,190,79,41.58,4,1,25.0,41,6,14.63,2,1,50.0,22,3,13.64,10,3,30.0,3,0,0.0,0,0,0,17,4,23.53,4,7,32,9,9,24,76,32,42.11,0,0,4,1,25.0,39,19,48.72,36,15,41.67,4,3,75.0,21,5,7,0,0,199,167,83.92,163,159,97.55,314,299,95.22,36,22,61.11,94,75,79.79,84,76,90.48,6,1,16.67,20,17,85.0,3,17.05,9.28,4.56,17.38,18.47,9.71,Manchester City,Sheffield United,1:0
71,2021-01-26,West Bromwich Albion - Manchester City 0:5,England. Premier League,95,Manchester City,4-3-3 (100.0%),5,2.23,16,7,43.75,853,784,91.91,74.53,82,18,23,41,84,25,43,16,148,80,54.05,6,2,33.33,42,11,26.19,1,1,100.0,18,4,22.22,8,3,37.5,1,0,0.0,0,0,0,11,2,18.18,2,16,36,9,3,34,61,27,44.26,1,0,3,1,33.33,28,16,57.14,34,23,67.65,1,1,100.0,27,15,8,0,0,230,193,83.91,127,124,97.64,286,272,95.1,46,28,60.87,67,59,88.06,70,53,75.71,11,5,45.45,17,16,94.12,2,18.9,9.48,5.39,16.9,15.81,10.18,West Bromwich Albion,Manchester City,0:5
72,2021-01-20,Manchester City - Aston Villa 2:0,England. Premier League,96,Manchester City,4-3-3 (100.0%),2,3.24,27,8,29.63,596,525,88.09,66.24,93,19,19,55,67,24,27,16,163,88,53.99,8,3,37.5,41,19,46.34,4,2,50.0,27,5,18.52,16,3,18.75,1,0,0.0,1,1,100,25,4,16.0,4,22,54,20,10,56,57,27,47.37,3,0,9,4,44.44,48,29,60.42,39,21,53.85,0,0,0.0,37,10,10,0,0,170,140,82.35,102,98,96.08,220,196,89.09,38,25,65.79,74,62,83.78,79,67,84.81,10,5,50.0,14,14,100.0,1,17.7,6.27,6.38,17.26,18.23,8.17,Manchester City,Aston Villa,2:0
73,2021-01-17,Manchester City - Crystal Palace 4:0,England. Premier League,93,Manchester City,4-3-3 (100.0%),4,1.92,13,6,46.15,751,684,91.08,72.24,91,8,28,55,78,22,32,24,184,88,47.83,6,2,33.33,40,7,17.5,3,0,0.0,21,4,19.05,11,4,36.36,3,0,0.0,0,0,0,20,8,40.0,8,6,32,8,12,22,68,22,32.35,0,0,2,0,0.0,60,39,65.0,29,14,48.28,2,2,100.0,38,10,9,0,0,147,127,86.39,130,123,94.62,358,332,92.74,62,47,75.81,84,73,86.9,77,65,84.42,8,5,62.5,20,19,95.0,2,17.77,7.99,8.26,17.73,19.0,4.95,Manchester City,Crystal Palace,4:0
74,2021-01-13,Manchester City - Brighton & Hove Albion 1:0,England. Premier League,94,Manchester City,4-3-3 (100.0%),1,3.12,18,6,33.33,711,647,91.0,66.69,92,19,29,44,74,32,28,14,201,106,52.74,4,1,25.0,41,11,26.83,1,1,100.0,24,4,16.67,8,3,37.5,1,0,0.0,1,0,0,17,4,23.53,3,12,38,13,9,32,92,40,43.48,2,0,4,1,25.0,58,40,68.97,24,14,58.33,3,2,66.67,52,9,4,0,0,194,164,84.54,129,123,95.35,271,250,92.25,52,34,65.38,79,68,86.08,91,74,81.32,9,5,55.56,15,15,100.0,4,18.25,6.97,7.31,19.09,18.3,10.31,Manchester City,Brighton & Hove Albion,1:0
75,2021-01-03,Chelsea - Manchester City 1:3,England. Premier League,94,Manchester City,4-3-3 (100.0%),3,2.74,17,6,35.29,526,474,90.11,44.52,80,24,33,23,57,30,20,7,168,84,50.0,3,1,33.33,21,9,42.86,5,3,60.0,23,4,17.39,3,1,33.33,2,1,50.0,0,0,0,10,5,50.0,4,9,20,9,2,26,59,27,45.76,0,1,10,2,20.0,63,38,60.32,22,12,54.55,5,2,40.0,40,14,10,1,0,140,117,83.57,105,99,94.29,180,168,93.33,35,22,62.86,36,31,86.11,66,47,71.21,6,4,66.67,18,16,88.89,8,20.18,5.6,6.65,15.36,16.83,20.48,Chelsea,Manchester City,1:3
76,2020-12-26,Manchester City - Newcastle United 2:0,England. Premier League,95,Manchester City,3-3-3-1 (100.0%),2,2.31,11,7,63.64,822,753,91.61,72.34,83,14,21,48,69,31,29,9,171,81,47.37,3,1,33.33,32,6,18.75,5,3,60.0,24,3,12.5,7,0,0.0,1,0,0.0,0,0,0,12,4,33.33,4,19,24,2,2,34,68,34,50.0,1,0,6,2,33.33,38,24,63.16,25,12,48.0,3,0,0.0,27,10,5,2,0,186,157,84.41,134,128,95.52,389,363,93.32,37,23,62.16,77,57,74.03,106,88,83.02,20,10,50.0,16,16,100.0,2,18.96,8.93,4.5,15.3,18.57,10.0,Manchester City,Newcastle United,2:0
77,2020-12-19,Southampton - Manchester City 0:1,England. Premier League,98,Manchester City,4-2-3-1 (100.0%),1,1.25,11,5,45.45,514,456,88.72,50.48,96,24,31,41,73,32,31,10,229,94,41.05,7,3,42.86,30,5,16.67,7,3,42.86,24,3,12.5,6,2,33.33,1,0,0.0,0,0,0,6,2,33.33,2,9,17,5,3,13,99,33,33.33,2,0,10,4,40.0,64,29,45.31,24,13,54.17,3,1,33.33,52,29,11,2,0,166,135,81.33,86,82,95.35,176,166,94.32,35,24,68.57,65,53,81.54,77,67,87.01,14,7,50.0,22,22,100.0,6,17.91,4.9,6.81,21.94,18.53,11.5,Southampton,Manchester City,0:1
78,2020-12-15,Manchester City - West Bromwich Albion 1:1,England. Premier League,95,Manchester City,4-2-3-1 (100.0%),1,2.02,22,7,31.82,739,652,88.23,72.51,94,11,18,65,80,30,26,24,169,94,55.62,10,2,20.0,53,14,26.42,2,0,0.0,28,6,21.43,13,4,30.77,4,0,0.0,0,0,0,22,5,22.73,4,18,49,10,14,33,61,28,45.9,3,1,4,2,50.0,44,31,70.45,37,23,62.16,2,1,50.0,31,10,5,2,0,187,162,86.63,81,78,96.3,341,311,91.2,43,30,69.77,98,88,89.8,81,65,80.25,13,1,7.69,20,19,95.0,5,18.89,7.39,5.82,17.71,17.71,7.24,Manchester City,West Bromwich Albion,1:1
79,2020-12-12,Manchester United - Manchester City 0:0,England. Premier League,94,Manchester City,4-2-3-1 (100.0%),0,1.25,9,2,22.22,556,497,89.39,56.66,80,14,28,38,69,22,29,18,185,78,42.16,3,0,0.0,30,6,20.0,3,1,33.33,24,1,4.17,3,0,0.0,3,0,0.0,0,0,0,6,1,16.67,2,12,27,6,5,13,78,32,41.03,2,0,10,1,10.0,52,30,57.69,18,7,38.89,1,0,0.0,34,4,6,1,0,155,124,80.0,81,76,93.83,258,245,94.96,44,26,59.09,59,43,72.88,75,59,78.67,9,3,33.33,21,19,90.48,6,16.78,5.73,7.91,17.5,20.49,23.88,Manchester United,Manchester City,0:0
80,2020-12-05,Manchester City - Fulham 2:0,England. Premier League,94,Manchester City,4-2-3-1 (100.0%),2,3.28,16,5,31.25,759,688,90.65,66.29,87,13,24,50,65,31,23,11,188,89,47.34,2,0,0.0,49,9,18.37,5,2,40.0,21,4,19.05,9,2,22.22,1,1,100.0,1,1,100,11,1,9.09,2,16,36,9,7,29,64,24,37.5,1,0,6,1,16.67,77,47,61.04,24,10,41.67,4,3,75.0,33,12,7,0,0,203,174,85.71,126,117,92.86,305,290,95.08,35,22,62.86,89,79,88.76,109,94,86.24,15,7,46.67,22,20,90.91,7,19.91,7.37,4.61,15.62,17.45,13.28,Manchester City,Fulham,2:0
81,2020-11-28,Manchester City - Burnley 5:0,England. Premier League,95,Manchester City,4-2-3-1 (100.0%),5,1.67,17,6,35.29,685,614,89.64,66.57,81,20,30,31,68,38,23,7,160,75,46.88,6,1,16.67,28,12,42.86,2,2,100.0,17,3,17.65,6,2,33.33,1,0,0.0,0,0,0,17,6,35.29,8,14,30,5,8,24,48,20,41.67,2,0,7,1,14.29,37,18,48.65,39,25,64.1,1,0,0.0,24,17,12,0,0,170,143,84.12,109,104,95.41,261,240,91.95,47,36,76.6,65,60,92.31,99,73,73.74,8,4,50.0,15,14,93.33,6,19.2,7.37,6.86,18.28,18.73,19.22,Manchester City,Burnley,5:0
82,2020-11-21,Tottenham Hotspur - Manchester City 2:0,England. Premier League,95,Manchester City,4-3-3 (100.0%),0,1.21,17,4,23.53,587,513,87.39,69.31,94,11,14,69,97,33,43,21,201,88,43.78,9,2,22.22,44,11,25.0,3,0,0.0,25,5,20.0,10,2,20.0,4,2,50.0,0,0,0,26,2,7.69,2,16,49,5,16,30,99,37,37.37,2,2,4,2,50.0,59,31,52.54,23,9,39.13,1,0,0.0,29,8,18,2,0,165,134,81.21,67,66,98.51,275,249,90.55,51,36,70.59,95,79,83.16,87,83,95.4,9,2,22.22,12,11,91.67,1,15.99,5.64,8.69,20.06,19.42,6.94,Tottenham Hotspur,Manchester City,2:0
83,2020-11-08,Manchester City - Liverpool 1:1,England. Premier League,98,Manchester City,4-2-3-1 (100.0%),1,1.34,7,2,28.57,544,468,86.03,54.41,86,16,33,37,63,33,24,6,157,66,42.04,3,0,0.0,24,5,20.83,2,0,0.0,22,1,4.55,1,0,0.0,1,0,0.0,1,0,0,11,3,27.27,3,5,16,1,5,8,55,21,38.18,2,1,10,3,30.0,67,31,46.27,16,5,31.25,4,0,0.0,39,16,19,3,0,160,120,75.0,68,65,95.59,245,225,91.84,42,21,50.0,57,40,70.18,82,58,70.73,8,2,25.0,15,14,93.33,7,18.28,5.91,7.72,17.35,19.42,11.26,Manchester City,Liverpool,1:1
84,2020-10-31,Sheffield United - Manchester City 0:1,England. Premier League,94,Manchester City,4-3-3 (100.0%),1,1.35,14,7,50.0,683,610,89.31,64.25,91,17,28,46,86,47,22,17,175,90,51.43,5,4,80.0,35,9,25.71,8,2,25.0,22,1,4.55,5,1,20.0,3,0,0.0,0,0,0,8,5,62.5,5,11,30,8,4,30,74,37,50.0,4,0,4,1,25.0,43,25,58.14,24,11,45.83,1,0,0.0,31,11,6,0,0,178,141,79.21,120,115,95.83,306,287,93.79,54,32,59.26,57,39,68.42,84,61,72.62,11,3,27.27,29,27,93.1,5,17.36,6.63,7.91,17.96,19.34,14.0,Sheffield United,Manchester City,0:1
85,2020-10-24,West Ham United - Manchester City 1:1,England. Premier League,95,Manchester City,4-3-3 (83.04%),1,0.78,12,6,50.0,725,648,89.38,68.82,102,11,25,66,85,37,36,12,217,95,43.78,9,3,33.33,46,8,17.39,2,1,50.0,27,2,7.41,10,1,10.0,2,0,0.0,0,0,0,23,6,26.09,6,15,53,8,13,30,74,28,37.84,0,1,5,2,40.0,50,30,60.0,41,17,41.46,2,1,50.0,30,16,6,0,0,178,144,80.9,84,81,96.43,337,315,93.47,37,22,59.46,85,73,85.88,84,78,92.86,18,5,27.78,20,20,100.0,2,17.89,6.9,5.1,21.78,17.92,13.06,West Ham United,Manchester City,1:1
86,2020-10-17,Manchester City - Arsenal 1:0,England. Premier League,95,Manchester City,3-5-2 (94.11%),1,1.94,13,5,38.46,634,578,91.17,57.28,79,7,27,45,64,25,25,14,167,86,51.5,5,1,20.0,36,11,30.56,2,0,0.0,28,2,7.14,6,2,33.33,0,0,0.0,0,0,0,9,2,22.22,2,11,25,7,3,19,60,31,51.67,0,0,9,4,44.44,57,30,52.63,31,19,61.29,4,1,25.0,39,9,15,4,0,169,143,84.62,130,125,96.15,198,186,93.94,41,27,65.85,65,56,86.15,74,58,78.38,4,0,0.0,13,12,92.31,11,19.47,6.82,6.47,16.87,17.63,10.44,Manchester City,Arsenal,1:0
87,2020-10-03,Leeds United - Manchester City 1:1,England. Premier League,94,Manchester City,4-3-3 (82.26%),1,2.66,25,1,4.0,365,314,86.03,53.58,81,13,29,39,73,27,28,18,218,102,46.79,7,0,0.0,52,19,36.54,2,0,0.0,28,5,17.86,10,3,30.0,4,0,0.0,0,0,0,9,3,33.33,3,15,23,8,5,35,108,48,44.44,3,1,12,7,58.33,52,24,46.15,24,15,62.5,4,1,25.0,34,15,12,1,0,119,103,86.55,47,46,97.87,149,128,85.91,19,9,47.37,43,36,83.72,49,38,77.55,5,3,60.0,29,27,93.1,6,13.75,3.07,5.21,17.8,18.87,9.78,Leeds United,Manchester City,1:1
88,2020-09-27,Manchester City - Leicester City 2:5,England. Premier League,95,Manchester City,4-2-3-1 (100.0%),2,1.09,16,5,31.25,657,589,89.65,70.42,77,3,18,56,76,21,33,22,174,70,40.23,10,1,10.0,50,11,22.0,2,0,0.0,16,4,25.0,3,2,66.67,3,1,33.33,0,0,0,26,3,11.54,2,6,30,3,11,17,72,23,31.94,2,5,7,7,100.0,43,23,53.49,30,13,43.33,1,0,0.0,22,8,13,1,0,156,127,81.41,89,84,94.38,308,286,92.86,45,27,60.0,89,82,92.13,71,66,92.96,10,4,40.0,22,22,100.0,2,17.59,7.14,6.85,20.18,19.79,6.36,Manchester City,Leicester City,2:5
89,2020-09-21,Wolverhampton Wanderers - Manchester City 1:3,England. Premier League,97,Manchester City,4-2-3-1 (100.0%),3,1.94,13,9,69.23,663,599,90.35,61.82,90,11,30,49,79,22,43,14,225,104,46.22,6,4,66.67,42,6,14.29,6,3,50.0,19,1,5.26,5,1,20.0,2,0,0.0,1,1,100,7,3,42.86,2,12,24,7,3,16,75,29,38.67,3,1,9,1,11.11,70,37,52.86,24,12,50.0,1,1,100.0,32,16,8,3,0,199,164,82.41,96,95,98.96,264,248,93.94,35,22,62.86,71,53,74.65,76,64,84.21,19,8,42.11,20,20,100.0,9,18.89,6.84,5.28,19.71,18.38,13.15,Wolverhampton Wanderers,Manchester City,1:3
90,2020-07-26,Manchester City - Norwich City 5:0,England. Premier League,96,Manchester City,4-3-3 (100.0%),5,4.75,31,10,32.26,707,651,92.08,76.75,60,2,11,47,77,20,29,28,200,105,52.5,7,2,28.57,55,20,36.36,7,4,57.14,19,7,36.84,9,3,33.33,1,1,100.0,0,0,0,28,12,42.86,13,46,65,10,13,75,97,51,52.58,0,0,5,4,80.0,51,29,56.86,18,10,55.56,0,0,0.0,21,5,7,1,0,186,166,89.25,103,100,97.09,318,300,94.34,30,23,76.67,84,79,94.05,114,105,92.11,18,12,66.67,17,17,100.0,4,17.15,7.07,4.24,16.03,19.41,10.5,Manchester City,Norwich City,5:0
91,2020-07-21,Watford - Manchester City 0:4,England. Premier League,96,Manchester City,4-3-3 (100.0%),4,4.9,26,10,38.46,743,668,89.91,72.9,80,6,24,50,93,30,36,27,193,104,53.89,9,4,44.44,41,14,34.15,4,1,25.0,33,9,27.27,8,3,37.5,4,2,50.0,1,0,0,21,4,19.05,5,14,43,11,15,31,62,30,48.39,3,0,2,0,0.0,57,39,68.42,26,12,46.15,3,2,66.67,22,7,11,0,0,185,154,83.24,93,89,95.7,324,295,91.05,57,38,66.67,103,91,88.35,83,69,83.13,10,3,30.0,9,9,100.0,7,19.15,7.01,7.67,16.47,17.9,9.76,Watford,Manchester City,0:4
92,2020-07-15,Manchester City - AFC Bournemouth 2:1,England. Premier League,98,Manchester City,4-2-3-1 (100.0%),2,0.81,7,3,42.86,722,649,89.89,73.21,103,28,41,34,85,43,33,9,186,91,48.92,2,1,50.0,20,5,25.0,1,0,0.0,22,1,4.55,3,0,0.0,1,0,0.0,0,0,0,15,4,26.67,4,9,20,2,9,15,48,20,41.67,2,1,15,4,26.67,51,30,58.82,50,23,46.0,3,1,33.33,51,21,10,1,0,168,128,76.19,98,95,96.94,348,329,94.54,53,30,56.6,55,45,81.82,73,52,71.23,4,3,75.0,5,5,100.0,9,18.1,8.8,7.34,17.39,19.25,5.73,Manchester City,AFC Bournemouth,2:1
93,2020-07-11,Brighton & Hove Albion - Manchester City 0:5,England. Premier League,94,Manchester City,4-3-3 (100.0%),5,4.69,24,8,33.33,790,702,88.86,65.46,91,12,31,48,67,19,32,16,129,77,59.69,7,2,28.57,33,16,48.48,1,0,0.0,23,7,30.43,7,3,42.86,1,2,200.0,0,0,0,18,3,16.67,3,13,29,7,9,30,55,30,54.55,1,0,2,0,0.0,33,24,72.73,20,9,45.0,0,0,0.0,43,10,3,0,0,186,150,80.65,134,128,95.52,343,316,92.13,47,31,65.96,71,51,71.83,87,71,81.61,12,4,33.33,20,20,100.0,4,20.41,7.98,5.95,15.26,18.98,9.27,Brighton & Hove Albion,Manchester City,0:5
94,2020-07-08,Manchester City - Newcastle United 5:0,England. Premier League,95,Manchester City,4-3-3 (100.0%),5,3.79,23,10,43.48,849,784,92.34,75.25,75,15,20,40,85,22,37,26,134,71,52.99,7,4,57.14,45,18,40.0,5,1,20.0,15,3,20.0,8,1,12.5,2,1,50.0,0,0,0,23,8,34.78,8,25,45,10,12,42,50,26,52.0,2,0,5,1,20.0,40,22,55.0,20,13,65.0,0,0,0.0,44,8,13,0,0,196,172,87.76,122,118,96.72,397,377,94.96,43,32,74.42,78,63,80.77,103,87,84.47,8,5,62.5,10,9,90.0,0,19.09,9.87,5.06,15.29,18.97,6.5,Manchester City,Newcastle United,5:0
95,2020-07-05,Southampton - Manchester City 1:0,England. Premier League,99,Manchester City,4-3-3 (100.0%),0,3.26,24,6,25.0,782,700,89.51,71.48,110,12,30,68,87,27,34,26,184,78,42.39,7,0,0.0,52,15,28.85,1,0,0.0,24,8,33.33,13,4,30.77,1,0,0.0,0,0,0,40,18,45.0,18,31,64,1,25,45,72,25,34.72,3,1,7,4,57.14,47,25,53.19,32,19,59.38,1,1,100.0,42,16,7,2,0,211,182,86.26,124,119,95.97,329,298,90.58,45,31,68.89,98,89,90.82,131,112,85.5,14,6,42.86,22,21,95.45,2,18.23,7.05,5.75,16.17,18.98,9.05,Southampton,Manchester City,1:0
96,2020-07-02,Manchester City - Liverpool 4:0,England. Premier League,99,Manchester City,4-2-3-1 (100.0%),4,2.58,14,6,42.86,480,413,86.04,50.93,92,24,23,45,67,36,28,3,145,73,50.34,3,1,33.33,28,6,21.43,7,6,85.71,16,2,12.5,3,1,33.33,0,0,0.0,1,1,100,8,4,50.0,3,10,18,4,5,17,56,23,41.07,3,0,10,3,30.0,50,28,56.0,20,12,60.0,2,2,100.0,38,18,8,2,0,134,107,79.85,85,75,88.24,221,198,89.59,43,29,67.44,43,28,65.12,68,46,67.65,6,1,16.67,24,22,91.67,6,16.74,4.8,8.96,15.02,20.57,26.36,Manchester City,Liverpool,4:0
97,2020-06-25,Chelsea - Manchester City 2:1,England. Premier League,98,Manchester City,4-3-3 (80.36%),1,0.49,11,2,18.18,695,631,90.79,65.73,76,12,19,45,50,12,26,12,129,55,42.64,7,1,14.29,33,3,9.09,4,1,25.0,27,6,22.22,7,2,28.57,4,2,50.0,0,0,0,12,4,33.33,3,8,28,5,10,20,56,20,35.71,1,2,13,6,46.15,34,20,58.82,19,6,31.58,0,0,0.0,32,6,3,1,1,192,155,80.73,118,115,97.46,283,268,94.7,48,30,62.5,88,72,81.82,68,56,82.35,7,5,71.43,16,15,93.75,4,17.91,7.39,6.91,22.9,17.98,17.63,Chelsea,Manchester City,2:1
98,2020-06-22,Manchester City - Burnley 5:0,England. Premier League,97,Manchester City,4-3-3 (100.0%),5,2.97,18,7,38.89,796,731,91.83,71.05,78,8,28,42,71,33,29,9,121,63,52.07,8,3,37.5,35,11,31.43,2,2,100.0,15,3,20.0,3,2,66.67,2,0,0.0,1,1,100,9,3,33.33,3,18,33,6,5,27,36,17,47.22,1,0,1,0,0.0,40,21,52.5,30,21,70.0,2,0,0.0,24,11,8,1,0,204,169,82.84,130,125,96.15,348,334,95.98,44,26,59.09,73,65,89.04,84,70,83.33,7,1,14.29,17,17,100.0,3,19.62,10.08,5.53,18.4,18.12,16.47,Manchester City,Burnley,5:0
99,2020-06-17,Manchester City - Arsenal 3:0,England. Premier League,104,Manchester City,4-3-3 (85.05%),3,3.51,18,12,66.67,675,625,92.59,63.82,62,10,12,40,52,17,21,14,127,65,51.18,5,3,60.0,30,7,23.33,6,4,66.67,22,3,13.64,5,0,0.0,4,1,25.0,1,1,100,12,4,33.33,2,15,26,9,3,30,55,24,43.64,1,0,2,0,0.0,39,22,56.41,12,9,75.0,5,2,40.0,21,6,9,1,0,177,162,91.53,123,115,93.5,288,273,94.79,38,30,78.95,64,58,90.63,85,72,84.71,11,8,72.73,18,18,100.0,5,19.49,8.88,5.63,17.18,18.76,13.95,Manchester City,Arsenal,3:0
100,2020-03-08,Manchester United - Manchester City 2:0,England. Premier League,99,Manchester City,4-3-3 (100.0%),0,0.58,6,4,66.67,749,653,87.18,70.35,97,10,28,59,69,25,24,20,164,77,46.95,3,2,66.67,40,2,5.0,2,2,100.0,25,2,8.0,11,2,18.18,0,0,0.0,0,0,0,28,7,25.0,7,5,35,9,17,12,70,27,38.57,2,2,11,5,45.45,55,32,58.18,22,14,63.64,7,5,71.43,37,8,9,4,0,179,144,80.45,105,102,97.14,353,314,88.95,58,34,58.62,97,79,81.44,100,81,81.0,17,7,41.18,27,27,100.0,2,18.31,6.94,7.74,18.3,19.92,7.21,Manchester United,Manchester City,2:0
101,2020-02-22,Leicester City - Manchester City 0:1,England. Premier League,95,Manchester City,4-3-3 (100.0%),1,1.54,17,7,41.18,649,585,90.14,66.67,86,13,23,50,77,29,27,21,185,87,47.03,9,1,11.11,40,10,25.0,3,0,0.0,26,4,15.38,7,3,42.86,3,0,0.0,1,0,0,14,3,21.43,2,15,30,8,6,24,77,34,44.16,1,0,8,2,25.0,56,31,55.36,20,8,40.0,5,4,80.0,39,14,10,0,0,154,124,80.52,90,87,96.67,297,280,94.28,45,35,77.78,75,67,89.33,79,69,87.34,19,7,36.84,21,19,90.48,4,17.33,6.01,6.93,20.86,19.72,8.64,Leicester City,Manchester City,0:1
102,2020-02-19,Manchester City - West Ham United 2:0,England. Premier League,95,Manchester City,4-3-3 (89.78%),2,1.99,16,5,31.25,896,807,90.07,72.98,97,13,15,69,83,30,29,24,152,79,51.97,5,2,40.0,50,8,16.0,5,3,60.0,22,5,22.73,7,2,28.57,1,1,100.0,0,0,0,33,12,36.36,9,20,55,10,19,45,57,32,56.14,1,0,3,0,0.0,44,27,61.36,25,11,44.0,3,2,66.67,36,12,5,0,0,210,176,83.81,96,92,95.83,415,384,92.53,38,27,71.05,102,94,92.16,98,91,92.86,23,8,34.78,15,15,100.0,5,19.56,9.14,4.24,17.02,17.25,7.0,Manchester City,West Ham United,2:0
103,2020-02-02,Tottenham Hotspur - Manchester City 2:0,England. Premier League,99,Manchester City,4-4-2 (66.13%),0,2.85,18,5,27.78,675,590,87.41,65.69,99,6,29,64,89,26,43,20,176,89,50.57,5,3,60.0,50,12,24.0,3,2,66.67,17,4,23.53,6,1,16.67,2,1,50.0,1,0,0,24,4,16.67,4,16,38,4,12,30,61,23,37.7,0,2,3,3,100.0,58,35,60.34,21,12,57.14,6,2,33.33,36,10,14,4,1,179,145,81.01,87,86,98.85,313,281,89.78,45,30,66.67,101,84,83.17,119,106,89.08,8,3,37.5,18,18,100.0,1,17.61,6.43,6.67,16.13,20.96,6.26,Tottenham Hotspur,Manchester City,2:0
104,2020-01-21,Sheffield United - Manchester City 0:1,England. Premier League,97,Manchester City,3-4-3 (100.0%),1,3.19,17,5,29.41,589,518,87.95,64.8,98,26,26,46,78,41,28,9,194,92,47.42,6,0,0.0,33,8,24.24,5,2,40.0,32,5,15.63,13,4,30.77,3,0,0.0,1,0,0,13,2,15.38,2,13,29,6,7,25,58,22,37.93,1,0,3,1,33.33,45,27,60.0,44,26,59.09,1,0,0.0,46,19,13,3,0,170,137,80.59,75,75,100.0,261,236,90.42,43,27,62.79,74,60,81.08,102,83,81.37,11,5,45.45,23,23,100.0,3,18.28,5.35,7.3,17.62,20.23,7.27,Sheffield United,Manchester City,0:1
105,2020-01-18,Manchester City - Crystal Palace 2:2,England. Premier League,98,Manchester City,4-3-3 (91.73%),2,2.94,23,6,26.09,673,593,88.11,66.28,116,3,29,84,101,31,44,26,229,102,44.54,10,0,0.0,52,16,30.77,3,1,33.33,26,5,19.23,14,0,0.0,2,0,0.0,0,0,0,48,22,45.83,18,29,63,9,27,60,82,33,40.24,0,2,5,4,80.0,63,40,63.49,47,15,31.91,2,1,50.0,37,5,9,1,0,187,154,82.35,69,61,88.41,284,258,90.85,46,32,69.57,77,67,87.01,102,92,90.2,17,12,70.59,19,19,100.0,5,17.4,6.23,6.84,18.2,18.23,5.03,Manchester City,Crystal Palace,2:2
106,2020-01-12,Aston Villa - Manchester City 1:6,England. Premier League,92,Manchester City,4-3-3 (100.0%),6,3.31,20,8,40.0,849,787,92.7,67.51,76,13,18,45,83,24,38,21,185,93,50.27,9,2,22.22,47,15,31.91,3,1,33.33,14,3,21.43,4,3,75.0,1,0,0.0,0,0,0,20,7,35.0,6,25,42,7,9,33,67,28,41.79,0,1,5,1,20.0,62,37,59.68,27,17,62.96,2,1,50.0,23,9,12,1,0,203,169,83.25,130,127,97.69,361,342,94.74,39,25,64.1,69,58,84.06,77,64,83.12,20,11,55.0,12,12,100.0,4,21.32,9.54,4.59,15.45,16.48,8.55,Aston Villa,Manchester City,1:6
107,2020-01-01,Manchester City - Everton 2:1,England. Premier League,96,Manchester City,3-4-3 (100.0%),2,2.27,15,7,46.67,771,706,91.57,59.63,90,20,35,35,86,32,41,13,185,83,44.86,4,2,50.0,32,10,31.25,0,0,0.0,17,5,29.41,3,1,33.33,2,1,50.0,0,0,0,9,6,66.67,6,11,25,4,7,18,45,17,37.78,4,1,7,2,28.57,45,25,55.56,42,13,30.95,7,4,57.14,48,7,11,0,0,214,178,83.18,133,132,99.25,288,275,95.49,43,27,62.79,66,47,71.21,77,59,76.62,12,6,50.0,13,13,100.0,4,22.1,8.57,5.58,15.95,17.0,9.48,Manchester City,Everton,2:1
108,2019-12-29,Manchester City - Sheffield United 2:0,England. Premier League,95,Manchester City,4-2-3-1 (48.43%),2,1.12,15,4,26.67,821,751,91.47,67.6,104,15,33,56,67,37,22,8,138,66,47.83,10,2,20.0,39,11,28.21,4,0,0.0,26,2,7.69,8,1,12.5,2,0,0.0,0,0,0,12,4,33.33,3,11,30,6,5,23,50,21,42.0,1,0,8,0,0.0,35,18,51.43,25,13,52.0,5,1,20.0,30,14,5,1,0,197,161,81.73,105,103,98.1,385,363,94.29,35,18,51.43,87,69,79.31,74,56,75.68,5,2,40.0,16,16,100.0,8,19.74,8.73,4.26,21.58,17.6,10.42,Manchester City,Sheffield United,2:0
109,2019-12-27,Wolverhampton Wanderers - Manchester City 3:2,England. Premier League,102,Manchester City,4-2-3-1 (13.75%),2,2.1,7,3,42.86,316,274,86.71,36.03,97,43,30,24,69,42,21,6,175,72,41.14,2,0,0.0,20,5,25.0,2,0,0.0,16,0,0.0,1,0,0.0,1,0,0.0,1,0,0,1,1,100.0,1,1,7,3,0,5,48,19,39.58,1,3,19,9,47.37,63,32,50.79,29,9,31.03,1,0,0.0,49,36,13,1,1,93,68,73.12,50,48,96.0,122,114,93.44,25,16,64.0,38,29,76.32,52,39,75.0,3,2,66.67,12,10,83.33,12,17.42,3.47,7.91,14.13,18.95,25.25,Wolverhampton Wanderers,Manchester City,3:2
110,2019-12-21,Manchester City - Leicester City 3:1,England. Premier League,97,Manchester City,4-2-3-1 (96.02%),3,4.09,23,12,52.17,672,608,90.48,62.23,86,4,31,51,68,20,29,19,163,66,40.49,9,3,33.33,36,12,33.33,5,2,40.0,25,7,28.0,6,2,33.33,4,0,0.0,1,1,100,13,8,61.54,7,14,35,12,6,35,65,25,38.46,1,1,5,2,40.0,48,24,50.0,18,8,44.44,6,4,66.67,27,6,14,2,0,163,134,82.21,111,108,97.3,313,292,93.29,48,34,70.83,66,51,77.27,85,73,85.88,9,6,66.67,18,17,94.44,7,17.73,7.15,7.14,15.3,19.91,9.31,Manchester City,Leicester City,3:1
111,2019-12-15,Arsenal - Manchester City 0:3,England. Premier League,96,Manchester City,4-2-3-1 (100.0%),3,1.6,13,7,53.85,652,595,91.26,55.76,88,17,29,42,61,22,24,15,177,78,44.07,6,3,50.0,31,10,32.26,3,1,33.33,18,0,0.0,3,0,0.0,1,0,0.0,0,0,0,9,4,44.44,5,9,21,4,5,18,62,22,35.48,1,0,7,2,28.57,79,39,49.37,24,15,62.5,1,1,100.0,32,19,24,4,0,187,157,83.96,111,107,96.4,243,229,94.24,20,14,70.0,59,49,83.05,66,50,75.76,7,2,28.57,19,18,94.74,4,19.53,7.67,3.07,17.79,17.42,8.97,Arsenal,Manchester City,0:3
112,2019-12-07,Manchester City - Manchester United 1:2,England. Premier League,97,Manchester City,4-2-3-1 (100.0%),1,2.85,21,5,23.81,642,561,87.38,69.78,106,11,13,82,79,26,18,35,191,112,58.64,5,3,60.0,58,12,20.69,2,2,100.0,30,5,16.67,16,4,25.0,2,0,0.0,0,0,0,43,11,25.58,11,25,59,15,17,53,83,51,61.45,0,2,10,7,70.0,67,43,64.18,23,11,47.83,7,2,28.57,33,9,10,3,0,174,142,81.61,79,75,94.94,292,266,91.1,38,24,63.16,88,73,82.95,71,66,92.96,16,6,37.5,26,24,92.31,4,17.31,5.49,5.92,16.14,20.82,4.2,Manchester City,Manchester United,1:2
113,2019-12-03,Burnley - Manchester City 1:4,England. Premier League,95,Manchester City,4-3-3 (100.0%),4,2.38,15,8,53.33,769,689,89.6,76.59,105,22,36,47,86,35,31,20,147,62,42.18,8,4,50.0,38,10,26.32,2,1,50.0,19,4,21.05,6,1,16.67,0,0,0.0,0,0,0,28,5,17.86,4,23,46,3,16,29,56,19,33.93,3,1,3,2,66.67,26,14,53.85,31,12,38.71,1,1,100.0,27,13,6,1,0,226,195,86.28,128,122,95.31,329,306,93.01,53,33,62.26,93,80,86.02,134,114,85.07,8,5,62.5,21,18,85.71,5,17.96,8.45,6.89,18.37,20.26,9.94,Burnley,Manchester City,1:4
114,2019-11-30,Newcastle United - Manchester City 2:2,England. Premier League,96,Manchester City,4-2-3-1 (88.62%),2,2.22,20,6,30.0,764,673,88.09,66.94,101,10,18,73,87,25,37,25,215,90,41.86,9,2,22.22,62,15,24.19,2,0,0.0,22,5,22.73,10,4,40.0,1,0,0.0,0,0,0,31,8,25.81,7,22,52,6,18,35,61,14,22.95,3,2,6,3,50.0,60,38,63.33,36,17,47.22,3,2,66.67,28,11,6,2,0,173,139,80.35,84,82,97.62,379,342,90.24,46,29,63.04,106,88,83.02,116,101,87.07,20,11,55.0,22,21,95.45,5,20.17,6.88,6.02,17.7,19.26,6.2,Newcastle United,Manchester City,2:2
115,2019-11-23,Manchester City - Chelsea 2:1,England. Premier League,97,Manchester City,4-3-3 (55.17%),2,1.31,16,4,25.0,529,461,87.15,48.14,90,12,26,52,78,29,33,16,175,82,46.86,6,2,33.33,32,6,18.75,4,2,50.0,30,5,16.67,8,3,37.5,2,1,50.0,0,0,0,21,6,28.57,5,13,30,6,7,32,70,24,34.29,3,1,10,2,20.0,55,30,54.55,17,13,76.47,3,3,100.0,28,12,5,1,0,161,133,82.61,93,89,95.7,200,181,90.5,45,33,73.33,61,46,75.41,88,73,82.95,3,2,66.67,20,18,90.0,10,17.18,5.14,8.51,18.32,19.84,26.5,Manchester City,Chelsea,2:1
116,2019-11-10,Liverpool - Manchester City 3:1,England. Premier League,96,Manchester City,4-4-1-1 (100.0%),1,1.35,18,3,16.67,495,404,81.62,55.6,125,22,29,74,78,28,30,20,158,93,58.86,6,0,0.0,36,9,25.0,6,1,16.67,32,8,25.0,13,4,30.77,4,1,25.0,0,0,0,24,6,25.0,6,13,44,16,11,38,68,40,58.82,5,3,11,5,45.45,51,29,56.86,23,13,56.52,2,1,50.0,41,22,5,2,0,152,106,69.74,70,66,94.29,214,183,85.51,65,35,53.85,63,43,68.25,87,65,74.71,8,4,50.0,17,14,82.35,6,16.17,4.54,13.13,17.52,20.58,13.87,Liverpool,Manchester City,3:1
117,2019-11-02,Manchester City - Southampton 2:1,England. Premier League,96,Manchester City,4-3-3 (47.8%),2,2.7,24,4,16.67,652,549,84.2,72.8,125,9,16,100,97,15,42,40,243,113,46.5,7,0,0.0,65,15,23.08,3,1,33.33,29,6,20.69,17,5,29.41,3,0,0.0,0,0,0,63,20,31.75,19,35,95,18,41,59,111,53,47.75,3,1,3,3,100.0,43,23,53.49,48,23,47.92,3,0,0.0,22,5,11,3,0,207,169,81.64,95,88,92.63,263,225,85.55,35,20,57.14,85,75,88.24,111,96,86.49,14,6,42.86,34,33,97.06,2,16.18,5.48,5.37,15.67,20.62,3.42,Manchester City,Southampton,2:1
118,2019-10-26,Manchester City - Aston Villa 3:0,England. Premier League,95,Manchester City,4-3-3 (92.66%),3,3.19,23,9,39.13,580,513,88.45,62.83,83,14,15,54,71,28,22,21,198,95,47.98,3,1,33.33,39,14,35.9,6,1,16.67,24,5,20.83,13,5,38.46,1,0,0.0,0,0,0,19,7,36.84,6,34,54,8,8,56,65,28,43.08,1,0,10,4,40.0,75,41,54.67,31,17,54.84,5,1,20.0,38,15,10,2,1,180,150,83.33,85,78,91.76,203,187,92.12,41,32,78.05,68,59,86.76,83,74,89.16,19,6,31.58,16,15,93.75,4,17.66,5.86,7.07,15.63,17.53,8.5,Manchester City,Aston Villa,3:0
119,2019-10-19,Crystal Palace - Manchester City 0:2,England. Premier League,95,Manchester City,4-3-3 (85.13%),2,2.74,18,9,50.0,674,590,87.54,67.97,95,19,28,48,81,30,27,24,200,98,49.0,5,3,60.0,42,14,33.33,2,2,100.0,23,2,8.7,8,2,25.0,0,0,0.0,0,0,0,25,10,40.0,7,22,43,4,10,43,71,32,45.07,2,0,7,2,28.57,60,33,55.0,38,16,42.11,4,3,75.0,26,11,10,1,0,180,136,75.56,103,100,97.09,289,273,94.46,42,25,59.52,67,55,82.09,98,80,81.63,9,4,44.44,21,21,100.0,5,19.03,6.61,6.23,14.99,18.03,7.21,Crystal Palace,Manchester City,0:2
120,2019-10-06,Manchester City - Wolverhampton Wanderers 0:2,England. Premier League,97,Manchester City,4-3-3 (63.69%),0,1.81,19,3,15.79,683,603,88.29,74.96,108,9,19,80,86,25,35,26,200,81,40.5,9,2,22.22,56,11,19.64,1,0,0.0,27,6,22.22,9,1,11.11,6,0,0.0,0,0,0,39,13,33.33,10,14,50,1,27,30,76,23,30.26,1,2,7,2,28.57,54,29,53.7,25,11,44.0,4,2,50.0,30,8,11,5,0,198,167,84.34,111,106,95.5,272,245,90.07,37,24,64.86,128,110,85.94,136,126,92.65,16,6,37.5,25,24,96.0,2,16.2,6.27,5.42,17.95,20.17,3.84,Manchester City,Wolverhampton Wanderers,0:2
121,2019-09-28,Everton - Manchester City 1:3,England. Premier League,100,Manchester City,4-4-1-1 (93.6%),3,3.84,17,8,47.06,621,558,89.86,63.75,74,15,20,39,71,29,28,14,191,96,50.26,6,4,66.67,37,14,37.84,4,1,25.0,12,1,8.33,2,0,0.0,1,0,0.0,0,0,0,23,9,39.13,9,19,36,2,11,28,71,31,43.66,4,1,11,7,63.64,58,32,55.17,27,13,48.15,2,0,0.0,39,13,8,2,0,159,128,80.5,109,107,98.17,258,243,94.19,48,27,56.25,70,50,71.43,79,67,84.81,10,4,40.0,16,15,93.75,4,17.69,6.82,7.73,14.8,20.02,9.91,Everton,Manchester City,1:3
122,2019-09-21,Manchester City - Watford 8:0,England. Premier League,96,Manchester City,4-3-3 (100.0%),8,4.88,27,12,44.44,733,658,89.77,67.81,85,13,26,46,82,22,48,12,175,100,57.14,9,4,44.44,44,17,38.64,2,1,50.0,16,6,37.5,5,2,40.0,2,2,100.0,1,1,100,26,12,46.15,12,15,38,2,18,39,67,29,43.28,2,0,5,4,80.0,54,40,74.07,23,14,60.87,2,0,0.0,31,8,6,2,0,221,191,86.43,110,107,97.27,297,270,90.91,25,16,64.0,78,72,92.31,118,98,83.05,16,6,37.5,20,18,90.0,1,19.01,7.4,3.41,16.29,18.45,11.42,Manchester City,Watford,8:0
123,2019-09-14,Norwich City - Manchester City 3:2,England. Premier League,95,Manchester City,4-2-3-1 (60.8%),2,2.66,25,8,32.0,671,590,87.93,68.65,103,12,16,75,98,19,43,36,211,113,53.55,7,1,14.29,62,16,25.81,1,0,0.0,26,9,34.62,16,7,43.75,3,1,33.33,0,0,0,36,12,33.33,12,14,54,8,24,48,86,42,48.84,0,3,6,3,50.0,58,39,67.24,43,21,48.84,1,0,0.0,33,8,7,1,0,147,122,82.99,81,79,97.53,322,295,91.61,31,22,70.97,82,75,91.46,84,77,91.67,10,1,10.0,16,16,100.0,2,17.72,6.33,4.62,15.2,18.56,7.29,Norwich City,Manchester City,3:2
124,2019-08-31,Manchester City - Brighton & Hove Albion 4:0,England. Premier League,96,Manchester City,4-3-3 (100.0%),4,1.94,15,6,40.0,576,512,88.89,55.02,84,23,16,45,66,23,24,19,157,83,52.87,5,1,20.0,29,9,31.03,5,2,40.0,19,3,15.79,8,3,37.5,2,0,0.0,0,0,0,12,2,16.67,2,23,35,2,7,30,58,25,43.1,1,0,5,3,60.0,59,39,66.1,18,9,50.0,3,2,66.67,43,25,9,1,0,180,151,83.89,92,86,93.48,184,166,90.22,31,17,54.84,52,37,71.15,80,63,78.75,18,9,50.0,10,9,90.0,2,18.19,6.62,5.38,16.08,17.26,10.22,Manchester City,Brighton & Hove Albion,4:0
125,2019-08-25,AFC Bournemouth - Manchester City 1:3,England. Premier League,100,Manchester City,4-3-3 (100.0%),3,2.66,15,5,33.33,712,632,88.76,71.02,116,28,40,48,76,43,23,10,169,85,50.3,4,0,0.0,33,8,24.24,6,1,16.67,17,6,35.29,5,2,40.0,0,0,0.0,0,0,0,9,6,66.67,6,19,29,0,8,24,42,18,42.86,3,1,9,7,77.78,57,34,59.65,31,17,54.84,3,1,33.33,32,17,13,3,0,190,145,76.32,94,89,94.68,311,295,94.86,33,15,45.45,85,65,76.47,110,91,82.73,18,6,33.33,21,19,90.48,2,17.25,7.82,4.63,15.37,18.3,8.74,AFC Bournemouth,Manchester City,1:3
126,2019-08-17,Manchester City - Tottenham Hotspur 2:2,England. Premier League,98,Manchester City,4-2-3-1 (100.0%),2,3.39,28,7,25.0,606,535,88.28,58.14,83,7,17,59,72,12,36,24,200,94,47.0,8,3,37.5,58,17,29.31,1,0,0.0,21,7,33.33,13,5,38.46,1,1,100.0,0,0,0,30,10,33.33,11,15,52,4,21,42,68,24,35.29,3,2,3,2,66.67,65,40,61.54,26,15,57.69,1,0,0.0,50,6,14,1,0,183,163,89.07,92,88,95.65,243,216,88.89,37,22,59.46,78,66,84.62,107,94,87.85,13,8,61.54,12,11,91.67,3,17.05,5.83,6.11,16.87,20.06,7.57,Manchester City,Tottenham Hotspur,2:2
127,2019-08-10,West Ham United - Manchester City 0:5,England. Premier League,96,Manchester City,4-1-4-1 (100.0%),5,2.2,13,8,61.54,527,470,89.18,56.1,84,18,29,37,82,38,34,10,212,112,52.83,4,1,25.0,29,8,27.59,6,2,33.33,13,2,15.38,1,0,0.0,0,0,0.0,1,1,100,8,3,37.5,4,10,27,4,3,18,60,25,41.67,4,0,5,3,60.0,75,51,68.0,37,17,45.95,3,2,66.67,35,19,13,2,0,179,152,84.92,79,75,94.94,173,160,92.49,35,22,62.86,66,53,80.3,85,69,81.18,20,11,55.0,14,12,85.71,5,18.34,5.92,6.64,16.27,18.04,9.8,West Ham United,Manchester City,0:5
128,2019-05-12,Brighton & Hove Albion - Manchester City 1:4,England. Premier League,94,Manchester City,4-3-3 (100.0%),4,1.55,20,9,45.0,771,709,91.96,71.36,65,4,16,45,72,22,26,24,167,81,48.5,11,4,36.36,38,11,28.95,0,0,0.0,23,7,30.43,6,2,33.33,2,0,0.0,0,0,0,19,2,10.53,2,33,46,5,9,38,61,30,49.18,1,1,6,2,33.33,48,28,58.33,31,11,35.48,0,0,0.0,22,10,8,0,0,197,173,87.82,97,97,100.0,333,306,91.89,31,18,58.06,83,68,81.93,97,92,94.85,13,7,53.85,11,10,90.91,5,19.57,8.76,4.02,19.52,17.29,9.19,Brighton & Hove Albion,Manchester City,1:4
129,2019-05-06,Manchester City - Leicester City 1:0,England. Premier League,95,Manchester City,4-3-3 (100.0%),1,1.37,19,4,21.05,644,562,87.27,59.87,107,12,22,73,85,19,43,23,177,65,36.72,13,2,15.38,53,12,22.64,5,0,0.0,20,7,35.0,11,6,54.55,2,1,50.0,0,0,0,25,2,8.0,4,15,42,5,14,25,70,22,31.43,2,0,7,2,28.57,56,28,50.0,29,10,34.48,2,0,0.0,28,6,12,3,0,175,143,81.71,80,77,96.25,277,253,91.34,33,19,57.58,97,84,86.6,98,86,87.76,11,3,27.27,20,18,90.0,5,18.64,6.38,5.12,19.67,19.49,10.63,Manchester City,Leicester City,1:0
130,2019-04-28,Burnley - Manchester City 0:1,England. Premier League,97,Manchester City,3-4-3 (87.05%),1,2.89,23,7,30.43,604,529,87.58,68.68,88,16,23,49,99,45,34,20,188,100,53.19,8,1,12.5,54,20,37.04,1,1,100.0,17,2,11.76,6,1,16.67,1,0,0.0,0,0,0,29,7,24.14,8,15,44,4,13,37,60,26,43.33,3,0,1,0,0.0,53,33,62.26,47,28,59.57,0,0,0.0,40,22,6,1,0,170,135,79.41,75,75,100.0,258,235,91.09,38,21,55.26,88,69,78.41,92,73,79.35,4,0,0.0,18,15,83.33,5,16.28,5.75,6.29,18.26,19.16,9.73,Burnley,Manchester City,0:1
131,2019-04-24,Manchester United - Manchester City 0:2,England. Premier League,98,Manchester City,4-3-3 (100.0%),2,1.07,8,4,50.0,684,613,89.62,61.59,83,10,37,36,78,31,34,13,176,90,51.14,3,1,33.33,33,6,18.18,5,2,40.0,19,0,0.0,1,0,0.0,2,0,0.0,0,0,0,12,2,16.67,1,23,30,6,4,30,65,29,44.62,2,0,11,2,18.18,60,35,58.33,23,12,52.17,4,2,50.0,45,8,10,2,0,189,157,83.07,111,107,96.4,256,235,91.8,43,25,58.14,63,52,82.54,83,65,78.31,7,1,14.29,10,10,100.0,10,19.45,7.69,6.29,17.07,17.6,8.93,Manchester United,Manchester City,0:2
132,2019-04-20,Manchester City - Tottenham Hotspur 1:0,England. Premier League,95,Manchester City,4-3-3 (39.02%),1,1.69,15,4,26.67,566,500,88.34,60.37,103,19,29,55,67,19,31,17,210,102,48.57,5,0,0.0,43,12,27.91,4,1,25.0,19,2,10.53,4,1,25.0,3,1,33.33,0,0,0,16,3,18.75,3,18,39,5,9,24,87,34,39.08,2,0,10,4,40.0,62,41,66.13,30,15,50.0,6,3,50.0,28,10,11,1,0,156,123,78.85,89,84,94.38,221,204,92.31,40,20,50.0,64,45,70.31,90,71,78.89,12,4,33.33,33,31,93.94,4,17.78,5.44,7.07,17.38,20.75,7.05,Manchester City,Tottenham Hotspur,1:0
133,2019-04-14,Crystal Palace - Manchester City 1:3,England. Premier League,95,Manchester City,4-3-3 (92.64%),3,2.29,18,6,33.33,726,654,90.08,72.18,99,19,18,62,93,32,40,21,231,115,49.78,8,1,12.5,53,10,18.87,5,4,80.0,19,4,21.05,9,1,11.11,1,0,0.0,0,0,0,22,6,27.27,4,26,39,3,8,37,84,29,34.52,2,1,7,3,42.86,76,52,68.42,33,17,51.52,0,0,0.0,24,11,11,0,0,200,175,87.5,111,103,92.79,291,268,92.1,47,35,74.47,98,85,86.73,107,95,88.79,9,4,44.44,25,23,92.0,3,17.93,7.05,6.47,17.87,17.82,7.56,Crystal Palace,Manchester City,1:3
134,2019-04-03,Manchester City - Cardiff City 2:0,England. Premier League,94,Manchester City,4-3-3 (100.0%),2,3.21,27,11,40.74,664,608,91.57,75.48,77,7,19,51,82,39,27,16,147,82,55.78,12,5,41.67,41,9,21.95,5,2,40.0,31,14,45.16,17,9,52.94,5,1,20.0,0,0,0,22,8,36.36,9,18,42,7,11,38,62,28,45.16,2,0,3,1,33.33,36,27,75.0,31,16,51.61,2,1,50.0,24,3,3,0,0,174,156,89.66,89,86,96.63,276,256,92.75,13,9,69.23,87,76,87.36,97,88,90.72,19,11,57.89,15,15,100.0,6,16.54,7.22,1.96,17.93,17.33,8.29,Manchester City,Cardiff City,2:0
135,2019-03-30,Fulham - Manchester City 0:2,England. Premier League,95,Manchester City,4-3-3 (100.0%),2,2.45,23,6,26.09,675,607,89.93,64.48,75,9,22,44,67,21,28,18,175,83,47.43,10,2,20.0,43,15,34.88,0,0,0.0,25,7,28.0,11,5,45.45,2,0,0.0,0,0,0,16,2,12.5,3,21,33,2,5,39,59,26,44.07,1,0,3,0,0.0,65,37,56.92,22,8,36.36,2,1,50.0,30,6,12,0,0,192,159,82.81,98,96,97.96,270,253,93.7,28,15,53.57,71,57,80.28,85,68,80.0,14,2,14.29,24,24,100.0,6,19.19,6.62,4.15,17.29,17.19,8.38,Fulham,Manchester City,0:2
136,2019-03-09,Manchester City - Watford 3:1,England. Premier League,95,Manchester City,4-3-3 (100.0%),3,2.55,17,8,47.06,723,655,90.59,70.54,93,7,21,65,83,24,40,19,151,74,49.01,5,1,20.0,51,8,15.69,6,2,33.33,19,6,31.58,9,3,33.33,2,0,0.0,0,0,0,22,7,31.82,8,27,59,8,11,35,69,26,37.68,4,1,2,1,50.0,38,21,55.26,26,19,73.08,3,0,0.0,33,3,11,1,0,190,160,84.21,94,88,93.62,287,266,92.68,32,18,56.25,88,78,88.64,99,85,85.86,23,13,56.52,12,12,100.0,2,18.69,8.12,4.43,16.28,16.31,6.65,Manchester City,Watford,3:1
137,2019-03-02,AFC Bournemouth - Manchester City 0:1,England. Premier League,97,Manchester City,4-3-3 (100.0%),1,1.93,19,5,26.32,812,729,89.78,79.82,85,5,16,64,77,27,29,21,132,65,49.24,9,1,11.11,56,11,19.64,3,1,33.33,23,7,30.43,14,6,42.86,1,1,100.0,0,0,0,28,2,7.14,4,20,48,9,15,36,56,22,39.29,2,0,0,0,0.0,30,17,56.67,23,13,56.52,3,2,66.67,26,12,7,2,0,202,162,80.2,110,106,96.36,364,339,93.13,30,20,66.67,115,101,87.83,85,75,88.24,22,9,40.91,22,21,95.45,2,18.98,7.59,3.69,18.01,17.31,6.82,AFC Bournemouth,Manchester City,0:1
138,2019-02-27,Manchester City - West Ham United 1:0,England. Premier League,95,Manchester City,4-3-3 (100.0%),1,4.39,20,7,35.0,788,688,87.31,75.48,84,5,18,61,92,31,30,31,182,98,53.85,4,2,50.0,55,15,27.27,2,0,0.0,23,4,17.39,13,4,30.77,0,0,0.0,1,1,100,34,9,26.47,8,29,49,4,11,47,62,31,50.0,7,0,2,1,50.0,46,36,78.26,28,13,46.43,1,0,0.0,24,9,2,0,0,221,181,81.9,129,117,90.7,302,275,91.06,44,26,59.09,93,78,83.87,120,104,86.67,20,10,50.0,27,25,92.59,3,18.87,7.5,5.58,14.85,19.42,8.47,Manchester City,West Ham United,1:0
139,2019-02-10,Manchester City - Chelsea 6:0,England. Premier League,95,Manchester City,4-3-3 (100.0%),6,2.88,15,9,60.0,676,614,90.83,55.63,93,26,34,33,64,24,22,18,184,80,43.48,5,4,80.0,29,8,27.59,2,2,100.0,20,3,15.0,2,1,50.0,2,0,0.0,1,1,100,9,5,55.56,6,12,21,3,5,20,70,20,28.57,2,0,11,4,36.36,70,32,45.71,13,7,53.85,2,2,100.0,41,16,9,1,0,183,147,80.33,129,124,96.12,252,238,94.44,38,22,57.89,50,41,82.0,95,64,67.37,12,8,66.67,13,13,100.0,4,19.28,7.6,5.62,17.12,18.33,13.04,Manchester City,Chelsea,6:0
140,2019-02-06,Everton - Manchester City 0:2,England. Premier League,100,Manchester City,4-3-3 (100.0%),2,2.19,15,4,26.67,535,463,86.54,62.25,106,30,23,53,84,50,15,19,232,113,48.71,3,0,0.0,44,11,25.0,0,0,0.0,24,4,16.67,6,2,33.33,1,1,100.0,0,0,0,13,2,15.38,2,18,28,2,6,32,88,27,30.68,5,0,4,1,25.0,56,38,67.86,44,25,56.82,4,3,75.0,36,20,6,1,0,147,109,74.15,84,78,92.86,242,223,92.15,51,28,54.9,80,62,77.5,91,73,80.22,8,4,50.0,23,20,86.96,6,15.98,4.91,9.53,16.87,22.19,11.53,Everton,Manchester City,0:2
141,2019-02-03,Manchester City - Arsenal 3:1,England. Premier League,95,Manchester City,4-3-3 (100.0%),3,2.92,19,12,63.16,622,542,87.14,60.35,86,10,32,44,72,24,27,21,147,78,53.06,7,2,28.57,47,12,25.53,5,3,60.0,13,3,23.08,4,2,50.0,3,1,33.33,0,0,0,22,7,31.82,7,24,42,5,6,37,51,28,54.9,5,1,5,2,40.0,47,25,53.19,23,15,65.22,0,0,0.0,43,8,10,1,0,182,150,82.42,97,85,87.63,246,225,91.46,44,27,61.36,72,62,86.11,102,81,79.41,14,5,35.71,20,19,95.0,2,17.89,6.76,7.07,16.6,18.96,9.16,Manchester City,Arsenal,3:1
142,2019-01-29,Newcastle United - Manchester City 2:1,England. Premier League,97,Manchester City,4-3-3 (86.25%),1,1.88,11,4,36.36,745,670,89.93,76.27,107,12,35,60,86,30,36,20,225,126,56.0,4,1,25.0,53,5,9.43,2,1,50.0,23,4,17.39,8,2,25.0,3,2,66.67,0,0,0,18,3,16.67,3,14,33,1,9,24,83,38,45.78,6,2,6,2,33.33,63,46,73.02,37,22,59.46,1,0,0.0,33,5,7,3,0,200,163,81.5,98,92,93.88,313,296,94.57,33,16,48.48,110,98,89.09,98,87,88.78,6,4,66.67,23,22,95.65,3,17.77,6.96,4.43,16.84,17.92,4.88,Newcastle United,Manchester City,2:1
143,2019-01-20,Huddersfield Town - Manchester City 0:3,England. Premier League,96,Manchester City,4-3-3 (85.47%),3,1.81,12,4,33.33,713,628,88.08,64.74,108,15,42,51,75,37,33,5,199,92,46.23,2,1,50.0,43,7,16.28,4,0,0.0,25,5,20.0,4,3,75.0,1,0,0.0,0,0,0,10,4,40.0,4,11,27,2,4,17,76,25,32.89,2,0,5,2,40.0,56,33,58.93,36,18,50.0,2,0,0.0,52,15,9,2,0,226,181,80.09,101,92,91.09,250,233,93.2,46,25,54.35,101,86,85.15,98,79,80.61,21,8,38.1,20,19,95.0,9,18.43,6.99,6.45,14.38,17.12,6.32,Huddersfield Town,Manchester City,0:3
144,2019-01-14,Manchester City - Wolverhampton Wanderers 3:0,England. Premier League,96,Manchester City,4-3-3 (100.0%),3,2.93,23,9,39.13,872,795,91.17,76.42,76,2,12,62,88,20,37,31,176,80,45.45,11,3,27.27,58,17,29.31,3,0,0.0,20,5,25.0,12,2,16.67,0,0,0.0,1,1,100,35,12,34.29,14,35,71,6,16,47,61,19,31.15,3,0,2,0,0.0,45,32,71.11,41,23,56.1,3,0,0.0,28,8,6,1,0,208,179,86.06,122,115,94.26,313,297,94.89,26,19,73.08,129,119,92.25,127,115,90.55,15,5,33.33,15,15,100.0,4,19.38,9.69,2.98,20.33,17.17,5.75,Manchester City,Wolverhampton Wanderers,3:0
145,2019-01-03,Manchester City - Liverpool 2:1,England. Premier League,97,Manchester City,4-1-4-1 (100.0%),2,1.19,9,4,44.44,565,474,83.89,52.82,105,23,33,49,89,35,39,15,190,94,49.47,3,0,0.0,39,7,17.95,2,1,50.0,12,1,8.33,2,0,0.0,1,0,0.0,0,0,0,11,4,36.36,4,14,26,3,7,23,71,26,36.62,2,1,6,5,83.33,62,36,58.06,32,21,65.63,4,1,25.0,64,30,12,4,0,182,135,74.18,94,88,93.62,211,187,88.63,53,34,64.15,68,39,57.35,82,68,82.93,20,6,30.0,23,21,91.3,3,17.14,5.23,9.38,20.9,19.76,9.28,Manchester City,Liverpool,2:1
146,2018-12-30,Southampton - Manchester City 1:3,England. Premier League,96,Manchester City,4-3-3 (100.0%),3,2.87,12,6,50.0,756,678,89.68,72.4,96,16,21,59,89,29,36,24,189,87,46.03,1,0,0.0,43,8,18.6,2,2,100.0,22,2,9.09,8,0,0.0,1,1,100.0,0,0,0,19,4,21.05,4,17,33,4,7,27,75,26,34.67,2,1,5,4,80.0,43,30,69.77,36,20,55.56,5,0,0.0,24,12,10,3,0,209,180,86.12,125,119,95.2,317,288,90.85,32,18,56.25,89,74,83.15,106,93,87.74,17,9,52.94,27,26,96.3,3,19.65,7.34,4.23,11.49,19.25,7.04,Southampton,Manchester City,1:3
147,2018-12-26,Leicester City - Manchester City 2:1,England. Premier League,95,Manchester City,4-3-3 (94.2%),1,1.57,11,4,36.36,624,531,85.1,63.43,103,12,22,69,85,27,41,17,189,87,46.03,4,2,50.0,54,9,16.67,7,1,14.29,18,1,5.56,7,0,0.0,2,0,0.0,0,0,0,36,5,13.89,5,24,46,2,18,34,74,31,41.89,3,2,9,5,55.56,50,32,64.0,39,12,30.77,5,2,40.0,29,14,8,2,1,181,151,83.43,79,74,93.67,240,201,83.75,58,33,56.9,93,73,78.49,102,84,82.35,7,6,85.71,26,25,96.15,5,17.05,5.07,9.29,17.45,19.02,9.09,Leicester City,Manchester City,2:1
148,2018-12-22,Manchester City - Crystal Palace 2:3,England. Premier League,97,Manchester City,4-3-3 (52.18%),2,1.26,16,5,31.25,733,648,88.4,75.42,102,6,15,81,89,18,40,31,224,105,46.88,8,3,37.5,55,12,21.82,3,2,66.67,21,1,4.76,13,1,7.69,4,0,0.0,0,0,0,43,11,25.58,10,22,55,2,26,34,79,25,31.65,2,3,4,3,75.0,71,44,61.97,41,22,53.66,1,1,100.0,22,2,7,0,0,187,159,85.03,113,105,92.92,331,296,89.43,48,33,68.75,116,103,88.79,117,109,93.16,13,6,46.15,24,23,95.83,1,16.5,7.12,6.55,21.5,20.69,6.76,Manchester City,Crystal Palace,2:3
149,2018-12-15,Manchester City - Everton 3:1,England. Premier League,95,Manchester City,4-3-3 (100.0%),3,1.49,13,5,38.46,690,596,86.38,66.12,91,15,33,43,78,25,39,14,174,80,45.98,4,1,25.0,42,7,16.67,4,1,25.0,21,4,19.05,6,2,33.33,1,1,100.0,0,0,0,15,3,20.0,3,6,32,4,6,19,54,24,44.44,3,1,8,2,25.0,57,31,54.39,32,15,46.88,6,3,50.0,32,11,7,1,0,204,153,75.0,121,114,94.21,242,218,90.08,42,22,52.38,98,76,77.55,92,81,88.04,17,2,11.76,29,28,96.55,5,17.97,6.27,6.09,20.56,18.86,9.37,Manchester City,Everton,3:1
150,2018-12-08,Chelsea - Manchester City 2:0,England. Premier League,96,Manchester City,4-3-3 (100.0%),0,0.81,10,4,40.0,638,555,86.99,61.44,109,15,30,64,80,20,35,25,195,90,46.15,4,2,50.0,40,3,7.5,2,1,50.0,32,6,18.75,13,3,23.08,3,1,33.33,0,0,0,20,5,25.0,5,16,31,3,10,20,87,34,39.08,2,2,8,5,62.5,69,47,68.12,24,4,16.67,3,0,0.0,38,8,11,0,0,165,135,81.82,98,90,91.84,307,277,90.23,42,27,64.29,82,63,76.83,96,80,83.33,3,3,100.0,23,23,100.0,6,17.98,6.02,6.58,25.45,20.91,7.48,Chelsea,Manchester City,2:0
151,2018-12-04,Watford - Manchester City 1:2,England. Premier League,95,Manchester City,4-3-3 (93.5%),2,2.2,15,7,46.67,702,628,89.46,65.54,101,35,21,45,87,40,30,17,219,97,44.29,3,1,33.33,47,10,21.28,4,3,75.0,23,2,8.7,11,2,18.18,1,0,0.0,0,0,0,21,6,28.57,6,16,47,7,12,37,66,22,33.33,6,1,9,6,66.67,48,33,68.75,49,20,40.82,1,0,0.0,50,28,8,1,0,213,179,84.04,127,120,94.49,272,250,91.91,40,26,65.0,96,79,82.29,129,109,84.5,14,6,42.86,15,15,100.0,4,19.09,6.56,5.7,15.88,18.89,8.52,Watford,Manchester City,1:2
152,2018-12-01,Manchester City - AFC Bournemouth 3:1,England. Premier League,94,Manchester City,4-3-3 (100.0%),3,2.32,14,7,50.0,767,703,91.66,70.37,88,17,25,46,65,25,28,12,207,96,46.38,4,0,0.0,35,9,25.71,4,1,25.0,21,4,19.05,8,2,25.0,1,1,100.0,0,0,0,20,9,45.0,9,17,38,8,12,31,70,30,42.86,3,1,4,3,75.0,56,40,71.43,51,15,29.41,1,0,0.0,33,23,9,0,0,207,174,84.06,149,143,95.97,304,287,94.41,41,20,48.78,92,71,77.17,112,99,88.39,14,8,57.14,19,18,94.74,7,18.25,7.83,5.35,15.91,18.73,5.94,Manchester City,AFC Bournemouth,3:1
153,2018-11-24,West Ham United - Manchester City 0:4,England. Premier League,95,Manchester City,4-3-3 (100.0%),4,2.76,9,6,66.67,822,733,89.17,66.2,89,13,27,49,80,31,35,14,167,71,42.51,0,0,0.0,30,8,26.67,3,1,33.33,16,0,0.0,1,0,0.0,0,0,0.0,0,0,0,16,5,31.25,5,13,27,0,5,22,62,19,30.65,2,0,9,1,11.11,40,24,60.0,22,11,50.0,5,3,60.0,44,11,4,0,0,240,190,79.17,150,142,94.67,268,248,92.54,40,20,50.0,74,59,79.73,97,76,78.35,10,1,10.0,13,13,100.0,9,20.32,8.56,4.87,11.56,16.51,10.33,West Ham United,Manchester City,0:4
154,2018-11-11,Manchester City - Manchester United 3:1,England. Premier League,94,Manchester City,4-3-3 (100.0%),3,1.78,16,5,31.25,683,622,91.07,64.57,81,15,24,42,64,20,25,19,186,85,45.7,9,2,22.22,40,10,25.0,5,3,60.0,21,3,14.29,5,1,20.0,4,0,0.0,0,0,0,19,6,31.58,6,22,34,5,9,31,72,28,38.89,0,1,4,1,25.0,59,37,62.71,25,8,32.0,4,1,25.0,35,10,12,1,0,176,151,85.8,124,119,95.97,263,249,94.68,38,23,60.53,75,68,90.67,90,78,86.67,10,4,40.0,18,15,83.33,5,18.03,8.13,5.56,18.67,17.9,11.26,Manchester City,Manchester United,3:1
155,2018-11-04,Manchester City - Southampton 6:1,England. Premier League,96,Manchester City,4-3-3 (100.0%),6,2.45,18,7,38.89,718,661,92.06,65.79,73,14,18,41,77,33,28,16,178,90,50.56,6,1,16.67,41,13,31.71,3,1,33.33,20,3,15.0,4,1,25.0,3,0,0.0,0,0,0,22,10,45.45,10,35,44,7,12,43,77,33,42.86,1,1,11,6,54.55,50,32,64.0,28,16,57.14,1,1,100.0,41,22,13,1,0,212,183,86.32,114,108,94.74,262,248,94.66,24,18,75.0,74,63,85.14,103,91,88.35,17,7,41.18,9,9,100.0,6,19.36,7.89,3.34,15.66,17.05,7.93,Manchester City,Southampton,6:1
156,2018-10-29,Tottenham Hotspur - Manchester City 0:1,England. Premier League,97,Manchester City,4-3-3 (75.27%),1,1.84,12,6,50.0,500,425,85.0,50.79,93,18,25,50,95,38,39,18,219,107,48.86,3,1,33.33,30,9,30.0,2,0,0.0,27,2,7.41,6,1,16.67,3,1,33.33,0,0,0,5,0,0.0,1,21,28,3,3,28,80,37,46.25,3,0,3,2,66.67,72,44,61.11,27,12,44.44,1,0,0.0,45,25,13,2,0,164,125,76.22,84,80,95.24,181,156,86.19,46,20,43.48,67,49,73.13,79,60,75.95,14,5,35.71,9,8,88.89,5,16.58,4.76,9.2,16.87,19.32,13.71,Tottenham Hotspur,Manchester City,0:1
157,2018-10-20,Manchester City - Burnley 5:0,England. Premier League,96,Manchester City,4-3-3 (100.0%),5,3.97,22,10,45.45,662,592,89.43,69.34,81,11,21,49,77,34,29,14,172,86,50.0,6,2,33.33,46,16,34.78,3,1,33.33,21,5,23.81,10,2,20.0,0,0,0.0,0,0,0,28,12,42.86,12,22,45,4,14,41,52,21,40.38,1,0,5,0,0.0,45,34,75.56,36,13,36.11,2,0,0.0,21,5,10,2,0,201,170,84.58,99,93,93.94,264,242,91.67,38,20,52.63,84,73,86.9,109,97,88.99,9,6,66.67,15,14,93.33,6,18.33,6.9,5.74,14.18,19.78,9.62,Manchester City,Burnley,5:0
158,2018-10-07,Liverpool - Manchester City 0:0,England. Premier League,95,Manchester City,4-2-3-1 (100.0%),0,0.95,6,2,33.33,513,426,83.04,49.38,111,23,35,53,74,37,24,13,193,99,51.3,1,0,0.0,23,4,17.39,7,1,14.29,27,0,0.0,6,0,0.0,0,0,0.0,1,0,0,12,1,8.33,0,9,21,3,6,12,66,24,36.36,5,0,7,2,28.57,66,40,60.61,33,19,57.58,6,3,50.0,48,18,10,3,0,166,126,75.9,77,74,96.1,191,164,85.86,47,29,61.7,50,30,60.0,79,53,67.09,14,4,28.57,18,13,72.22,10,17.47,5.08,9.16,18.77,18.78,13.5,Liverpool,Manchester City,0:0
159,2018-09-29,Manchester City - Brighton & Hove Albion 2:0,England. Premier League,94,Manchester City,4-3-3 (100.0%),2,3.12,20,8,40.0,837,771,92.11,75.61,73,4,15,54,76,26,32,18,168,89,52.98,8,4,50.0,50,14,28.0,5,1,20.0,25,5,20.0,10,1,10.0,1,0,0.0,0,0,0,29,13,44.83,14,18,52,6,19,47,59,26,44.07,0,0,3,0,0.0,48,36,75.0,35,16,45.71,4,3,75.0,19,9,4,0,0,212,186,87.74,114,112,98.25,300,278,92.67,37,22,59.46,113,99,87.61,112,101,90.18,12,7,58.33,18,18,100.0,2,19.28,8.37,4.42,18.47,16.55,6.54,Manchester City,Brighton & Hove Albion,2:0
160,2018-09-22,Cardiff City - Manchester City 0:5,England. Premier League,95,Manchester City,4-3-3 (100.0%),5,2.73,19,11,57.89,809,733,90.61,76.71,80,5,31,44,73,32,25,16,182,94,51.65,3,2,66.67,46,11,23.91,3,1,33.33,21,6,28.57,9,2,22.22,3,1,33.33,0,0,0,23,10,43.48,9,20,35,3,14,35,72,38,52.78,1,0,1,1,100.0,39,26,66.67,23,10,43.48,7,1,14.29,23,5,4,1,0,191,150,78.53,101,99,98.02,422,402,95.26,32,13,40.63,116,97,83.62,121,106,87.6,12,4,33.33,15,14,93.33,4,18.4,9.09,3.96,15.21,20.99,7.85,Cardiff City,Manchester City,0:5
161,2018-09-15,Manchester City - Fulham 3:0,England. Premier League,95,Manchester City,4-3-3 (79.64%),3,4.54,23,9,39.13,707,644,91.09,63.41,87,12,22,53,83,29,36,18,178,95,53.37,8,1,12.5,38,12,31.58,9,8,88.89,23,2,8.7,10,0,0.0,1,0,0.0,0,0,0,23,9,39.13,9,34,45,1,9,44,56,26,46.43,5,0,7,3,42.86,49,28,57.14,26,15,57.69,9,6,66.67,32,11,7,0,0,231,202,87.45,92,86,93.48,243,224,92.18,39,29,74.36,83,74,89.16,110,96,87.27,9,3,33.33,17,16,94.12,4,18.89,6.73,5.52,15.92,17.48,10.08,Manchester City,Fulham,3:0
162,2018-09-01,Manchester City - Newcastle United 2:1,England. Premier League,94,Manchester City,4-4-2 (62.16%),2,3.52,23,8,34.78,753,689,91.5,72.76,95,7,26,62,90,34,36,20,209,109,52.15,8,2,25.0,50,12,24.0,4,2,50.0,21,6,28.57,4,2,50.0,6,2,33.33,0,0,0,17,3,17.65,3,23,44,2,11,34,92,42,45.65,2,1,3,2,66.67,47,33,70.21,28,15,53.57,0,0,0.0,16,2,5,0,0,230,209,90.87,114,104,91.23,291,265,91.07,30,17,56.67,93,83,89.25,102,93,91.18,10,6,60.0,31,31,100.0,3,18.06,6.91,3.98,16.96,18.12,9.35,Manchester City,Newcastle United,2:1
163,2018-08-25,Wolverhampton Wanderers - Manchester City 1:1,England. Premier League,96,Manchester City,4-3-3 (80.66%),1,1.61,18,6,33.33,623,561,90.05,72.82,100,13,25,62,80,13,42,25,203,83,40.89,9,2,22.22,37,6,16.22,1,0,0.0,32,11,34.38,9,4,44.44,6,2,33.33,0,0,0,20,5,25.0,5,17,45,3,16,22,93,32,34.41,3,1,11,2,18.18,47,23,48.94,27,13,48.15,3,1,33.33,36,13,8,2,0,186,161,86.56,92,90,97.83,248,225,90.73,25,12,48.0,78,63,80.77,87,80,91.95,7,6,85.71,21,19,90.48,6,16.84,5.99,4.01,17.26,17.71,5.47,Wolverhampton Wanderers,Manchester City,1:1
164,2018-08-19,Manchester City - Huddersfield Town 6:1,England. Premier League,95,Manchester City,3-5-2 (82.06%),6,3.07,33,13,39.39,762,707,92.78,73.5,90,12,16,62,83,31,28,24,177,74,41.81,12,4,33.33,51,21,41.18,2,2,100.0,21,9,42.86,10,4,40.0,1,0,0.0,0,0,0,24,10,41.67,10,23,47,6,17,45,69,29,42.03,1,1,5,1,20.0,34,16,47.06,41,19,46.34,1,1,100.0,36,8,9,0,0,203,180,88.67,115,112,97.39,304,285,93.75,27,22,81.48,125,117,93.6,118,109,92.37,16,7,43.75,15,14,93.33,6,19.47,8.11,3.54,18.27,17.91,4.75,Manchester City,Huddersfield Town,6:1
165,2018-08-12,Arsenal - Manchester City 0:2,England. Premier League,98,Manchester City,4-4-2 (64.37%),2,1.73,16,8,50.0,524,453,86.45,57.14,94,13,31,50,75,30,29,16,201,78,38.81,8,3,37.5,33,10,30.3,5,2,40.0,34,3,8.82,9,1,11.11,1,2,200.0,0,0,0,16,2,12.5,1,12,31,7,5,23,81,23,28.4,2,0,8,3,37.5,50,27,54.0,26,11,42.31,5,3,60.0,35,4,14,2,0,153,121,79.08,89,86,96.63,205,185,90.24,41,23,56.1,48,35,72.92,80,60,75.0,9,4,44.44,20,16,80.0,8,16.98,4.81,7.82,18.93,19.1,8.66,Arsenal,Manchester City,0:2
