,Unnamed: 0.2,Date,Scheme,Goals,xG,Shots,Shots on Target,Shot Accuracy,Passes,Passes on Target,Pass Accuracy,"Possession, %",Losses,Low Losses,Medium Losses,High Losses,Recoveries,Low Recoveries,Medium Recoveries,High Recoveries,Duels,Duels won,Duel win %,Shots from outside,Shots from outside on target,Shots from outside accuracy,Positional attacks,Positional attacks with shots,Positional attacks with shots %,Counterattacks,Counterattacks with shots,Counterattacks with shots %,Set pieces,Set pieces with shots,Set pieces with shots %,Corners,Corners with shots,Corners with shots %,Free kicks,Free kicks with shots,Free kicks with shots %,Penalties,Penalties converted,Penalties converted %,Crosses,Crosses accurate,Crosses accurate %,Deep completed crosses,Deep completed passes,Penalty area entries (runs / crosses),Penalty area entries runs,Penalty area entries crosses,Touches in penalty area,Offensive duels,Offensive duels won,Offensive duels won %,Offsides,Conceded goals,Shots against,Shots against on target,Shots against on target %,Defensive duels,Defensive duels won,Defensive duels won %,Aerial duels,Aerial duels won,Aerial duels won %,Sliding tackles,Sliding tackles successful,Sliding tackles successful %,Interceptions,Clearances,Fouls,Yellow cards,Red cards,Forward passes,Forward passes accurate,Forward passes accurate %,Back passes,Back passes accurate,Back passes accurate %,Lateral passes,Lateral passes accurate,Lateral passes accurate %,Long passes,Long passes accurate,Long passes accurate %,Passes to final third,Passes to final third accurate,Passes to final third accurate %,Progressive passes,Progressive passes accurate,Progressive passes accurate %,Smart passes,Smart passes accurate,Smart passes accurate %,Throw ins,Throw ins accurate,Throw ins accurate %,Goal kicks,Match tempo,Average passes per possession,Long pass %,Average shot distance,Average pass length,PPDA,Home,Win
0,0,2022-11-12,12,4,1.76,14,7,50.0,510,422,82.75,54.78,118,17,45,56,83,28,38,17,184,87,47.28,4,2,50.0,38,12,31.58,1,0,0.0,21,2,9.52,9,2,22.22,0,0,0.0,0,0,0,27,6,22.22,6,7,30,8,13,24,77,23,29.87,0,3,11,5,45.45,51,37,72.55,35,17,48.57,2,0,0.0,32,12,8,1,0,142,97,68.31,68,64,94.12,228,205,89.91,53,27,50.94,62,46,74.19,75,52,69.33,4,1,25.0,28,25,89.29,5,17.66,5.05,10.39,15.09,22.01,10.86,1,1
1,1,2022-11-06,7,1,1.51,13,4,30.77,518,434,83.78,48.83,126,19,35,72,105,31,45,29,204,101,49.51,3,0,0.0,38,5,13.16,0,0,0.0,21,8,38.1,5,2,40.0,2,2,100.0,0,0,0,25,12,48.0,11,10,39,2,18,27,72,34,47.22,1,2,12,6,50.0,59,34,57.63,36,18,50.0,0,0,0.0,52,10,9,0,0,141,100,70.92,72,67,93.06,223,201,90.13,56,31,55.36,70,52,74.29,94,71,75.53,2,0,0.0,20,19,95.0,5,18.41,5.34,10.81,16.19,19.49,10.46,1,-1
2,2,2022-10-29,5,3,1.58,18,6,33.33,638,561,87.93,66.78,102,12,23,67,92,25,41,26,216,110,50.93,7,1,14.29,43,12,27.91,3,0,0.0,35,5,14.29,19,4,21.05,4,0,0.0,0,0,0,41,11,26.83,10,11,42,4,20,34,82,41,50.0,2,2,5,4,80.0,52,38,73.08,47,16,34.04,4,4,100.0,27,10,6,2,0,169,142,84.02,94,93,98.94,282,256,90.78,29,18,62.07,77,63,81.82,76,70,92.11,9,6,66.67,13,13,100.0,6,18.34,5.85,4.55,17.54,18.28,8.0,0,1
3,3,2022-10-23,5,1,1.92,16,5,31.25,445,356,80.0,51.81,102,23,35,44,86,31,43,12,197,95,48.22,7,1,14.29,28,12,42.86,4,3,75.0,20,1,5.0,6,2,33.33,1,0,0.0,0,0,0,17,6,35.29,6,7,20,2,10,16,57,27,47.37,3,2,12,5,41.67,60,34,56.67,41,20,48.78,7,3,42.86,39,17,12,4,0,147,93,63.27,63,61,96.83,157,140,89.17,57,27,47.37,50,30,60.0,74,42,56.76,10,1,10.0,27,26,96.3,7,17.53,4.01,12.81,17.36,19.83,7.97,1,-1
4,4,2022-10-19,7,0,0.84,9,2,22.22,516,446,86.43,50.31,106,34,29,43,78,34,30,14,194,97,50.0,2,0,0.0,21,3,14.29,1,1,100.0,24,5,20.83,3,1,33.33,0,0,0.0,0,0,0,16,4,25.0,5,8,24,4,9,14,64,26,40.63,0,2,27,10,37.04,65,39,60.0,23,12,52.17,5,3,60.0,52,12,7,0,0,145,116,80.0,81,76,93.83,205,185,90.24,43,32,74.42,51,35,68.63,73,55,75.34,7,4,57.14,17,16,94.12,11,17.61,6.0,8.33,16.09,18.03,11.32,0,-1
5,5,2022-10-15,12,2,2.56,19,7,36.84,556,498,89.57,59.91,87,8,27,52,78,25,37,16,184,87,47.28,6,0,0.0,33,12,36.36,1,1,100.0,26,4,15.38,7,0,0.0,4,1,25.0,1,1,100,21,9,42.86,9,11,38,3,18,20,72,26,36.11,0,0,4,1,25.0,46,25,54.35,36,19,52.78,1,1,100.0,26,4,12,1,0,154,126,81.82,91,88,96.7,227,211,92.95,42,25,59.52,60,48,80.0,67,57,85.07,7,1,14.29,21,18,85.71,6,17.0,5.67,7.55,17.8,19.61,9.35,1,1
6,6,2022-10-08,5,1,0.86,9,3,33.33,480,402,83.75,42.65,104,20,47,37,92,43,41,8,176,74,42.05,4,2,50.0,20,3,15.0,7,2,28.57,20,3,15.0,2,1,50.0,2,1,50.0,0,0,0,9,3,33.33,4,3,16,3,5,11,62,17,27.42,3,0,13,4,30.77,59,34,57.63,27,13,48.15,3,0,0.0,47,8,14,2,0,148,105,70.95,75,71,94.67,182,162,89.01,55,27,49.09,56,34,60.71,88,56,63.64,5,2,40.0,14,14,100.0,7,19.34,5.11,11.46,19.31,19.88,12.65,0,1
7,7,2022-10-01,1,1,1.39,7,3,42.86,281,227,80.78,36.04,91,33,28,30,70,49,11,10,197,99,50.25,3,0,0.0,16,2,12.5,4,1,25.0,22,3,13.64,2,1,50.0,2,1,50.0,1,1,100,10,4,40.0,4,2,13,2,5,11,54,20,37.04,3,3,19,9,47.37,89,56,62.92,26,9,34.62,1,1,100.0,42,29,10,1,1,104,73,70.19,27,26,96.3,103,95,92.23,46,26,56.52,27,13,48.15,56,32,57.14,0,0,0.0,17,13,76.47,12,15.77,2.87,16.37,16.8,20.01,16.12,0,-1
8,8,2022-09-17,11,6,1.51,17,11,64.71,433,369,85.22,43.4,97,21,49,27,79,44,26,9,163,88,53.99,8,4,50.0,26,7,26.92,5,4,80.0,23,6,26.09,6,3,50.0,1,1,100.0,0,0,0,8,2,25.0,2,5,17,6,4,17,59,25,42.37,1,2,18,7,38.89,46,33,71.74,30,18,60.0,4,4,100.0,41,8,8,1,0,149,115,77.18,69,63,91.3,163,152,93.25,51,37,72.55,32,27,84.38,77,48,62.34,3,2,66.67,19,19,100.0,8,18.47,4.25,11.78,17.6,20.61,20.75,1,1
9,9,2022-09-03,12,2,3.54,21,10,47.62,465,411,88.39,50.36,75,22,24,29,78,37,23,18,221,103,46.61,5,3,60.0,31,10,32.26,1,1,100.0,23,9,39.13,10,5,50.0,1,1,100.0,0,0,0,20,10,50.0,8,19,32,4,10,32,75,22,29.33,3,1,5,3,60.0,69,47,68.12,36,18,50.0,5,2,40.0,41,22,9,3,0,136,110,80.88,69,67,97.1,198,183,92.42,39,30,76.92,45,38,84.44,78,57,73.08,12,4,33.33,19,18,94.74,7,18.45,4.84,8.39,14.66,19.84,11.26,1,1
10,10,2022-08-31,11,1,0.92,10,3,30.0,604,544,90.07,59.07,73,13,27,33,74,41,25,8,198,90,45.45,4,3,75.0,23,5,21.74,2,1,50.0,25,4,16.0,4,1,25.0,0,0,0.0,0,0,0,13,6,46.15,5,10,30,6,9,19,67,27,40.3,0,1,10,4,40.0,43,29,67.44,38,17,44.74,1,0,0.0,34,15,10,5,0,176,145,82.39,92,91,98.91,248,233,93.95,50,34,68.0,45,35,77.78,80,60,75.0,7,4,57.14,19,18,94.74,11,17.26,6.71,8.28,18.86,19.01,11.85,0,0
11,11,2022-08-28,11,2,3.19,16,7,43.75,437,378,86.5,47.21,111,37,45,29,96,62,24,10,217,101,46.54,5,1,20.0,22,10,45.45,6,4,66.67,20,1,5.0,1,0,0.0,0,0,0.0,1,0,0,9,5,55.56,4,11,20,8,3,23,73,29,39.73,3,0,17,4,23.53,62,31,50.0,42,22,52.38,6,3,50.0,46,23,13,1,0,133,110,82.71,62,57,91.94,165,145,87.88,36,26,72.22,38,23,60.53,71,48,67.61,6,4,66.67,19,17,89.47,10,17.45,4.01,8.24,15.79,18.59,10.81,0,1
12,12,2022-08-20,12,1,1.64,10,4,40.0,469,408,86.99,50.35,89,16,35,38,83,35,32,16,188,81,43.09,1,1,100.0,29,7,24.14,4,1,25.0,24,2,8.33,8,1,12.5,1,0,0.0,0,0,0,19,6,31.58,6,8,30,11,9,26,62,25,40.32,2,0,20,3,15.0,60,28,46.67,21,7,33.33,6,2,33.33,46,14,10,2,0,156,118,75.64,73,71,97.26,186,178,95.7,43,23,53.49,47,35,74.47,77,62,80.52,0,0,0.0,14,14,100.0,9,17.05,4.79,9.17,12.51,22.17,10.12,1,1
13,13,2022-08-14,11,2,1.26,8,5,62.5,298,246,82.55,38.27,110,45,43,22,82,43,33,6,239,112,46.86,3,1,33.33,14,2,14.29,0,0,0.0,27,6,22.22,5,2,40.0,2,1,50.0,0,0,0,6,1,16.67,1,3,10,3,2,8,69,20,28.99,1,2,16,3,18.75,94,61,64.89,41,20,48.78,2,1,50.0,51,31,9,0,0,111,83,74.77,41,36,87.8,103,94,91.26,31,21,67.74,24,16,66.67,48,23,47.92,2,1,50.0,18,18,100.0,11,16.47,3.17,10.4,13.45,17.63,12.78,0,0
14,14,2022-08-06,11,4,1.77,15,7,46.67,537,465,86.59,55.45,109,32,26,51,83,43,27,13,218,124,56.88,3,1,33.33,32,9,28.13,3,2,66.67,22,4,18.18,10,2,20.0,0,0,0.0,0,0,0,22,9,40.91,8,12,39,6,14,28,60,22,36.67,2,1,9,2,22.22,78,57,73.08,35,22,62.86,9,6,66.67,36,29,11,3,0,160,129,80.63,80,78,97.5,203,182,89.66,37,23,62.16,64,47,73.44,80,64,80.0,14,6,42.86,20,19,95.0,6,17.75,5.37,6.89,15.24,18.84,7.89,1,1
15,15,2022-05-22,12,5,2.77,17,13,76.47,565,510,90.27,55.87,79,16,29,34,76,32,27,17,128,61,47.66,4,2,50.0,27,11,40.74,0,0,0.0,22,6,27.27,2,1,50.0,1,1,100.0,0,0,0,5,3,60.0,3,13,24,3,2,30,51,24,47.06,2,0,8,0,0.0,35,18,51.43,23,14,60.87,3,1,33.33,40,9,8,1,0,174,137,78.74,82,81,98.78,229,219,95.63,42,21,50.0,67,55,82.09,88,73,82.95,5,2,40.0,16,15,93.75,8,19.29,6.01,7.43,15.42,18.37,10.22,0,1
16,16,2022-05-15,12,1,2.51,19,8,42.11,638,558,87.46,68.25,89,9,32,48,79,32,31,16,196,104,53.06,9,2,22.22,38,13,34.21,1,1,100.0,24,4,16.67,8,3,37.5,1,0,0.0,1,1,100,33,10,30.3,11,11,40,7,16,31,65,30,46.15,2,0,9,1,11.11,43,30,69.77,52,29,55.77,2,1,50.0,20,18,12,3,0,171,133,77.78,81,75,92.59,280,258,92.14,46,23,50.0,74,61,82.43,77,58,75.32,4,0,0.0,20,20,100.0,7,17.66,6.38,7.21,18.95,20.19,11.41,1,1
17,17,2022-05-12,1,3,3.18,14,5,35.71,525,474,90.29,55.56,75,12,17,46,64,27,25,12,122,69,56.56,3,1,33.33,27,10,37.04,0,0,0.0,21,2,9.52,2,1,50.0,2,0,0.0,1,1,100,13,5,38.46,6,7,24,4,8,20,39,21,53.85,1,0,8,5,62.5,52,29,55.77,19,13,68.42,4,1,25.0,31,13,8,1,0,143,112,78.32,79,77,97.47,230,219,95.22,23,7,30.43,61,45,73.77,61,47,77.05,6,3,50.0,8,8,100.0,5,18.51,6.56,4.38,15.3,18.43,13.37,1,1
18,18,2022-05-07,12,1,1.42,8,3,37.5,318,243,76.42,39.15,141,64,51,26,85,57,20,8,198,104,52.53,3,2,66.67,15,2,13.33,4,4,100.0,28,2,7.14,5,0,0.0,0,0,0.0,0,0,0,13,6,46.15,5,5,19,3,9,14,71,34,47.89,0,1,22,3,13.64,78,48,61.54,28,12,42.86,5,1,20.0,84,43,8,2,0,125,80,64.0,47,43,91.49,94,81,86.17,61,31,50.82,25,16,64.0,76,34,44.74,2,0,0.0,20,16,80.0,13,15.2,2.79,19.18,17.31,18.99,19.44,0,0
19,19,2022-05-01,11,3,1.49,11,7,63.64,400,322,80.5,40.29,98,21,42,35,78,31,33,14,197,99,50.25,3,1,33.33,21,4,19.05,3,2,66.67,18,5,27.78,6,2,33.33,1,1,100.0,0,0,0,13,3,23.08,3,8,22,6,7,20,71,25,35.21,2,1,6,2,33.33,79,48,60.76,27,18,66.67,5,3,60.0,63,11,13,2,0,132,91,68.94,50,49,98.0,145,129,88.97,52,31,59.62,36,25,69.44,72,42,58.33,3,3,100.0,16,16,100.0,6,17.93,4.21,13.0,14.8,19.93,13.88,1,1
20,20,2022-04-23,12,0,1.18,9,0,0.0,497,423,85.11,54.81,120,36,34,50,86,38,35,13,194,98,50.52,2,0,0.0,30,7,23.33,0,0,0.0,22,2,9.09,8,1,12.5,1,0,0.0,0,0,0,23,8,34.78,6,9,31,4,11,27,76,29,38.16,1,0,14,2,14.29,45,30,66.67,46,23,50.0,0,0,0.0,60,33,7,1,0,153,119,77.78,65,63,96.92,207,182,87.92,43,20,46.51,71,62,87.32,84,60,71.43,7,0,0.0,18,16,88.89,6,17.97,4.87,8.65,17.02,18.12,15.17,0,0
21,21,2022-04-16,1,0,0.52,6,1,16.67,438,366,83.56,45.82,101,19,37,45,74,40,27,7,173,87,50.29,2,0,0.0,17,5,29.41,1,1,100.0,25,0,0.0,4,0,0.0,0,0,0.0,0,0,0,9,1,11.11,1,4,15,5,2,12,60,25,41.67,0,1,10,4,40.0,63,36,57.14,35,21,60.0,2,1,50.0,36,8,15,3,0,147,102,69.39,55,54,98.18,198,188,94.95,48,22,45.83,46,24,52.17,60,39,65.0,2,2,100.0,23,22,95.65,8,17.24,4.47,10.96,19.62,22.18,10.84,1,-1
22,22,2022-04-09,12,4,1.15,12,4,33.33,425,373,87.76,49.71,94,45,24,25,62,42,12,8,180,87,48.33,4,0,0.0,16,5,31.25,3,0,0.0,24,7,29.17,3,2,66.67,0,0,0.0,0,0,0,4,2,50.0,2,5,11,5,2,13,62,31,50.0,2,0,19,8,42.11,72,41,56.94,23,7,30.43,4,0,0.0,52,25,14,3,0,127,95,74.8,69,63,91.3,163,155,95.09,39,22,56.41,39,24,61.54,48,30,62.5,3,0,0.0,11,11,100.0,9,16.94,5.0,9.18,18.43,18.65,14.35,0,1
23,23,2022-04-03,12,5,2.57,19,6,31.58,598,542,90.64,61.35,80,19,26,35,68,24,22,22,122,57,46.72,7,1,14.29,22,10,45.45,1,1,100.0,18,7,38.89,2,2,100.0,3,0,0.0,0,0,0,12,5,41.67,5,7,35,7,10,23,41,22,53.66,0,1,7,1,14.29,38,17,44.74,21,6,28.57,1,1,100.0,29,15,10,2,0,140,110,78.57,81,79,97.53,305,289,94.75,42,25,59.52,48,35,72.92,59,46,77.97,2,0,0.0,10,8,80.0,5,18.61,8.54,7.02,16.91,18.78,13.56,1,1
24,24,2022-03-20,12,3,2.4,17,4,23.53,588,531,90.31,52.82,70,11,18,41,62,27,25,10,158,85,53.8,6,0,0.0,31,13,41.94,3,2,66.67,16,2,12.5,5,0,0.0,1,1,100.0,0,0,0,14,4,28.57,5,7,31,12,9,24,48,19,39.58,1,1,5,1,20.0,63,44,69.84,27,13,48.15,3,2,66.67,24,10,7,0,0,155,128,82.58,84,82,97.62,280,258,92.14,27,14,51.85,76,60,78.95,81,69,85.19,7,5,71.43,12,11,91.67,6,18.69,7.35,4.59,18.87,19.73,14.12,1,1
25,25,2022-03-16,11,2,1.99,17,7,41.18,523,470,89.87,51.31,88,34,35,19,83,39,34,10,192,97,50.52,7,2,28.57,24,11,45.83,6,4,66.67,21,2,9.52,3,0,0.0,1,0,0.0,0,0,0,8,2,25.0,2,7,26,10,4,17,68,28,41.18,1,0,13,0,0.0,60,37,61.67,31,16,51.61,4,2,50.0,49,24,9,2,0,143,111,77.62,72,71,98.61,209,198,94.74,29,19,65.52,38,26,68.42,53,31,58.49,13,5,38.46,15,14,93.33,4,18.25,5.18,5.54,18.93,17.01,11.0,0,1
26,26,2022-03-12,1,2,1.5,10,3,30.0,563,490,87.03,57.88,84,8,27,49,75,25,35,15,156,79,50.64,3,1,33.33,40,6,15.0,0,0,0.0,17,2,11.76,5,1,20.0,3,0,0.0,1,1,100,23,4,17.39,7,10,34,6,15,25,65,31,47.69,2,3,10,6,60.0,52,32,61.54,24,10,41.67,3,3,100.0,32,6,7,1,0,150,120,80.0,88,83,94.32,236,215,91.1,39,22,56.41,56,44,78.57,63,49,77.78,7,3,42.86,17,17,100.0,4,17.77,6.12,6.93,17.43,18.13,11.79,0,-1
27,27,2022-03-07,1,5,1.88,13,7,53.85,626,557,88.98,51.42,102,25,40,37,79,44,29,6,181,87,48.07,2,1,50.0,23,7,30.43,3,2,66.67,21,4,19.05,5,1,20.0,1,1,100.0,0,0,0,12,3,25.0,4,12,24,6,6,21,73,27,36.99,0,0,6,0,0.0,75,45,60.0,21,13,61.9,5,4,80.0,35,11,15,2,0,162,123,75.93,82,80,97.56,275,256,93.09,42,22,52.38,43,37,86.05,61,38,62.3,5,4,80.0,12,12,100.0,5,20.1,6.73,6.71,15.1,17.02,10.96,1,1
28,28,2022-02-26,12,4,2.18,13,10,76.92,429,382,89.04,51.44,89,39,25,25,59,37,14,8,163,73,44.79,2,2,100.0,16,9,56.25,5,1,20.0,34,4,11.76,6,0,0.0,0,0,0.0,0,0,0,5,3,60.0,3,9,20,8,3,21,86,44,51.16,3,0,17,3,17.65,44,19,43.18,13,3,23.08,7,2,28.57,60,27,11,2,0,131,107,81.68,78,72,92.31,155,147,94.84,29,18,62.07,41,30,73.17,69,47,68.12,5,5,100.0,10,9,90.0,13,16.69,4.71,6.76,14.95,18.94,12.39,0,1
29,29,2022-02-23,12,0,1.38,12,2,16.67,627,539,85.96,62.52,107,26,34,47,81,34,30,17,223,110,49.33,5,0,0.0,31,7,22.58,2,1,50.0,24,4,16.67,7,0,0.0,1,1,100.0,0,0,0,28,10,35.71,11,15,35,5,9,34,73,30,41.1,2,1,13,4,30.77,73,40,54.79,40,24,60.0,1,1,100.0,29,12,8,0,0,170,123,72.35,102,97,95.1,238,221,92.86,41,22,53.66,60,48,80.0,78,55,70.51,0,0,0.0,26,26,100.0,6,18.02,6.27,6.54,18.37,18.32,19.7,0,-1
30,30,2022-02-19,1,3,1.18,6,5,83.33,293,236,80.55,29.87,94,40,40,14,75,55,18,2,166,68,40.96,2,1,50.0,6,2,33.33,4,2,50.0,19,3,15.79,0,0,0.0,0,0,0.0,0,0,0,4,2,50.0,3,3,7,2,2,7,50,16,32.0,3,2,19,4,21.05,76,37,48.68,24,10,41.67,7,4,57.14,64,32,7,3,0,96,61,63.54,42,41,97.62,92,81,88.04,45,26,57.78,22,14,63.64,50,23,46.0,8,5,62.5,11,10,90.91,14,16.52,3.37,15.36,15.53,18.52,33.22,0,1
31,31,2022-02-13,12,0,1.81,17,7,41.18,540,455,84.26,55.88,106,10,33,63,105,25,57,23,204,107,52.45,6,1,16.67,35,9,25.71,1,0,0.0,21,6,28.57,7,3,42.86,3,1,33.33,0,0,0,19,4,21.05,2,11,35,5,8,24,75,28,37.33,2,2,12,7,58.33,66,40,60.61,38,27,71.05,6,2,33.33,41,15,13,3,0,153,112,73.2,61,59,96.72,228,203,89.04,29,17,58.62,59,46,77.97,57,46,80.7,10,3,30.0,22,21,95.45,1,17.8,4.78,5.37,17.16,18.77,7.24,1,-1
32,32,2022-02-09,12,2,1.38,7,3,42.86,402,340,84.58,46.99,112,43,32,37,78,47,22,9,219,113,51.6,2,1,50.0,26,2,7.69,2,1,50.0,22,4,18.18,2,0,0.0,2,0,0.0,0,0,0,18,10,55.56,12,5,25,4,11,13,61,28,45.9,3,3,20,8,40.0,64,43,67.19,51,26,50.98,4,1,25.0,39,25,7,2,0,154,120,77.92,67,60,89.55,128,116,90.63,33,15,45.45,44,32,72.73,74,49,66.22,4,4,100.0,24,21,87.5,7,17.9,3.94,8.21,15.58,18.25,11.18,1,-1
33,33,2022-01-23,3,0,0.56,6,4,66.67,304,246,80.92,35.9,90,23,34,33,60,35,20,5,210,101,48.1,2,2,100.0,12,5,41.67,2,0,0.0,27,1,3.7,3,1,33.33,1,0,0.0,0,0,0,3,2,66.67,2,4,13,1,3,7,69,34,49.28,1,2,15,7,46.67,75,43,57.33,25,8,32.0,6,3,50.0,49,17,14,1,0,124,87,70.16,39,38,97.44,99,90,90.91,29,16,55.17,36,24,66.67,48,28,58.33,9,2,22.22,21,19,90.48,9,17.51,3.2,9.54,15.72,17.52,14.54,0,-1
34,34,2022-01-19,5,3,4.32,25,10,40.0,576,518,89.93,54.59,93,19,30,44,72,28,30,14,197,96,48.73,11,3,27.27,34,13,38.24,10,6,60.0,20,5,25.0,8,4,50.0,1,0,0.0,0,0,0,17,7,41.18,7,15,37,5,11,33,67,28,41.79,0,2,12,4,33.33,66,39,59.09,29,14,48.28,8,4,50.0,44,16,11,2,0,164,141,85.98,86,83,96.51,240,217,90.42,29,20,68.97,69,63,91.3,83,72,86.75,6,4,66.67,14,14,100.0,5,17.17,6.4,5.03,18.58,18.98,11.24,0,1
35,35,2022-01-01,12,1,1.49,18,9,50.0,733,644,87.86,73.37,103,5,27,71,107,33,42,32,258,121,46.9,9,5,55.56,58,15,25.86,0,0,0.0,19,3,15.79,7,1,14.29,2,1,50.0,0,0,0,43,15,34.88,15,23,60,5,27,40,95,34,35.79,3,0,6,4,66.67,67,48,71.64,48,23,47.92,5,3,60.0,18,8,9,1,0,218,180,82.57,104,101,97.12,340,309,90.88,55,39,70.91,130,118,90.77,129,117,90.7,7,3,42.86,20,18,90.0,5,17.25,6.85,7.5,19.05,19.41,7.56,0,1
36,36,2021-12-28,11,1,2.21,17,9,52.94,532,456,85.71,64.59,97,21,37,39,70,30,30,10,216,107,49.54,7,3,42.86,42,12,28.57,2,1,50.0,27,2,7.41,7,1,14.29,3,1,33.33,1,1,100,28,12,42.86,10,11,46,8,19,26,80,37,46.25,3,1,8,2,25.0,46,34,73.91,38,18,47.37,2,1,50.0,45,17,5,2,0,182,141,77.47,75,71,94.67,171,154,90.06,34,17,50.0,57,47,82.46,85,62,72.94,19,9,47.37,23,22,95.65,2,16.36,4.88,6.39,17.32,17.13,9.31,0,0
37,37,2021-12-26,11,3,2.83,16,6,37.5,595,542,91.09,59.13,77,11,30,36,82,27,43,12,203,100,49.26,6,2,33.33,32,12,37.5,2,0,0.0,18,4,22.22,4,1,25.0,0,0,0.0,0,0,0,19,11,57.89,12,18,36,1,15,31,71,26,36.62,1,0,4,0,0.0,66,41,62.12,28,15,53.57,8,4,50.0,32,13,16,1,0,150,128,85.33,81,80,98.77,256,240,93.75,32,20,62.5,63,57,90.48,85,72,84.71,5,1,20.0,13,13,100.0,5,18.85,7.53,5.38,14.97,17.98,5.91,1,1
38,38,2021-12-19,7,2,2.37,10,4,40.0,374,295,78.88,43.75,129,34,52,43,82,45,32,5,206,90,43.69,0,0,0.0,14,6,42.86,7,2,28.57,27,2,7.41,6,1,16.67,0,0,0.0,0,0,0,14,1,7.14,2,9,25,5,6,18,72,28,38.89,3,2,18,6,33.33,77,39,50.65,26,13,50.0,3,1,33.33,62,27,12,4,0,136,89,65.44,49,47,95.92,134,119,88.81,52,32,61.54,47,30,63.83,76,43,56.58,9,2,22.22,18,16,88.89,10,16.56,3.43,13.9,12.57,19.16,14.33,1,0
39,39,2021-12-05,12,3,2.01,16,7,43.75,425,375,88.24,42.28,87,25,28,34,66,35,21,10,172,87,50.58,8,4,50.0,25,9,36.0,1,1,100.0,24,6,25.0,6,4,66.67,1,1,100.0,0,0,0,8,3,37.5,2,8,18,3,4,12,60,24,40.0,1,0,6,1,16.67,56,36,64.29,25,13,52.0,4,2,50.0,33,32,12,1,0,132,105,79.55,73,68,93.15,169,157,92.9,28,18,64.29,54,39,72.22,67,51,76.12,2,2,100.0,16,14,87.5,12,17.61,4.38,6.59,18.44,19.71,36.46,1,1
40,40,2021-12-02,12,2,1.68,9,6,66.67,431,351,81.44,47.61,131,31,48,52,85,40,30,15,205,101,49.27,1,1,100.0,34,4,11.76,3,3,100.0,25,2,8.0,10,2,20.0,1,1,100.0,0,0,0,15,3,20.0,3,7,29,9,8,20,65,28,43.08,0,0,5,1,20.0,47,27,57.45,61,33,54.1,3,2,66.67,62,22,13,0,0,143,99,69.23,74,70,94.59,150,133,88.67,41,26,63.41,45,26,57.78,74,48,64.86,12,9,75.0,21,20,95.24,5,17.84,4.03,9.51,13.26,19.15,8.2,1,1
41,41,2021-11-21,12,2,1.96,12,4,33.33,369,304,82.38,41.28,111,26,43,42,87,33,43,11,255,120,47.06,5,0,0.0,25,9,36.0,2,0,0.0,24,2,8.33,4,2,50.0,1,1,100.0,0,0,0,15,4,26.67,4,6,23,1,8,19,99,35,35.35,4,1,17,7,41.18,88,55,62.5,29,16,55.17,5,3,60.0,50,26,11,1,0,143,112,78.32,53,48,90.57,126,106,84.13,34,12,35.29,48,32,66.67,75,58,77.33,5,2,40.0,22,19,86.36,7,16.44,3.24,9.21,17.32,20.32,11.55,1,1
42,42,2021-11-07,11,0,0.55,8,0,0.0,502,425,84.66,50.5,83,17,38,28,72,47,20,5,217,111,51.15,4,0,0.0,23,5,21.74,5,2,40.0,26,1,3.85,2,0,0.0,1,0,0.0,0,0,0,11,3,27.27,2,3,19,3,8,10,65,29,44.62,2,0,11,2,18.18,82,48,58.54,24,17,70.83,4,4,100.0,34,13,17,4,0,158,119,75.32,65,61,93.85,196,174,88.78,29,13,44.83,49,36,73.47,70,44,62.86,11,3,27.27,27,25,92.59,10,19.19,4.69,5.78,19.69,17.81,11.5,0,0
43,43,2021-10-30,6,0,1.1,9,0,0.0,538,461,85.69,59.01,91,15,24,52,80,30,31,19,209,108,51.67,5,0,0.0,29,3,10.34,1,0,0.0,28,5,17.86,10,3,30.0,3,1,33.33,0,0,0,18,3,16.67,3,4,23,3,7,16,75,39,52.0,4,3,10,4,40.0,60,34,56.67,33,19,57.58,7,0,0.0,25,11,12,2,0,158,121,76.58,83,79,95.18,192,178,92.71,36,23,63.89,59,43,72.88,59,44,74.58,11,3,27.27,15,14,93.33,4,17.96,5.49,6.69,15.84,19.27,8.03,1,-1
44,44,2021-10-24,6,0,0.97,8,5,62.5,596,528,88.59,60.54,108,21,39,48,76,25,36,15,228,119,52.19,3,1,33.33,23,4,17.39,4,1,25.0,21,3,14.29,4,1,25.0,1,1,100.0,0,0,0,13,6,46.15,5,3,21,2,6,11,79,31,39.24,0,1,12,3,25.0,85,64,75.29,29,17,58.62,4,3,75.0,36,17,4,1,0,173,131,75.72,83,77,92.77,235,225,95.74,44,20,45.45,69,48,69.57,63,53,84.13,11,2,18.18,20,19,95.0,7,16.83,6.62,7.38,18.34,17.98,11.57,0,-1
45,45,2021-10-17,6,3,1.45,12,4,33.33,578,505,87.37,58.21,75,15,22,38,69,38,21,10,239,125,52.3,5,1,20.0,26,8,30.77,7,1,14.29,31,2,6.45,9,2,22.22,1,0,0.0,0,0,0,14,0,0.0,0,8,28,4,8,23,68,32,47.06,1,2,7,3,42.86,89,58,65.17,33,12,36.36,1,0,0.0,35,17,4,1,0,173,138,79.77,102,99,97.06,198,178,89.9,39,19,48.72,50,34,68.0,56,41,73.21,10,3,30.0,15,12,80.0,10,18.47,5.72,6.75,19.36,16.72,17.0,0,1
46,46,2021-10-03,6,2,1.62,17,8,47.06,413,351,84.99,55.05,112,24,49,39,83,41,34,8,238,108,45.38,7,3,42.86,24,10,41.67,2,1,50.0,26,4,15.38,5,0,0.0,2,0,0.0,0,0,0,11,4,36.36,4,9,19,7,2,22,83,39,46.99,0,1,12,3,25.0,62,36,58.06,48,18,37.5,6,3,50.0,42,20,11,2,0,144,110,76.39,56,53,94.64,131,117,89.31,40,24,60.0,43,25,58.14,59,41,69.49,2,1,50.0,22,17,77.27,10,17.67,3.75,9.69,20.7,18.11,7.39,1,1
47,47,2021-09-26,10,1,0.95,9,4,44.44,453,389,85.87,56.56,91,11,37,43,64,25,34,5,179,78,43.58,3,2,66.67,29,2,6.9,1,1,100.0,26,6,23.08,4,3,75.0,2,0,0.0,0,0,0,13,3,23.08,3,2,21,3,11,10,60,24,40.0,4,3,10,7,70.0,59,33,55.93,32,11,34.38,5,1,20.0,22,9,12,1,0,142,110,77.46,61,59,96.72,169,149,88.17,47,31,65.96,56,43,76.79,60,43,71.67,0,0,0.0,27,24,88.89,7,16.3,4.58,10.38,16.82,18.47,11.77,0,-1
48,48,2021-09-19,10,0,0.54,9,3,33.33,450,376,83.56,47.44,117,22,48,47,66,23,31,12,217,100,46.08,6,2,33.33,23,5,21.74,0,0,0.0,26,3,11.54,5,1,20.0,3,0,0.0,0,0,0,9,3,33.33,3,1,15,4,6,11,74,27,36.49,0,3,20,10,50.0,75,50,66.67,37,11,29.73,4,3,75.0,54,20,4,0,0,149,103,69.13,73,69,94.52,155,145,93.55,41,24,58.54,42,29,69.05,70,49,70.0,9,2,22.22,16,16,100.0,6,17.94,4.74,9.11,22.62,18.16,11.73,1,-1
49,49,2021-09-11,14,0,0.09,2,1,50.0,273,220,80.59,39.15,100,29,35,36,76,38,31,7,233,126,54.08,1,1,100.0,16,2,12.5,0,0,0.0,25,0,0.0,2,0,0.0,0,0,0.0,0,0,0,4,1,25.0,1,2,9,1,2,2,66,29,43.94,0,3,17,4,23.53,93,58,62.37,35,23,65.71,3,2,66.67,54,40,14,2,1,92,63,68.48,48,43,89.58,87,76,87.36,31,18,58.06,30,16,53.33,47,34,72.34,5,0,0.0,19,19,100.0,13,15.49,2.94,11.36,19.83,19.06,11.78,0,-1
50,50,2021-08-29,10,1,1.32,16,8,50.0,471,412,87.47,53.75,91,13,24,54,62,18,26,18,182,89,48.9,7,5,71.43,32,4,12.5,1,1,100.0,31,8,25.81,11,5,45.45,4,1,25.0,0,0,0,21,4,19.05,4,15,38,6,13,32,55,23,41.82,2,0,7,1,14.29,71,42,59.15,24,15,62.5,4,2,50.0,42,18,8,3,0,127,103,81.1,71,62,87.32,187,167,89.3,34,18,52.94,57,44,77.19,54,47,87.04,9,6,66.67,18,18,100.0,5,18.01,4.86,7.22,20.33,17.37,9.17,1,1
51,51,2021-08-22,10,1,2.17,8,6,75.0,316,264,83.54,38.95,123,48,37,38,62,27,27,8,212,85,40.09,1,1,100.0,17,5,29.41,4,1,25.0,27,1,3.7,4,1,25.0,2,0,0.0,1,1,100,3,0,0.0,0,7,9,1,0,14,76,21,27.63,0,0,22,5,22.73,81,44,54.32,30,11,36.67,5,2,40.0,50,27,7,4,0,101,69,68.32,56,50,89.29,101,93,92.08,32,15,46.88,42,28,66.67,55,36,65.45,4,2,50.0,20,14,70.0,16,16.9,3.04,10.13,13.65,17.63,21.42,0,1
52,52,2021-08-15,10,1,1.38,13,3,23.08,272,228,83.82,38.32,95,16,40,39,64,33,24,7,231,105,45.45,8,2,25.0,21,2,9.52,13,8,61.54,21,3,14.29,3,0,0.0,2,2,100.0,0,0,0,7,3,42.86,3,8,15,2,4,19,65,27,41.54,3,0,16,4,25.0,87,44,50.57,36,13,36.11,10,7,70.0,64,21,11,2,0,100,74,74.0,48,47,97.92,87,78,89.66,42,25,59.52,40,28,70.0,51,40,78.43,3,1,33.33,17,14,82.35,10,14.28,2.75,15.44,20.65,21.44,11.38,1,1
53,53,2021-05-23,6,4,2.46,10,4,40.0,466,390,83.69,53.27,103,15,40,48,86,36,32,18,236,101,42.8,3,0,0.0,29,4,13.79,5,4,80.0,26,2,7.69,7,2,28.57,1,0,0.0,0,0,0,18,4,22.22,3,8,28,4,12,21,92,29,31.52,1,2,9,6,66.67,65,38,58.46,25,13,52.0,5,2,40.0,45,19,7,2,0,177,138,77.97,69,63,91.3,153,135,88.24,41,23,56.1,51,35,68.63,77,55,71.43,13,4,30.77,27,24,88.89,7,17.3,4.12,8.8,14.96,18.79,9.8,0,1
54,54,2021-05-19,6,1,1.43,12,4,33.33,528,444,84.09,57.93,96,24,36,36,85,48,22,15,219,105,47.95,3,0,0.0,29,8,27.59,2,1,50.0,29,3,10.34,4,1,25.0,1,0,0.0,0,0,0,19,5,26.32,5,14,32,4,9,29,65,38,58.46,2,2,19,5,26.32,86,43,50.0,25,10,40.0,2,0,0.0,29,14,14,1,0,171,130,76.02,91,83,91.21,183,162,88.52,47,20,42.55,58,39,67.24,80,58,72.5,5,1,20.0,21,20,95.24,9,17.18,4.67,8.9,16.58,19.53,8.86,1,-1
55,55,2021-05-16,6,2,3.76,22,12,54.55,548,487,88.87,63.24,96,9,36,51,69,20,34,15,209,108,51.67,9,5,55.56,33,10,30.3,2,1,50.0,31,10,32.26,10,2,20.0,2,2,100.0,0,0,0,14,4,28.57,4,11,30,8,8,29,67,33,49.25,2,0,13,3,23.08,66,38,57.58,41,19,46.34,1,1,100.0,28,6,8,1,0,177,149,84.18,94,90,95.74,197,182,92.39,45,31,68.89,61,46,75.41,75,58,77.33,6,1,16.67,19,18,94.74,7,16.62,5.54,8.21,17.18,18.17,13.05,1,1
56,56,2021-05-08,6,1,0.94,9,2,22.22,384,305,79.43,48.6,102,19,42,41,71,30,32,9,227,102,44.93,4,0,0.0,30,6,20.0,1,1,100.0,27,1,3.7,6,1,16.67,2,0,0.0,0,0,0,13,1,7.69,0,6,17,5,2,14,97,37,38.14,2,3,16,8,50.0,67,40,59.7,30,10,33.33,1,0,0.0,53,17,10,2,0,140,99,70.71,65,60,92.31,116,100,86.21,35,15,42.86,43,28,65.12,62,41,66.13,8,1,12.5,30,27,90.0,9,15.88,3.34,9.11,17.19,19.86,8.94,0,-1
57,57,2021-05-02,6,4,1.78,19,10,52.63,688,625,90.84,64.87,71,16,20,35,81,34,32,15,180,83,46.11,9,6,66.67,33,9,27.27,3,2,66.67,19,6,31.58,6,2,33.33,2,1,50.0,0,0,0,9,2,22.22,2,11,29,4,6,19,68,26,38.24,3,0,5,1,20.0,57,32,56.14,23,11,47.83,3,2,66.67,43,13,8,1,0,182,157,86.26,92,89,96.74,327,302,92.35,36,21,58.33,73,58,79.45,90,70,77.78,11,4,36.36,17,15,88.24,4,20.31,7.24,5.23,18.6,18.58,7.86,1,1
58,58,2021-04-21,6,2,2.11,12,3,25.0,567,495,87.3,59.85,99,22,34,43,74,25,40,9,246,107,43.5,4,1,25.0,31,9,29.03,3,0,0.0,21,1,4.76,5,0,0.0,1,0,0.0,1,1,100,13,3,23.08,3,14,26,4,5,26,99,38,38.38,2,1,9,5,55.56,66,35,53.03,30,15,50.0,7,3,42.86,43,20,10,2,0,171,131,76.61,76,73,96.05,213,204,95.77,42,22,52.38,55,36,65.45,81,59,72.84,7,0,0.0,26,24,92.31,1,17.55,5.45,7.41,17.57,18.38,6.41,1,1
59,59,2021-04-16,9,2,1.08,12,3,25.0,393,312,79.39,43.18,125,21,54,50,90,35,42,13,210,103,49.05,6,0,0.0,30,10,33.33,2,1,50.0,20,1,5.0,3,1,33.33,1,0,0.0,0,0,0,6,1,16.67,1,6,13,1,5,10,56,13,23.21,0,2,18,7,38.89,78,51,65.38,38,21,55.26,2,0,0.0,39,12,7,1,0,142,99,69.72,55,49,89.09,156,136,87.18,38,22,57.89,52,33,63.46,65,48,73.85,0,0,0.0,26,21,80.77,11,17.9,3.64,9.67,18.66,20.69,17.61,0,0
60,60,2021-04-11,4,1,1.61,14,3,21.43,415,339,81.69,50.59,112,23,41,48,80,40,28,12,211,99,46.92,4,0,0.0,21,6,28.57,3,2,66.67,25,6,24.0,7,5,71.43,2,1,50.0,0,0,0,12,1,8.33,0,6,16,1,7,15,78,31,39.74,2,3,12,7,58.33,72,40,55.56,25,10,40.0,9,7,77.78,48,16,11,1,0,136,98,72.06,70,65,92.86,157,140,89.17,48,26,54.17,52,31,59.62,66,45,68.18,3,1,33.33,20,18,90.0,4,16.5,3.92,11.57,16.13,20.19,11.22,1,-1
61,61,2021-04-04,3,2,2.42,11,5,45.45,490,421,85.92,55.34,118,32,49,37,88,47,29,12,230,105,45.65,4,0,0.0,26,5,19.23,3,1,33.33,20,2,10.0,3,1,33.33,6,1,16.67,0,0,0,10,4,40.0,4,8,22,3,8,17,80,32,40.0,3,2,20,7,35.0,60,28,46.67,36,16,44.44,5,3,60.0,43,29,14,2,0,164,121,73.78,68,67,98.53,174,159,91.38,39,17,43.59,48,29,60.42,64,39,60.94,5,2,40.0,8,7,87.5,6,18.42,4.8,7.96,16.37,17.42,10.53,0,0
62,62,2021-03-21,3,2,1.83,7,3,42.86,388,335,86.34,52.66,105,24,34,47,80,31,30,19,273,132,48.35,3,0,0.0,25,4,16.0,1,1,100.0,30,1,3.33,8,1,12.5,2,0,0.0,1,1,100,12,2,16.67,2,9,21,4,6,18,94,43,45.74,0,0,8,1,12.5,77,49,63.64,39,20,51.28,7,3,42.86,42,23,14,2,0,129,106,82.17,74,68,91.89,128,115,89.84,33,21,63.64,40,25,62.5,61,48,78.69,3,1,33.33,20,18,90.0,4,15.37,3.7,8.51,16.35,18.46,12.67,0,1
63,63,2021-03-14,6,1,0.87,5,2,40.0,455,395,86.81,47.64,105,27,51,27,62,32,26,4,204,103,50.49,2,0,0.0,18,2,11.11,1,0,0.0,20,1,5.0,3,0,0.0,3,1,33.33,0,0,0,9,3,33.33,3,3,12,1,5,8,66,29,43.94,1,2,12,3,25.0,67,40,59.7,28,15,53.57,5,1,20.0,42,21,14,3,1,140,102,72.86,68,66,97.06,174,167,95.98,56,33,58.93,34,24,70.59,60,38,63.33,2,1,50.0,21,19,90.48,6,16.91,4.64,12.31,20.23,20.21,16.74,0,-1
64,64,2021-03-07,6,4,2.51,10,5,50.0,650,574,88.31,64.11,97,17,41,39,71,27,32,12,251,131,52.19,3,1,33.33,25,3,12.0,1,0,0.0,24,6,25.0,1,1,100.0,1,0,0.0,0,0,0,14,6,42.86,6,3,22,4,7,16,84,38,45.24,1,1,5,1,20.0,84,49,58.33,46,26,56.52,2,1,50.0,36,13,8,2,0,174,138,79.31,82,80,97.56,295,272,92.2,63,34,53.97,67,51,76.12,80,57,71.25,5,0,0.0,11,11,100.0,2,18.15,7.3,9.69,12.46,19.34,12.9,1,1
65,65,2021-03-04,6,1,1.46,9,2,22.22,330,253,76.67,39.54,118,27,58,33,72,34,28,10,232,118,50.86,4,0,0.0,21,4,19.05,7,2,28.57,29,1,3.45,1,0,0.0,2,0,0.0,0,0,0,6,3,50.0,4,4,12,2,1,12,70,29,41.43,2,0,9,3,33.33,86,55,63.95,23,12,52.17,4,2,50.0,53,28,9,1,0,123,80,65.04,47,39,82.98,117,103,88.03,38,17,44.74,40,26,65.0,69,46,66.67,10,2,20.0,19,18,94.74,12,16.39,2.97,11.52,18.06,19.82,11.5,0,1
66,66,2021-02-28,6,4,2.51,16,7,43.75,604,541,89.57,61.11,111,27,46,38,84,49,31,4,210,105,50.0,7,1,14.29,20,7,35.0,11,8,72.73,18,1,5.56,3,1,33.33,0,0,0.0,0,0,0,11,3,27.27,3,7,28,5,10,17,78,32,41.03,0,0,9,3,33.33,46,32,69.57,53,26,49.06,4,3,75.0,42,27,6,0,0,185,150,81.08,103,99,96.12,201,184,91.54,69,44,63.77,58,43,74.14,79,64,81.01,11,5,45.45,18,17,94.44,6,17.13,5.75,11.42,17.3,18.01,18.0,1,1
67,67,2021-02-21,6,1,1.6,19,4,21.05,538,467,86.8,67.5,113,13,45,55,89,36,31,22,212,101,47.64,11,2,18.18,27,9,33.33,3,2,66.67,28,6,21.43,7,3,42.86,4,2,50.0,0,0,0,22,9,40.91,6,14,30,5,12,28,85,38,44.71,0,2,7,4,57.14,57,37,64.91,41,17,41.46,9,3,33.33,35,15,7,3,0,183,143,78.14,71,70,98.59,203,181,89.16,50,27,54.0,60,46,76.67,85,61,71.76,2,1,50.0,14,13,92.86,8,16.54,5.38,9.29,19.12,18.67,7.36,0,-1
68,68,2021-02-13,2,0,0.61,7,2,28.57,422,366,86.73,41.52,99,26,39,34,67,34,26,7,215,102,47.44,4,0,0.0,13,2,15.38,3,1,33.33,20,3,15.0,2,0,0.0,2,0,0.0,0,0,0,5,1,20.0,1,1,7,2,4,4,83,35,42.17,0,3,15,6,40.0,90,51,56.67,21,7,33.33,2,0,0.0,38,15,13,3,0,128,100,78.13,74,71,95.95,160,144,90.0,36,21,58.33,39,28,71.79,69,46,66.67,2,0,0.0,8,7,87.5,6,16.49,5.7,8.53,20.78,18.89,20.25,0,-1
69,69,2021-02-07,6,2,2.3,13,6,46.15,562,488,86.83,65.0,97,5,34,58,77,29,36,12,225,103,45.78,3,1,33.33,31,7,22.58,6,3,50.0,27,3,11.11,8,1,12.5,1,0,0.0,0,0,0,14,2,14.29,1,11,32,4,9,18,81,34,41.98,1,0,4,1,25.0,62,35,56.45,42,17,40.48,4,0,0.0,28,11,16,1,0,167,129,77.25,69,67,97.1,214,196,91.59,34,20,58.82,59,48,81.36,60,50,83.33,13,4,30.77,23,20,86.96,4,16.77,5.4,6.05,16.03,17.45,7.7,1,1
70,70,2021-02-04,16,0,0.46,7,2,28.57,430,377,87.67,41.32,98,24,35,39,71,37,25,9,227,120,52.86,4,2,50.0,18,5,27.78,4,0,0.0,28,1,3.57,2,0,0.0,4,1,25.0,0,0,0,9,3,33.33,3,4,17,3,7,8,62,32,51.61,0,1,15,2,13.33,75,41,54.67,48,26,54.17,6,3,50.0,40,18,20,2,0,133,106,79.7,54,53,98.15,162,150,92.59,38,30,78.95,41,35,85.37,61,46,75.41,3,0,0.0,20,17,85.0,9,18.72,4.57,8.84,19.78,17.46,17.95,1,-1
71,71,2021-01-31,12,0,0.57,8,4,50.0,546,455,83.33,54.88,123,29,42,52,73,29,28,16,204,111,54.41,5,2,40.0,28,3,10.71,1,1,100.0,23,3,13.04,2,1,50.0,2,0,0.0,0,0,0,14,3,21.43,4,8,26,5,8,13,85,39,45.88,1,1,15,4,26.67,71,49,69.01,22,10,45.45,3,2,66.67,47,18,11,1,0,169,124,73.37,70,65,92.86,212,193,91.04,52,24,46.15,55,36,65.45,64,41,64.06,6,1,16.67,26,23,88.46,10,18.14,5.2,9.52,18.78,17.88,15.5,0,-1
72,72,2021-01-28,12,1,0.13,3,2,66.67,540,470,87.04,49.61,87,15,38,34,80,41,33,6,205,111,54.15,2,1,50.0,20,2,10.0,2,1,50.0,21,0,0.0,1,0,0.0,0,0,0.0,0,0,0,6,1,16.67,1,2,15,4,2,7,63,29,46.03,2,3,13,7,53.85,78,50,64.1,27,16,59.26,7,5,71.43,33,19,9,1,0,149,121,81.21,102,96,94.12,222,200,90.09,49,31,63.27,66,50,75.76,79,58,73.42,5,2,40.0,16,12,75.0,8,17.97,5.74,9.07,30.79,19.12,15.23,1,-1
73,73,2021-01-17,11,3,1.31,13,5,38.46,539,458,84.97,57.57,121,22,45,54,74,39,26,9,170,90,52.94,8,3,37.5,27,7,25.93,5,2,40.0,27,4,14.81,7,2,28.57,2,0,0.0,0,0,0,7,0,0.0,0,10,20,5,5,16,63,31,49.21,1,1,16,5,31.25,40,28,70.0,38,18,47.37,2,2,100.0,46,13,4,0,0,174,117,67.24,72,71,98.61,208,194,93.27,45,21,46.67,54,31,57.41,68,48,70.59,6,4,66.67,23,21,91.3,5,18.6,4.86,8.35,20.87,19.57,14.75,0,1
74,74,2021-01-13,6,1,2.12,14,6,42.86,484,409,84.5,51.38,121,20,54,47,78,32,33,13,228,111,48.68,5,2,40.0,20,6,30.0,2,0,0.0,30,7,23.33,6,4,66.67,1,0,0.0,0,0,0,16,7,43.75,7,9,27,5,9,19,66,26,39.39,2,1,14,5,35.71,81,47,58.02,49,21,42.86,3,2,66.67,45,13,13,1,0,160,113,70.63,65,63,96.92,178,164,92.13,46,21,45.65,59,42,71.19,80,60,75.0,9,3,33.33,24,19,79.17,7,17.42,4.57,9.5,14.83,19.0,10.9,1,0
75,75,2021-01-02,6,3,3.25,19,7,36.84,309,253,81.88,37.0,104,32,33,39,91,46,27,18,219,108,49.32,6,0,0.0,30,10,33.33,1,0,0.0,26,8,30.77,3,1,33.33,3,3,100.0,1,1,100,5,1,20.0,1,9,19,8,1,26,86,38,44.19,0,0,16,5,31.25,85,49,57.65,19,12,63.16,1,0,0.0,52,25,15,3,1,120,87,72.5,54,52,96.3,64,56,87.5,39,21,53.85,40,29,72.5,57,42,73.68,6,3,50.0,20,16,80.0,10,16.34,2.64,12.62,17.74,17.76,15.6,1,1
76,76,2020-12-27,9,1,0.49,5,3,60.0,430,362,84.19,40.74,104,25,41,38,76,34,35,7,258,124,48.06,2,1,50.0,17,2,11.76,3,1,33.33,27,1,3.7,2,1,50.0,2,0,0.0,0,0,0,5,1,20.0,1,8,16,4,2,12,75,39,52.0,0,1,11,6,54.55,104,49,47.12,36,20,55.56,5,2,40.0,51,19,13,1,0,146,109,74.66,67,63,94.03,134,121,90.3,46,29,63.04,43,33,76.74,62,47,75.81,5,2,40.0,18,14,77.78,4,19.83,4.17,10.7,18.93,17.94,15.85,0,0
77,77,2020-12-20,6,0,1.03,8,3,37.5,464,383,82.54,52.66,131,24,45,62,86,33,37,16,242,125,51.65,3,2,66.67,27,2,7.41,1,0,0.0,29,4,13.79,5,4,80.0,4,0,0.0,0,0,0,20,9,45.0,8,7,33,4,12,24,78,31,39.74,2,2,15,5,33.33,73,45,61.64,57,29,50.88,4,2,50.0,36,20,15,2,0,145,101,69.66,70,67,95.71,192,174,90.63,63,31,49.21,63,48,76.19,80,61,76.25,5,3,60.0,23,19,82.61,6,16.49,4.26,13.58,15.96,20.73,12.7,1,-1
78,78,2020-12-16,3,1,1.28,9,3,33.33,233,154,66.09,25.72,108,29,45,34,72,43,24,5,208,107,51.44,4,2,50.0,13,7,53.85,2,0,0.0,19,1,5.26,4,1,25.0,2,0,0.0,0,0,0,4,0,0.0,0,2,11,3,1,6,39,12,30.77,0,2,17,11,64.71,96,62,64.58,42,23,54.76,6,1,16.67,48,29,9,2,0,119,62,52.1,32,29,90.63,49,37,75.51,53,24,45.28,32,16,50.0,58,27,46.55,4,2,50.0,13,11,84.62,5,16.1,2.4,22.75,22.45,20.29,25.11,0,-1
79,79,2020-12-13,6,1,1.06,13,6,46.15,427,357,83.61,58.41,108,18,28,62,68,23,27,18,197,100,50.76,7,2,28.57,28,5,17.86,0,0,0.0,32,5,15.63,7,1,14.29,6,1,16.67,0,0,0,12,3,25.0,4,8,28,1,11,16,61,23,37.7,0,1,16,6,37.5,80,56,70.0,34,13,38.24,4,0,0.0,31,16,11,1,0,120,80,66.67,62,60,96.77,190,170,89.47,49,27,55.1,69,51,73.91,62,51,82.26,4,3,75.0,22,16,72.73,6,16.63,4.03,11.48,21.08,20.61,9.54,0,0
80,80,2020-12-06,2,2,0.29,5,3,60.0,245,191,77.96,30.88,103,37,39,27,73,57,11,5,196,96,48.98,3,2,66.67,8,2,25.0,6,2,33.33,26,0,0.0,3,0,0.0,2,0,0.0,0,0,0,5,0,0.0,0,1,7,2,4,4,44,19,43.18,1,0,11,2,18.18,68,38,55.88,44,26,59.09,2,0,0.0,59,59,16,1,0,95,58,61.05,29,29,100.0,73,63,86.3,34,16,47.06,19,9,47.37,48,22,45.83,0,0,0.0,13,11,84.62,12,15.54,2.58,13.88,22.87,18.73,28.25,1,1
81,81,2020-11-29,2,0,0.38,5,1,20.0,396,331,83.59,41.75,85,28,21,36,58,30,16,12,208,103,49.52,3,1,33.33,24,2,8.33,1,1,100.0,34,1,2.94,3,1,33.33,2,0,0.0,0,0,0,4,0,0.0,0,12,20,3,2,14,71,36,50.7,1,0,10,3,30.0,64,36,56.25,22,14,63.64,1,1,100.0,39,14,9,2,0,133,95,71.43,62,60,96.77,137,121,88.32,53,24,45.28,42,27,64.29,72,47,65.28,6,1,16.67,19,16,84.21,11,16.06,3.92,13.38,24.2,19.67,37.7,0,0
82,82,2020-11-21,6,2,0.26,4,2,50.0,276,203,73.55,30.69,108,29,42,37,68,41,18,9,201,112,55.72,3,1,33.33,11,1,9.09,3,0,0.0,35,2,5.71,0,0,0.0,2,0,0.0,0,0,0,6,1,16.67,2,4,10,2,2,8,59,28,47.46,1,0,17,4,23.53,99,62,62.63,23,14,60.87,5,3,60.0,56,19,13,2,0,117,70,59.83,44,40,90.91,72,62,86.11,52,26,50.0,35,16,45.71,54,26,48.15,9,5,55.56,8,6,75.0,17,16.98,2.91,18.84,21.83,19.82,20.71,1,1
83,83,2020-11-08,6,1,1.9,16,5,31.25,473,408,86.26,60.31,127,41,47,39,93,39,47,7,255,125,49.02,6,1,16.67,27,8,29.63,5,2,40.0,30,5,16.67,6,1,16.67,4,2,50.0,0,0,0,13,5,38.46,5,7,17,5,5,17,74,29,39.19,2,0,11,2,18.18,72,43,59.72,65,28,43.08,4,0,0.0,50,30,12,0,0,153,116,75.82,62,60,96.77,198,187,94.44,48,32,66.67,55,38,69.09,92,69,75.0,5,1,20.0,17,15,88.24,8,16.84,4.26,10.15,18.16,20.09,12.0,0,1
84,84,2020-11-01,6,2,1.28,8,3,37.5,354,289,81.64,40.72,107,20,40,47,56,22,24,10,223,87,39.01,4,0,0.0,20,4,20.0,2,1,50.0,24,1,4.17,4,1,25.0,2,0,0.0,1,1,100,7,3,42.86,3,5,13,2,3,11,63,19,30.16,0,1,5,2,40.0,64,37,57.81,34,14,41.18,5,2,40.0,46,20,14,2,0,117,79,67.52,60,54,90.0,112,103,91.96,45,20,44.44,42,24,57.14,54,34,62.96,2,0,0.0,28,21,75.0,5,17.04,3.47,12.71,18.76,18.95,11.15,1,1
85,85,2020-10-26,6,1,0.97,8,3,37.5,585,499,85.3,59.44,89,17,46,26,77,46,24,7,165,84,50.91,1,0,0.0,33,6,18.18,3,1,33.33,24,1,4.17,5,1,20.0,3,1,33.33,0,0,0,12,4,33.33,4,11,31,6,7,25,42,20,47.62,1,0,12,4,33.33,36,25,69.44,50,26,52.0,3,1,33.33,33,14,8,0,0,178,128,71.91,86,82,95.35,233,218,93.56,48,26,54.17,60,45,75.0,73,50,68.49,11,3,27.27,23,21,91.3,7,18.1,5.32,8.21,13.84,18.59,13.17,0,1
86,86,2020-10-18,6,3,1.63,11,6,54.55,464,397,85.56,51.99,110,36,38,36,77,40,28,9,247,134,54.25,6,3,50.0,14,4,28.57,11,5,45.45,26,1,3.85,3,0,0.0,2,0,0.0,0,0,0,12,4,33.33,3,4,18,3,6,11,69,33,47.83,1,3,13,5,38.46,97,65,67.01,36,16,44.44,4,2,50.0,53,37,12,0,0,151,110,72.85,79,74,93.67,179,164,91.62,47,28,59.57,52,34,65.38,75,58,77.33,9,5,55.56,9,9,100.0,8,17.01,4.59,10.13,18.61,19.8,19.36,1,0
87,87,2020-10-04,6,6,4.36,24,9,37.5,648,592,91.36,61.17,71,13,32,26,66,28,26,12,177,86,48.59,6,0,0.0,28,14,50.0,4,1,25.0,22,7,31.82,4,4,100.0,2,0,0.0,1,1,100,4,0,0.0,0,10,18,4,3,19,58,27,46.55,0,1,5,2,40.0,75,43,57.33,17,6,35.29,4,2,50.0,38,15,10,1,0,170,135,79.41,98,96,97.96,277,267,96.39,42,27,64.29,49,36,73.47,71,53,74.65,10,5,50.0,12,10,83.33,3,19.31,6.89,6.48,16.03,18.4,10.5,0,1
88,88,2020-09-27,6,1,3.45,21,12,57.14,612,562,91.83,63.48,88,14,21,53,76,34,27,15,217,91,41.94,8,4,50.0,39,13,33.33,3,1,33.33,22,5,22.73,10,3,30.0,3,1,33.33,0,0,0,16,9,56.25,8,11,27,7,7,29,64,26,40.63,0,1,5,1,20.0,50,22,44.0,59,29,49.15,2,0,0.0,38,23,15,1,0,148,129,87.16,85,81,95.29,274,259,94.53,39,27,69.23,76,64,84.21,69,66,95.65,9,2,22.22,19,19,100.0,3,18.93,6.8,6.37,15.5,18.11,8.0,1,0
89,89,2020-09-20,6,5,1.94,9,6,66.67,368,277,75.27,42.75,122,37,46,39,75,45,25,5,219,111,50.68,2,0,0.0,17,4,23.53,4,3,75.0,30,2,6.67,2,0,0.0,0,0,0.0,0,0,0,5,0,0.0,0,5,9,2,2,8,59,27,45.76,6,2,14,6,42.86,68,33,48.53,51,34,66.67,4,1,25.0,22,16,18,3,0,135,77,57.04,38,33,86.84,149,134,89.93,54,22,40.74,57,34,59.65,77,44,57.14,7,2,28.57,29,22,75.86,9,18.93,3.54,14.67,17.48,20.57,17.25,0,1
90,90,2020-09-13,3,0,1.2,9,5,55.56,512,439,85.74,50.32,101,16,29,56,65,20,28,17,219,93,42.47,1,1,100.0,37,4,10.81,2,1,50.0,20,4,20.0,5,2,40.0,1,0,0.0,0,0,0,22,8,36.36,8,8,27,2,14,18,58,17,29.31,0,1,14,5,35.71,82,40,48.78,44,22,50.0,2,0,0.0,34,22,15,1,0,136,103,75.74,83,75,90.36,220,197,89.55,35,17,48.57,70,53,75.71,64,51,79.69,13,5,38.46,34,32,94.12,8,17.7,4.57,6.84,13.16,19.64,12.06,1,-1
91,91,2020-07-26,6,1,0.74,7,2,28.57,444,384,86.49,48.98,100,23,28,49,79,41,22,16,232,116,50.0,2,0,0.0,26,1,3.85,4,2,50.0,25,4,16.0,2,1,50.0,2,0,0.0,0,0,0,6,1,16.67,1,4,15,2,4,8,67,27,40.3,0,1,8,2,25.0,98,59,60.2,35,17,48.57,5,3,60.0,54,35,13,2,0,142,114,80.28,79,74,93.67,156,138,88.46,48,30,62.5,62,45,72.58,61,52,85.25,10,4,40.0,24,23,95.83,12,18.01,4.58,10.81,19.37,19.59,8.41,0,0
92,92,2020-07-19,6,3,1.2,7,4,57.14,260,194,74.62,31.58,101,34,42,25,63,36,18,9,173,89,51.45,1,0,0.0,12,3,25.0,4,3,75.0,18,1,5.56,4,0,0.0,1,1,100.0,0,0,0,4,0,0.0,0,3,10,3,1,7,42,20,47.62,4,0,20,6,30.0,66,34,51.52,35,16,45.71,6,1,16.67,49,29,16,2,0,96,60,62.5,40,35,87.5,88,73,82.95,42,15,35.71,22,10,45.45,57,27,47.37,7,3,42.86,13,11,84.62,7,15.45,2.95,16.15,15.78,21.47,18.1,1,1
93,93,2020-07-15,10,3,1.19,8,5,62.5,433,382,88.22,44.66,79,16,28,35,60,26,28,6,184,81,44.02,3,1,33.33,27,4,14.81,5,2,40.0,16,2,12.5,4,1,25.0,1,1,100.0,0,0,0,8,2,25.0,1,13,16,2,2,15,56,22,39.29,1,1,20,6,30.0,62,29,46.77,32,16,50.0,5,3,60.0,38,20,13,3,0,137,107,78.1,68,64,94.12,147,136,92.52,33,21,63.64,37,28,75.68,59,46,77.97,7,4,57.14,20,18,90.0,8,17.84,4.98,7.62,15.49,17.63,15.68,0,1
94,94,2020-07-12,3,2,1.25,13,7,53.85,334,284,85.03,37.59,84,20,26,38,61,17,29,15,184,88,47.83,5,1,20.0,22,5,22.73,9,4,44.44,26,4,15.38,6,2,33.33,1,0,0.0,0,0,0,11,2,18.18,2,5,21,6,5,15,55,24,43.64,2,1,13,4,30.77,72,35,48.61,30,16,53.33,5,4,80.0,48,24,16,5,0,109,85,77.98,62,60,96.77,117,101,86.32,49,30,61.22,51,33,64.71,61,49,80.33,2,1,50.0,16,14,87.5,10,15.94,3.63,14.67,20.94,21.51,19.65,1,1
95,95,2020-07-09,10,0,0.75,8,0,0.0,494,421,85.22,65.1,120,25,44,51,100,51,30,19,202,99,49.01,4,0,0.0,25,3,12.0,6,0,0.0,25,4,16.0,12,3,25.0,1,0,0.0,0,0,0,22,8,36.36,4,9,23,0,10,16,48,12,25.0,0,0,8,3,37.5,72,46,63.89,45,24,53.33,6,2,33.33,61,30,14,2,0,152,117,76.97,80,76,95.0,183,164,89.62,58,40,68.97,56,43,76.79,86,69,80.23,8,2,25.0,18,15,83.33,1,15.25,4.49,11.74,20.87,21.24,5.5,0,0
96,96,2020-07-06,6,1,0.87,12,2,16.67,403,345,85.61,48.78,101,21,38,42,62,25,26,11,179,92,51.4,8,0,0.0,35,7,20.0,1,0,0.0,31,3,9.68,5,1,20.0,5,1,20.0,0,0,0,7,3,42.86,2,2,14,3,4,10,58,33,56.9,2,0,11,3,27.27,55,34,61.82,37,16,43.24,5,3,60.0,46,17,14,3,0,133,101,75.94,68,62,91.18,148,136,91.89,37,23,62.16,51,41,80.39,83,63,75.9,4,0,0.0,25,24,96.0,8,18.01,4.15,9.18,22.49,20.08,11.88,1,1
97,97,2020-07-02,6,1,1.3,8,2,25.0,612,520,84.97,64.05,111,20,37,54,103,56,33,14,237,109,45.99,3,1,33.33,32,3,9.38,5,0,0.0,28,3,10.71,6,2,33.33,5,0,0.0,0,0,0,23,5,21.74,5,11,42,7,12,30,78,36,46.15,1,3,7,4,57.14,62,33,53.23,45,20,44.44,3,0,0.0,36,15,13,0,0,178,131,73.6,67,61,91.04,294,267,90.82,51,27,52.94,63,42,66.67,82,62,75.61,12,2,16.67,21,21,100.0,7,17.53,5.83,8.33,16.44,20.48,6.43,0,-1
98,98,2020-06-23,6,2,2.36,14,4,28.57,630,562,89.21,66.05,90,7,27,56,90,45,29,16,199,96,48.24,7,3,42.86,27,7,25.93,10,4,40.0,25,3,12.0,9,1,11.11,0,0,0.0,0,0,0,20,7,35.0,6,11,32,3,8,28,63,23,36.51,3,0,7,1,14.29,59,33,55.93,54,29,53.7,6,5,83.33,41,12,12,2,0,186,147,79.03,77,76,98.7,263,247,93.92,38,18,47.37,76,53,69.74,69,55,79.71,9,6,66.67,11,10,90.91,8,17.78,6.92,6.03,17.28,18.53,9.77,1,1
99,99,2020-06-19,2,1,0.49,10,3,30.0,340,267,78.53,38.73,111,24,53,34,70,41,24,5,198,86,43.43,6,1,16.67,22,4,18.18,3,1,33.33,34,2,5.88,7,2,28.57,3,0,0.0,0,0,0,7,2,28.57,2,5,12,1,3,8,79,31,39.24,1,1,12,7,58.33,68,34,50.0,28,13,46.43,3,1,33.33,46,18,17,0,0,124,87,70.16,51,45,88.24,103,88,85.44,49,28,57.14,45,28,62.22,74,48,64.86,5,3,60.0,24,18,75.0,7,17.13,2.76,14.41,22.66,20.27,17.83,1,0
100,100,2020-03-07,12,1,1.04,11,2,18.18,464,365,78.66,53.9,140,30,70,40,98,51,41,6,215,112,52.09,8,1,12.5,26,6,23.08,4,0,0.0,31,4,12.9,5,3,60.0,3,0,0.0,1,1,100,16,3,18.75,3,9,22,1,8,14,52,23,44.23,0,1,19,8,42.11,80,53,66.25,47,19,40.43,4,1,25.0,48,28,11,4,0,169,117,69.23,53,49,92.45,165,137,83.03,67,32,47.76,48,33,68.75,90,58,64.44,2,2,100.0,19,17,89.47,9,17.2,3.63,14.44,22.46,20.11,8.71,0,0
101,101,2020-03-01,11,2,1.92,12,4,33.33,583,510,87.48,60.08,107,15,30,62,81,36,32,13,230,106,46.09,3,0,0.0,37,10,27.03,3,0,0.0,24,2,8.33,4,1,25.0,3,0,0.0,0,0,0,22,8,36.36,7,9,32,2,13,17,77,33,42.86,0,3,13,4,30.77,81,43,53.09,36,19,52.78,6,2,33.33,38,17,12,3,0,171,135,78.95,91,87,95.6,260,237,91.15,47,29,61.7,67,49,73.13,68,55,80.88,10,2,20.0,23,20,86.96,9,18.56,5.07,8.06,15.04,20.47,8.56,1,-1
102,102,2020-02-22,1,1,0.31,5,3,60.0,524,441,84.16,50.27,134,27,64,43,84,33,46,5,222,108,48.65,2,1,50.0,20,0,0.0,1,0,0.0,28,4,14.29,5,3,60.0,2,0,0.0,0,0,0,7,1,14.29,1,5,16,1,6,6,83,28,33.73,0,2,17,7,41.18,76,49,64.47,24,14,58.33,5,5,100.0,25,13,14,2,0,168,114,67.86,85,80,94.12,184,172,93.48,46,20,43.48,59,43,72.88,83,53,63.86,6,2,33.33,30,22,73.33,9,18.6,4.72,8.78,17.78,17.87,14.54,0,-1
103,103,2020-02-16,6,3,4.49,23,10,43.48,353,285,80.74,44.27,109,24,34,51,76,35,33,8,235,122,51.91,4,1,25.0,29,12,41.38,6,3,50.0,23,7,30.43,7,3,42.86,1,2,200.0,1,0,0,8,2,25.0,3,11,27,10,4,30,73,34,46.58,1,2,14,5,35.71,82,53,64.63,40,20,50.0,4,2,50.0,52,28,10,0,0,140,99,70.71,34,31,91.18,112,100,89.29,46,22,47.83,64,41,64.06,69,52,75.36,9,5,55.56,19,15,78.95,6,16.81,3.21,13.03,14.65,19.05,9.47,0,1
104,104,2020-02-02,2,2,0.6,3,3,100.0,322,263,81.68,34.31,104,33,39,32,66,38,24,4,176,80,45.45,0,0,0.0,11,3,27.27,4,0,0.0,21,0,0.0,2,1,50.0,2,0,0.0,0,0,0,4,0,0.0,0,3,12,2,1,7,58,23,39.66,2,0,18,6,33.33,61,38,62.3,21,9,42.86,7,4,57.14,57,20,8,2,0,123,86,69.92,52,52,100.0,100,87,87.0,47,25,53.19,37,22,59.46,56,37,66.07,9,7,77.78,11,9,81.82,7,16.09,3.46,14.6,17.24,20.71,21.94,1,1
105,105,2020-01-22,6,2,2.25,15,3,20.0,447,382,85.46,48.0,110,13,37,60,77,27,33,17,201,92,45.77,4,0,0.0,35,8,22.86,2,0,0.0,24,6,25.0,7,1,14.29,1,0,0.0,0,0,0,8,2,25.0,2,13,29,3,6,19,61,18,29.51,1,1,12,2,16.67,68,41,60.29,34,21,61.76,5,4,80.0,47,12,11,0,0,144,113,78.47,77,75,97.4,144,127,88.19,47,27,57.45,61,45,73.77,70,57,81.43,4,4,100.0,24,21,87.5,11,17.47,4.3,10.51,15.97,18.54,7.42,1,1
106,106,2020-01-18,10,0,1.98,15,5,33.33,471,396,84.08,53.39,116,44,33,39,78,43,29,6,272,125,45.96,5,1,20.0,27,9,33.33,3,1,33.33,27,5,18.52,3,0,0.0,0,0,0.0,0,0,0,12,5,41.67,4,12,26,6,4,19,71,34,47.89,3,0,14,2,14.29,77,46,59.74,55,16,29.09,5,2,40.0,59,21,13,3,0,167,126,75.45,59,57,96.61,166,146,87.95,59,29,49.15,67,50,74.63,86,57,66.28,7,4,57.14,17,15,88.24,12,18.21,4.53,12.53,16.5,18.94,7.55,0,0
107,107,2020-01-11,2,0,1.39,13,4,30.77,363,292,80.44,35.69,116,34,49,33,75,49,19,7,180,86,47.78,5,3,60.0,18,10,55.56,4,2,50.0,19,1,5.26,4,1,25.0,2,0,0.0,0,0,0,5,2,40.0,2,5,16,5,3,12,55,20,36.36,2,1,13,7,53.85,73,40,54.79,20,8,40.0,8,6,75.0,58,30,3,0,0,125,80,64.0,33,31,93.94,133,121,90.98,47,20,42.55,38,21,55.26,59,32,54.24,7,1,14.29,13,11,84.62,7,16.63,3.49,12.95,16.64,18.97,33.27,1,-1
108,108,2020-01-01,6,0,1.18,9,4,44.44,463,353,76.24,55.55,173,31,68,74,112,49,42,21,230,124,53.91,5,2,40.0,32,4,12.5,4,0,0.0,35,4,11.43,9,1,11.11,4,1,25.0,0,0,0,19,6,31.58,6,4,32,3,18,10,94,42,44.68,4,1,12,3,25.0,63,47,74.6,43,20,46.51,4,3,75.0,45,13,7,4,0,182,113,62.09,50,48,96.0,162,137,84.57,77,30,38.96,72,38,52.78,87,56,64.37,9,2,22.22,31,29,93.55,5,17.14,3.43,16.63,17.27,20.65,7.93,0,-1
109,109,2019-12-28,5,2,2.36,15,7,46.67,533,447,83.86,58.36,117,19,45,53,100,40,45,15,208,111,53.37,10,5,50.0,33,8,24.24,8,3,37.5,25,3,12.0,6,0,0.0,1,0,0.0,1,1,100,17,2,11.76,3,18,33,8,6,20,78,37,47.44,3,2,4,3,75.0,60,36,60.0,34,18,52.94,1,1,100.0,36,15,10,3,0,166,120,72.29,79,76,96.2,191,173,90.58,43,19,44.19,92,68,73.91,84,67,79.76,11,1,9.09,22,20,90.91,4,17.28,4.8,8.07,19.69,18.88,9.33,0,0
110,110,2019-12-26,11,2,1.1,11,4,36.36,482,389,80.71,53.54,114,14,39,61,87,34,38,15,194,95,48.97,4,0,0.0,24,5,20.83,4,2,50.0,25,1,4.0,9,1,11.11,3,0,0.0,0,0,0,12,4,33.33,4,10,32,3,8,22,70,33,47.14,5,1,11,5,45.45,72,43,59.72,28,7,25.0,11,6,54.55,49,9,10,4,0,165,103,62.42,58,55,94.83,179,163,91.06,51,18,35.29,58,38,65.52,86,56,65.12,9,3,33.33,20,18,90.0,9,17.18,4.97,10.58,18.16,18.44,7.1,1,1
111,111,2019-12-22,10,0,0.29,4,0,0.0,427,351,82.2,44.58,113,20,44,49,82,33,35,14,232,117,50.43,1,0,0.0,25,4,16.0,0,0,0.0,21,0,0.0,3,0,0.0,2,0,0.0,0,0,0,13,3,23.08,3,6,19,2,5,13,65,22,33.85,0,2,11,3,27.27,85,56,65.88,26,13,50.0,5,3,60.0,39,28,8,4,1,132,90,68.18,45,42,93.33,183,164,89.62,49,21,42.86,53,27,50.94,58,38,65.52,5,2,40.0,26,22,84.62,7,16.4,4.4,11.48,16.32,20.45,16.71,1,-1
112,112,2019-12-15,6,2,0.9,8,4,50.0,340,270,79.41,41.18,123,35,56,32,80,38,37,5,229,120,52.4,1,0,0.0,17,6,35.29,2,0,0.0,21,2,9.52,2,1,50.0,4,0,0.0,0,0,0,8,1,12.5,2,8,23,6,4,13,65,31,47.69,1,1,17,5,29.41,86,46,53.49,34,20,58.82,8,3,37.5,69,38,10,4,0,148,103,69.59,51,49,96.08,96,81,84.38,45,23,51.11,40,24,60.0,64,43,67.19,6,2,33.33,17,12,70.59,7,16.52,3.3,13.24,14.58,19.35,10.56,0,1
113,113,2019-12-07,6,5,2.6,13,7,53.85,451,374,82.93,48.26,109,17,53,39,101,55,37,9,220,112,50.91,5,2,40.0,22,8,36.36,7,4,57.14,13,1,7.69,1,0,0.0,3,1,33.33,0,0,0,3,0,0.0,0,5,19,5,1,13,61,27,44.26,1,0,7,1,14.29,75,47,62.67,56,27,48.21,4,2,50.0,33,16,12,1,0,163,113,69.33,71,67,94.37,151,138,91.39,59,33,55.93,43,24,55.81,72,46,63.89,9,4,44.44,13,12,92.31,7,17.16,4.65,13.08,17.14,19.73,12.38,1,1
114,114,2019-12-04,2,1,0.98,8,5,62.5,490,395,80.61,56.07,117,29,36,52,93,43,33,17,189,99,52.38,3,1,33.33,31,5,16.13,1,0,0.0,17,2,11.76,3,0,0.0,1,0,0.0,0,0,0,17,2,11.76,3,6,23,2,10,13,65,32,49.23,1,2,12,7,58.33,63,32,50.79,27,16,59.26,6,5,83.33,48,21,9,1,0,160,111,69.38,57,55,96.49,195,173,88.72,54,27,50.0,68,45,66.18,90,62,68.89,10,3,30.0,28,24,85.71,6,15.6,4.34,11.02,19.24,21.37,8.46,0,-1
115,115,2019-11-30,2,3,2.07,12,5,41.67,468,391,83.55,58.9,105,23,29,53,83,36,26,21,232,138,59.48,3,0,0.0,27,6,22.22,10,4,40.0,25,3,12.0,4,1,25.0,0,0,0.0,0,0,0,11,3,27.27,3,13,31,7,7,26,62,32,51.61,1,2,18,6,33.33,75,51,68.0,53,34,64.15,7,2,28.57,46,23,10,0,0,149,105,70.47,67,65,97.01,188,165,87.77,45,26,57.78,59,45,76.27,73,49,67.12,12,5,41.67,9,5,55.56,10,14.71,5.09,9.62,14.66,19.71,8.2,1,1
116,116,2019-11-23,6,3,1.53,13,7,53.85,432,364,84.26,49.9,95,16,41,38,81,34,31,16,186,95,51.08,5,3,60.0,26,5,19.23,7,0,0.0,26,7,26.92,7,4,57.14,3,1,33.33,0,0,0,8,3,37.5,3,5,22,1,7,9,56,23,41.07,5,2,10,6,60.0,70,41,58.57,47,25,53.19,7,5,71.43,34,20,15,2,0,139,106,76.26,60,56,93.33,183,167,91.26,42,17,40.48,65,46,70.77,87,63,72.41,12,4,33.33,12,11,91.67,7,18.39,4.28,9.72,17.37,20.59,13.94,0,1
117,117,2019-11-09,6,1,1.1,18,6,33.33,569,492,86.47,57.98,116,26,38,52,85,41,25,19,206,107,51.94,10,2,20.0,32,8,25.0,3,1,33.33,26,9,34.62,4,3,75.0,1,0,0.0,0,0,0,17,6,35.29,5,5,23,1,9,18,81,31,38.27,1,1,14,4,28.57,69,45,65.22,32,21,65.63,5,1,20.0,42,15,6,2,0,185,140,75.68,67,63,94.03,241,224,92.95,34,17,50.0,65,46,70.77,79,55,69.62,18,9,50.0,27,25,92.59,10,18.46,5.37,5.98,20.77,19.35,9.95,1,0
118,118,2019-11-03,6,1,0.4,3,1,33.33,410,335,81.71,53.48,106,28,38,40,70,39,22,9,238,107,44.96,1,0,0.0,25,3,12.0,0,0,0.0,20,0,0.0,2,0,0.0,2,0,0.0,0,0,0,5,1,20.0,1,3,15,2,4,7,68,19,27.94,2,1,7,3,42.86,82,50,60.98,39,15,38.46,3,2,66.67,53,13,8,2,1,135,90,66.67,65,61,93.85,161,145,90.06,43,20,46.51,52,24,46.15,65,44,67.69,6,1,16.67,33,32,96.97,11,15.95,3.83,10.49,18.31,20.88,8.15,0,0
119,119,2019-10-27,8,1,1.19,10,4,40.0,282,205,72.7,31.97,114,39,37,38,75,44,23,8,189,89,47.09,2,1,50.0,18,5,27.78,4,2,50.0,16,3,18.75,3,1,33.33,3,1,33.33,0,0,0,8,2,25.0,1,5,14,1,1,14,55,20,36.36,4,2,21,13,61.9,56,40,71.43,37,12,32.43,4,1,25.0,50,23,11,3,0,100,58,58.0,24,19,79.17,116,102,87.93,38,18,47.37,36,23,63.89,69,35,50.72,8,1,12.5,23,18,78.26,8,16.89,2.74,13.48,19.69,22.39,33.9,0,-1
120,120,2019-10-19,12,1,1.46,12,2,16.67,665,569,85.56,64.37,133,12,38,83,106,38,43,25,219,94,42.92,6,1,16.67,50,8,16.0,5,1,20.0,23,2,8.7,11,2,18.18,2,0,0.0,0,0,0,34,9,26.47,9,16,46,1,23,17,85,29,34.12,5,1,7,2,28.57,50,28,56.0,42,19,45.24,7,3,42.86,26,8,5,4,0,203,157,77.34,85,81,95.29,265,233,87.92,34,15,44.12,82,61,74.39,106,83,78.3,4,2,50.0,30,29,96.67,4,17.84,6.1,5.11,17.88,19.12,9.54,1,0
121,121,2019-10-05,6,0,0.75,8,3,37.5,513,429,83.63,51.12,123,34,48,41,79,42,22,15,209,102,48.8,5,2,40.0,23,5,21.74,2,1,50.0,23,1,4.35,4,1,25.0,1,0,0.0,0,0,0,14,5,35.71,3,7,25,4,9,16,71,25,35.21,1,3,17,8,47.06,93,62,66.67,14,4,28.57,6,2,33.33,44,11,7,1,0,166,113,68.07,68,64,94.12,199,183,91.96,58,30,51.72,60,42,70.0,79,46,58.23,1,0,0.0,27,22,81.48,8,17.67,5.08,11.31,21.89,18.65,13.86,0,-1
122,122,2019-09-28,13,2,0.61,8,3,37.5,336,285,84.82,44.45,105,32,32,41,79,45,23,11,227,101,44.49,3,0,0.0,21,3,14.29,5,2,40.0,29,3,10.34,6,1,16.67,2,0,0.0,0,0,0,8,2,25.0,2,10,15,5,5,20,93,29,31.18,2,1,15,8,53.33,62,41,66.13,31,17,54.84,3,1,33.33,40,21,5,1,1,119,94,78.99,55,49,89.09,115,104,90.43,45,29,64.44,41,32,78.05,71,56,78.87,3,2,66.67,17,12,70.59,8,14.97,3.2,13.39,22.35,21.31,25.73,1,1
123,123,2019-09-21,13,1,1.67,11,5,45.45,478,385,80.54,57.1,135,23,47,65,99,40,46,13,215,106,49.3,2,1,50.0,37,8,21.62,2,1,50.0,30,2,6.67,2,0,0.0,4,1,25.0,0,0,0,18,4,22.22,4,16,39,5,11,24,81,36,44.44,3,2,17,8,47.06,74,39,52.7,22,15,68.18,9,3,33.33,51,10,13,2,0,187,136,72.73,56,54,96.43,149,128,85.91,53,30,56.6,81,60,74.07,95,76,80.0,6,4,66.67,21,16,76.19,11,17.01,4.12,11.09,16.05,18.87,6.54,0,-1
124,124,2019-09-14,3,4,1.46,13,5,38.46,610,542,88.85,63.02,100,13,32,55,75,20,49,6,197,85,43.15,6,1,16.67,40,9,22.5,1,1,100.0,14,2,14.29,4,1,25.0,2,0,0.0,0,0,0,19,6,31.58,4,12,36,0,9,26,44,19,43.18,1,0,11,6,54.55,83,34,40.96,38,19,50.0,3,1,33.33,33,15,18,4,0,173,141,81.5,90,87,96.67,254,232,91.34,46,27,58.7,84,71,84.52,79,65,82.28,20,9,45.0,22,22,100.0,0,18.92,6.04,7.54,19.86,18.12,5.81,1,1
125,125,2019-09-01,3,2,2.5,13,9,69.23,349,285,81.66,42.9,105,29,40,36,68,34,28,6,235,96,40.85,6,5,83.33,17,4,23.53,5,3,60.0,35,4,11.43,6,3,50.0,4,0,0.0,1,1,100,7,1,14.29,1,12,19,1,4,14,81,25,30.86,1,2,23,8,34.78,80,43,53.75,29,11,37.93,6,1,16.67,50,14,19,5,0,123,83,67.48,53,49,92.45,122,108,88.52,45,26,57.78,36,24,66.67,74,47,63.51,7,4,57.14,12,11,91.67,15,16.95,3.42,12.89,19.77,19.71,9.63,0,0
126,126,2019-08-25,6,0,0.72,14,2,14.29,769,686,89.21,74.35,110,11,13,86,91,28,29,34,193,93,48.19,9,1,11.11,55,12,21.82,2,0,0.0,19,2,10.53,6,1,16.67,1,0,0.0,0,0,0,41,11,26.83,7,10,54,2,30,20,80,32,40.0,1,1,6,3,50.0,57,40,70.18,23,9,39.13,5,4,80.0,13,10,10,2,0,181,150,82.87,81,79,97.53,386,347,89.9,41,23,56.1,113,97,85.84,99,92,92.93,6,4,66.67,23,22,95.65,4,18.19,8.09,5.33,21.45,19.11,6.04,1,-1
127,127,2019-08-17,6,2,0.17,3,2,66.67,465,394,84.73,41.86,107,44,40,23,53,43,9,1,200,95,47.5,2,1,50.0,7,2,28.57,4,0,0.0,28,1,3.57,2,1,50.0,0,0,0.0,0,0,0,5,1,20.0,1,2,7,1,3,4,65,25,38.46,1,2,28,7,25.0,68,44,64.71,26,9,34.62,6,3,50.0,58,18,4,0,0,130,90,69.23,67,65,97.01,176,163,92.61,37,10,27.03,27,10,37.04,54,21,38.89,4,1,25.0,17,15,88.24,11,18.17,4.6,7.96,34.26,18.29,24.77,0,0
128,128,2019-08-10,13,3,3.1,28,8,28.57,598,527,88.13,69.82,88,5,19,64,82,21,34,27,192,108,56.25,16,4,25.0,45,12,26.67,8,8,100.0,25,6,24.0,14,3,21.43,2,0,0.0,0,0,0,36,12,33.33,9,20,47,5,19,32,84,45,53.57,1,1,7,4,57.14,61,37,60.66,24,13,54.17,2,2,100.0,24,5,13,1,0,168,146,86.9,77,73,94.81,264,239,90.53,49,33,67.35,80,67,83.75,84,80,95.24,16,10,62.5,22,21,95.45,2,16.57,5.75,8.19,19.43,20.15,5.18,1,1
129,129,2019-05-12,6,2,1.12,9,3,33.33,513,440,85.77,55.2,100,15,35,50,85,30,40,15,219,103,47.03,6,1,16.67,31,4,12.9,1,1,100.0,26,3,11.54,7,3,42.86,3,0,0.0,0,0,0,9,0,0.0,0,8,20,2,1,11,78,30,38.46,2,2,15,8,53.33,60,36,60.0,34,12,35.29,4,2,50.0,45,16,10,0,0,154,114,74.03,99,89,89.9,187,175,93.58,58,34,58.62,41,27,65.85,71,50,70.42,6,2,33.33,20,15,75.0,5,16.54,4.89,11.31,20.16,19.69,15.53,1,0
130,130,2019-05-04,6,0,0.71,11,5,45.45,364,296,81.32,46.65,91,16,26,49,61,29,24,8,208,98,47.12,6,2,33.33,27,6,22.22,5,3,60.0,28,2,7.14,6,2,33.33,0,0,0.0,0,0,0,7,2,28.57,3,3,21,3,5,12,53,22,41.51,3,1,16,6,37.5,67,40,59.7,38,21,55.26,9,4,44.44,44,23,12,5,2,132,88,66.67,51,50,98.04,109,95,87.16,35,16,45.71,63,36,57.14,54,41,75.93,10,2,20.0,20,16,80.0,13,15.49,3.43,9.62,25.39,19.86,7.69,0,-1
131,131,2019-04-27,13,0,1.28,12,3,25.0,585,486,83.08,60.4,120,21,45,54,102,43,44,15,250,118,47.2,5,0,0.0,42,10,23.81,4,0,0.0,15,1,6.67,2,0,0.0,2,0,0.0,0,0,0,17,2,11.76,3,5,28,6,8,17,97,29,29.9,5,1,17,8,47.06,77,50,64.94,30,18,60.0,1,0,0.0,44,20,4,0,0,201,157,78.11,78,68,87.18,212,191,90.09,48,23,47.92,85,62,72.94,122,90,73.77,13,3,23.08,24,21,87.5,3,16.53,4.8,8.21,20.24,19.47,12.0,1,-1
132,132,2019-04-23,10,1,2.6,29,5,17.24,696,611,87.79,73.42,102,9,21,72,104,29,47,28,206,108,52.43,20,4,20.0,62,19,30.65,0,0,0.0,25,9,36.0,6,1,16.67,5,4,80.0,0,0,0,19,7,36.84,7,20,53,5,13,33,71,34,47.89,2,0,5,1,20.0,39,24,61.54,45,24,53.33,7,4,57.14,23,5,7,1,0,205,171,83.41,82,77,93.9,304,275,90.46,33,19,57.58,110,94,85.45,113,98,86.73,17,8,47.06,14,14,100.0,6,18.62,6.39,4.74,23.65,18.64,5.35,1,1
133,133,2019-04-20,7,0,0.83,10,4,40.0,337,272,80.71,39.63,92,26,30,36,73,43,24,6,210,102,48.57,4,0,0.0,12,3,25.0,5,3,60.0,26,4,15.38,4,2,50.0,1,0,0.0,0,0,0,7,4,57.14,4,4,15,4,4,11,62,21,33.87,2,1,15,4,26.67,87,53,60.92,30,13,43.33,7,3,42.86,50,19,11,2,0,111,70,63.06,53,52,98.11,124,109,87.9,45,20,44.44,32,23,71.88,67,35,52.24,0,0,0.0,16,14,87.5,13,16.13,3.55,13.35,20.25,19.79,14.39,0,-1
134,134,2019-04-13,9,4,2.8,21,5,23.81,703,628,89.33,65.64,81,9,27,45,82,23,42,17,224,119,53.13,7,1,14.29,35,8,22.86,8,6,75.0,21,6,28.57,4,2,50.0,3,2,66.67,0,0,0,13,6,46.15,6,13,29,5,7,28,84,43,51.19,1,0,7,2,28.57,64,36,56.25,41,23,56.1,3,1,33.33,43,8,10,2,0,194,163,84.02,93,90,96.77,287,267,93.03,25,10,40.0,100,83,83.0,108,98,90.74,22,9,40.91,16,16,100.0,7,18.76,7.73,3.56,17.87,17.19,6.89,1,1
135,135,2019-04-03,6,2,3.2,24,10,41.67,672,592,88.1,62.26,107,7,24,76,86,29,35,22,203,102,50.25,12,3,25.0,49,13,26.53,9,4,44.44,24,7,29.17,8,3,37.5,2,0,0.0,0,0,0,20,7,35.0,7,15,40,5,15,22,70,31,44.29,0,0,6,2,33.33,57,30,52.63,36,24,66.67,5,3,60.0,37,3,8,1,0,183,146,79.78,96,92,95.83,286,261,91.26,52,33,63.46,88,73,82.95,95,84,88.42,11,0,0.0,24,24,100.0,7,18.09,6.11,7.74,19.36,19.81,8.35,1,1
136,136,2019-03-31,7,1,1.81,11,2,18.18,455,386,84.84,52.73,100,30,27,43,62,28,21,13,184,86,46.74,5,0,0.0,25,8,32.0,1,1,100.0,24,2,8.33,3,1,33.33,1,0,0.0,0,0,0,13,4,30.77,4,9,28,2,10,15,66,22,33.33,2,2,14,4,28.57,62,47,75.81,25,10,40.0,5,3,60.0,51,19,8,1,0,155,113,72.9,69,63,91.3,184,166,90.22,61,36,59.02,45,29,64.44,81,60,74.07,10,3,30.0,30,26,86.67,17,16.77,4.03,13.41,20.14,20.99,10.96,0,-1
137,137,2019-03-09,13,1,0.71,15,5,33.33,465,373,80.22,60.49,119,19,42,58,84,29,32,23,196,100,51.02,9,3,33.33,29,7,24.14,7,2,28.57,32,5,15.63,10,3,30.0,4,0,0.0,0,0,0,15,4,26.67,3,5,30,5,12,16,65,31,47.69,1,2,12,4,33.33,59,38,64.41,32,14,43.75,9,4,44.44,45,13,9,2,0,160,112,70.0,57,52,91.23,180,152,84.44,58,27,46.55,63,38,60.32,79,59,74.68,14,4,28.57,24,23,95.83,5,15.25,4.19,12.47,22.48,20.46,6.38,0,-1
138,138,2019-03-02,9,1,1.83,11,3,27.27,493,395,80.12,61.05,129,14,47,68,88,47,30,11,227,104,45.81,4,0,0.0,29,8,27.59,4,0,0.0,24,2,8.33,3,0,0.0,5,2,40.0,1,1,100,11,4,36.36,2,14,24,2,5,19,70,21,30.0,5,1,9,3,33.33,67,41,61.19,36,18,50.0,7,2,28.57,44,6,15,3,0,170,110,64.71,73,67,91.78,178,161,90.45,75,40,53.33,80,49,61.25,93,67,72.04,3,1,33.33,27,25,92.59,6,16.54,4.32,15.21,20.35,21.64,5.78,1,0
139,139,2019-02-27,6,0,0.2,8,0,0.0,556,473,85.07,53.88,112,23,29,60,84,34,32,18,177,71,40.11,5,0,0.0,36,6,16.67,3,0,0.0,18,2,11.11,2,1,50.0,1,0,0.0,0,0,0,17,3,17.65,2,6,23,2,9,10,68,23,33.82,1,2,11,2,18.18,62,33,53.23,20,9,45.0,9,5,55.56,41,9,14,1,0,172,132,76.74,74,68,91.89,238,221,92.86,47,24,51.06,75,59,78.67,97,74,76.29,5,2,40.0,23,22,95.65,8,18.07,5.56,8.45,22.95,19.98,7.79,0,-1
140,140,2019-02-23,5,1,1.0,17,6,35.29,494,400,80.97,65.16,136,36,44,56,98,53,28,17,228,102,44.74,10,2,20.0,38,9,23.68,0,0,0.0,26,8,30.77,6,4,66.67,1,1,100.0,0,0,0,31,9,29.03,8,3,27,2,15,23,76,27,35.53,0,2,8,3,37.5,54,31,57.41,47,22,46.81,4,2,50.0,33,18,12,3,0,159,113,71.07,67,61,91.04,186,165,88.71,55,28,50.91,69,52,75.36,106,71,66.98,0,0,0.0,25,24,96.0,9,16.07,4.37,11.13,20.55,20.55,6.28,0,-1
141,141,2019-02-10,13,3,1.18,11,4,36.36,474,409,86.29,50.21,94,18,31,45,68,26,30,12,182,78,42.86,6,1,16.67,23,6,26.09,2,1,50.0,22,4,18.18,2,2,100.0,1,0,0.0,0,0,0,18,7,38.89,6,7,27,2,13,11,48,16,33.33,7,1,21,11,52.38,60,34,56.67,37,16,43.24,7,3,42.86,33,5,10,3,0,159,124,77.99,76,73,96.05,183,166,90.71,46,25,54.35,56,43,76.79,81,60,74.07,6,2,33.33,17,12,70.59,13,18.18,5.04,9.7,17.7,20.32,12.94,1,1
142,142,2019-02-02,6,1,1.9,19,3,15.79,760,651,85.66,70.99,114,14,38,62,106,40,38,28,206,99,48.06,5,1,20.0,64,13,20.31,1,0,0.0,18,6,33.33,6,5,83.33,3,2,66.67,0,0,0,33,9,27.27,7,15,43,3,17,33,78,29,37.18,2,0,8,2,25.0,54,35,64.81,34,18,52.94,2,0,0.0,39,9,6,0,0,201,148,73.63,99,94,94.95,338,304,89.94,60,29,48.33,99,80,80.81,103,86,83.5,8,3,37.5,23,21,91.3,4,18.21,6.61,7.89,16.16,20.31,7.35,1,1
143,143,2019-01-30,5,2,2.23,17,5,29.41,578,490,84.78,66.79,119,12,34,73,94,32,38,24,241,100,41.49,7,2,28.57,42,12,28.57,4,1,25.0,28,4,14.29,9,1,11.11,3,1,33.33,0,0,0,36,6,16.67,6,16,46,4,21,21,93,35,37.63,1,1,9,1,11.11,52,31,59.62,49,19,38.78,2,0,0.0,43,13,6,0,0,158,128,81.01,69,65,94.2,239,209,87.45,61,41,67.21,90,77,85.56,87,77,88.51,8,1,12.5,22,19,86.36,7,16.2,5.21,10.55,18.4,22.24,8.48,1,1
144,144,2019-01-20,11,2,1.8,13,5,38.46,655,573,87.48,72.63,105,13,39,53,86,33,34,19,234,136,58.12,4,1,25.0,37,7,18.92,3,2,66.67,30,4,13.33,10,2,20.0,4,1,25.0,0,0,0,25,10,40.0,10,7,37,3,15,19,69,33,47.83,1,1,13,5,38.46,64,52,81.25,55,29,52.73,6,2,33.33,55,23,7,3,0,190,154,81.05,97,91,93.81,242,222,91.74,48,27,56.25,82,66,80.49,116,98,84.48,6,4,66.67,30,28,93.33,3,17.29,5.46,7.33,15.02,18.95,4.94,0,1
145,145,2019-01-13,13,0,1.86,23,11,47.83,552,468,84.78,62.6,100,13,32,55,79,36,24,19,190,99,52.11,10,3,30.0,41,14,34.15,2,1,50.0,20,6,30.0,7,4,57.14,2,0,0.0,0,0,0,19,8,42.11,7,14,45,3,12,25,69,25,36.23,4,1,12,8,66.67,64,45,70.31,24,9,37.5,3,2,66.67,48,21,8,1,0,193,148,76.68,67,64,95.52,204,183,89.71,62,33,53.23,80,58,72.5,100,83,83.0,14,5,35.71,27,25,92.59,4,17.18,4.88,11.23,19.12,19.87,8.22,1,-1
146,146,2019-01-01,13,3,1.72,13,4,30.77,800,726,90.75,71.57,89,19,28,42,71,33,24,14,169,74,43.79,3,0,0.0,24,6,25.0,2,2,100.0,18,5,27.78,3,1,33.33,0,0,0.0,0,0,0,8,3,37.5,3,5,21,5,4,21,64,23,35.94,2,0,5,4,80.0,47,24,51.06,34,16,47.06,0,0,0.0,41,17,6,0,0,228,187,82.02,138,130,94.2,304,292,96.05,34,12,35.29,64,41,64.06,81,59,72.84,11,4,36.36,18,18,100.0,3,19.14,9.3,4.25,16.42,18.31,8.59,0,1
147,147,2018-12-29,14,1,0.37,10,3,30.0,655,583,89.01,61.08,115,24,33,58,80,37,33,10,187,72,38.5,8,3,37.5,28,4,14.29,1,1,100.0,20,4,20.0,6,2,33.33,1,0,0.0,0,0,0,9,1,11.11,1,7,24,3,7,6,60,14,23.33,0,3,9,4,44.44,66,34,51.52,28,10,35.71,2,1,50.0,43,9,6,3,0,181,149,82.32,97,92,94.85,284,259,91.2,48,23,47.92,74,51,68.92,93,76,81.72,6,1,16.67,20,16,80.0,3,17.86,6.97,7.33,24.69,18.91,11.78,1,-1
148,148,2018-12-26,6,5,1.84,8,7,87.5,572,513,89.69,56.08,86,21,33,32,75,39,21,15,158,67,42.41,4,3,75.0,24,4,16.67,7,1,14.29,20,2,10.0,3,0,0.0,1,0,0.0,0,0,0,11,3,27.27,3,10,18,1,5,13,54,21,38.89,0,0,13,4,30.77,34,23,67.65,29,9,31.03,2,0,0.0,47,19,5,2,0,184,150,81.52,109,101,92.66,180,173,96.11,50,32,64.0,53,38,71.7,76,58,76.32,14,10,71.43,14,12,85.71,8,18.34,6.15,8.74,16.82,18.98,14.48,1,1
149,149,2018-12-23,14,6,3.37,16,8,50.0,557,479,86.0,56.29,113,25,52,36,81,46,28,7,196,86,43.88,6,1,16.67,20,9,45.0,4,1,25.0,29,3,10.34,1,0,0.0,3,1,33.33,0,0,0,2,1,50.0,0,8,17,0,1,18,60,15,25.0,2,2,9,3,33.33,62,34,54.84,37,22,59.46,4,2,50.0,46,23,9,2,0,199,150,75.38,91,88,96.7,186,171,91.94,65,39,60.0,52,34,65.38,100,65,65.0,12,2,16.67,20,19,95.0,11,18.67,5.06,11.67,19.43,20.33,9.76,0,1
150,150,2018-12-15,10,1,1.55,13,3,23.08,602,528,87.71,69.9,103,20,28,55,92,46,30,16,202,98,48.51,5,0,0.0,44,6,13.64,4,2,50.0,21,6,28.57,8,4,50.0,1,0,0.0,0,0,0,26,8,30.77,7,15,33,4,11,29,66,24,36.36,2,0,4,0,0.0,35,23,65.71,59,26,44.07,4,3,75.0,39,12,7,0,0,178,136,76.4,78,76,97.44,260,241,92.69,58,35,60.34,92,72,78.26,97,81,83.51,6,3,50.0,23,22,95.65,4,15.9,5.47,9.63,18.74,20.87,5.37,1,1
151,151,2018-12-08,6,2,0.66,7,2,28.57,543,454,83.61,56.53,101,27,36,38,85,40,33,12,219,100,45.66,3,1,33.33,31,4,12.9,5,1,20.0,27,1,3.7,5,1,20.0,4,0,0.0,0,0,0,13,3,23.08,3,11,22,2,4,17,73,27,36.99,1,0,11,3,27.27,76,42,55.26,28,16,57.14,8,5,62.5,58,21,7,1,0,158,111,70.25,75,69,92.0,205,192,93.66,53,27,50.94,54,39,72.22,86,57,66.28,11,3,27.27,15,15,100.0,11,17.41,4.64,9.76,17.73,18.07,8.81,0,1
152,152,2018-12-05,6,3,1.56,12,8,66.67,497,423,85.11,49.77,98,28,30,40,78,47,17,14,169,77,45.56,3,3,100.0,29,5,17.24,2,2,100.0,20,4,20.0,8,3,37.5,1,0,0.0,0,0,0,12,4,33.33,3,12,25,2,7,14,47,15,31.91,4,1,15,5,33.33,51,29,56.86,28,21,75.0,2,1,50.0,57,25,7,0,0,163,120,73.62,63,55,87.3,211,198,93.84,47,22,46.81,63,44,69.84,94,69,73.4,9,4,44.44,17,16,94.12,5,18.18,4.97,9.46,18.55,20.26,21.15,1,1
153,153,2018-12-02,13,2,1.32,10,6,60.0,279,218,78.14,37.65,102,25,39,38,71,27,37,7,213,87,40.85,4,2,50.0,23,5,21.74,1,0,0.0,33,3,9.09,5,1,20.0,3,1,33.33,1,1,100,6,0,0.0,0,4,11,1,3,8,68,19,27.94,2,4,21,7,33.33,71,43,60.56,38,14,36.84,8,5,62.5,47,15,17,4,1,116,79,68.1,43,38,88.37,70,58,82.86,31,13,41.94,35,21,60.0,49,31,63.27,5,2,40.0,23,19,82.61,13,17.25,2.51,11.11,18.82,18.07,11.03,0,-1
154,154,2018-11-24,13,3,2.83,17,8,47.06,337,269,79.82,39.6,101,27,30,44,79,36,28,15,232,110,47.41,6,2,33.33,25,5,20.0,10,5,50.0,26,7,26.92,4,2,50.0,1,2,200.0,0,0,0,9,3,33.33,4,7,22,3,8,18,82,33,40.24,3,1,12,2,16.67,90,51,56.67,31,15,48.39,5,3,60.0,57,19,18,0,0,135,101,74.81,52,51,98.08,99,80,80.81,42,25,59.52,57,40,70.18,69,53,76.81,17,11,64.71,15,14,93.33,9,16.66,3.4,12.46,16.06,20.6,9.43,1,1
155,155,2018-11-10,6,1,2.07,9,2,22.22,570,491,86.14,64.91,125,26,41,58,89,35,34,20,267,118,44.19,3,1,33.33,35,5,14.29,9,0,0.0,28,4,14.29,6,2,33.33,3,0,0.0,0,0,0,13,5,38.46,5,7,23,2,7,11,87,29,33.33,1,0,7,3,42.86,79,52,65.82,42,15,35.71,3,2,66.67,57,27,10,1,0,180,139,77.22,87,82,94.25,225,209,92.89,52,29,55.77,77,61,79.22,95,72,75.79,6,1,16.67,25,22,88.0,6,16.97,4.87,9.12,12.85,20.66,7.03,0,1
156,156,2018-11-03,6,3,1.59,10,8,80.0,476,400,84.03,49.76,92,24,33,35,67,38,20,9,216,100,46.3,3,3,100.0,21,6,28.57,6,2,33.33,24,3,12.5,1,0,0.0,0,0,0.0,0,0,0,11,5,45.45,5,7,14,1,4,15,74,29,39.19,3,2,16,7,43.75,77,48,62.34,20,8,40.0,5,5,100.0,55,11,8,2,0,154,109,70.78,69,66,95.65,181,162,89.5,53,21,39.62,61,39,63.93,86,56,65.12,3,1,33.33,23,19,82.61,9,17.06,4.62,11.13,16.61,19.74,15.59,0,1
157,157,2018-10-29,6,0,0.53,3,1,33.33,455,370,81.32,49.21,119,26,38,55,78,38,30,10,219,100,45.66,1,0,0.0,27,2,7.41,2,0,0.0,28,1,3.57,3,1,33.33,5,0,0.0,0,0,0,12,3,25.0,3,4,22,4,8,13,72,28,38.89,4,1,12,6,50.0,80,43,53.75,27,13,48.15,4,1,25.0,38,16,12,2,0,140,94,67.14,74,68,91.89,166,142,85.54,65,31,47.69,60,35,58.33,73,43,58.9,12,1,8.33,24,21,87.5,12,15.57,4.42,14.29,15.95,20.28,12.43,1,-1
158,158,2018-10-20,10,1,1.56,10,2,20.0,500,456,91.2,57.05,71,15,32,24,68,36,23,9,251,114,45.42,3,0,0.0,26,2,7.69,6,4,66.67,21,4,19.05,6,2,33.33,3,2,66.67,0,0,0,11,4,36.36,4,8,22,6,6,20,98,41,41.84,2,0,11,4,36.36,74,46,62.16,35,8,22.86,6,2,33.33,42,21,10,0,0,163,140,85.89,93,88,94.62,127,120,94.49,35,30,85.71,43,38,88.37,69,59,85.51,10,5,50.0,16,15,93.75,6,17.25,5.1,7.0,13.36,16.03,14.0,0,1
159,159,2018-10-06,6,1,3.01,19,7,36.84,664,589,88.7,70.9,114,21,33,60,84,39,23,22,238,121,50.84,6,1,16.67,44,12,27.27,3,2,66.67,24,5,20.83,6,1,16.67,4,0,0.0,0,0,0,20,5,25.0,6,24,38,7,10,39,80,37,46.25,0,0,6,4,66.67,62,45,72.58,40,15,37.5,5,4,80.0,27,18,7,3,0,207,169,81.64,111,104,93.69,238,216,90.76,32,20,62.5,69,53,76.81,103,85,82.52,12,6,50.0,36,35,97.22,4,17.47,6.04,4.82,15.32,18.52,8.07,1,1
160,160,2018-09-29,11,2,1.88,9,6,66.67,345,281,81.45,46.46,132,36,51,45,108,56,42,10,284,133,46.83,2,1,50.0,20,4,20.0,8,3,37.5,23,1,4.35,0,0,0.0,3,1,33.33,1,1,100,7,4,57.14,4,5,16,2,6,12,81,33,40.74,1,0,9,6,66.67,63,33,52.38,74,36,48.65,3,2,66.67,46,49,15,2,0,130,93,71.54,53,47,88.68,115,102,88.7,44,29,65.91,40,30,75.0,68,45,66.18,10,5,50.0,21,17,80.95,7,15.92,2.97,12.75,14.21,20.07,10.33,0,1
161,161,2018-09-22,6,2,1.59,15,7,46.67,619,556,89.82,68.91,80,12,31,37,65,25,30,10,206,112,54.37,5,1,20.0,32,9,28.13,2,0,0.0,29,4,13.79,7,3,42.86,2,0,0.0,1,1,100,15,5,33.33,3,8,22,4,4,19,69,33,47.83,0,1,8,4,50.0,68,42,61.76,23,12,52.17,4,3,75.0,22,16,9,1,0,177,143,80.79,96,92,95.83,255,242,94.9,41,24,58.54,71,53,74.65,72,61,84.72,8,0,0.0,20,19,95.0,6,18.28,6.32,6.62,19.8,17.95,6.15,0,1
162,162,2018-09-15,13,1,0.88,10,3,30.0,528,442,83.71,60.86,102,10,40,52,74,25,33,16,223,96,43.05,4,1,25.0,27,5,18.52,0,0,0.0,27,3,11.11,5,1,20.0,4,0,0.0,0,0,0,10,4,40.0,4,9,20,3,4,18,75,23,30.67,3,2,17,10,58.82,77,40,51.95,31,16,51.61,1,1,100.0,48,17,17,0,0,181,132,72.93,70,64,91.43,218,200,91.74,61,32,52.46,61,34,55.74,78,61,78.21,7,3,42.86,22,21,95.45,4,16.53,4.71,11.55,22.65,20.66,7.0,1,-1
163,163,2018-09-02,5,1,0.91,10,3,30.0,529,428,80.91,64.16,143,20,46,77,104,44,37,23,261,118,45.21,6,3,50.0,48,6,12.5,0,0,0.0,25,4,16.0,10,2,20.0,2,1,50.0,0,0,0,29,11,37.93,12,9,37,4,15,20,83,23,27.71,2,2,6,3,50.0,90,62,68.89,45,19,42.22,5,5,100.0,39,19,8,1,0,151,112,74.17,56,48,85.71,233,204,87.55,50,29,58.0,81,59,72.84,116,95,81.9,9,2,22.22,35,30,85.71,6,16.73,4.1,9.45,22.08,20.98,6.33,0,-1
164,164,2018-08-27,13,3,1.13,9,5,55.56,344,267,77.62,42.05,127,35,49,43,81,42,31,8,257,104,40.47,2,1,50.0,26,6,23.08,4,1,25.0,27,2,7.41,2,2,100.0,1,0,0.0,0,0,0,5,3,60.0,3,8,15,2,4,12,70,23,32.86,1,0,20,5,25.0,94,52,55.32,44,14,31.82,7,1,14.29,58,23,16,3,0,131,84,64.12,56,50,89.29,105,93,88.57,51,28,54.9,54,34,62.96,84,57,67.86,5,3,60.0,25,24,96.0,15,16.1,2.99,14.83,15.15,20.74,8.77,0,1
165,165,2018-08-18,5,3,4.7,24,11,45.83,628,551,87.74,59.82,87,9,19,59,77,23,31,23,204,95,46.57,6,2,33.33,47,19,40.43,4,1,25.0,18,2,11.11,5,1,20.0,2,0,0.0,0,0,0,31,10,32.26,10,22,44,2,16,40,68,21,30.88,1,1,8,3,37.5,69,45,65.22,27,13,48.15,8,4,50.0,35,7,9,0,0,185,154,83.24,102,95,93.14,236,207,87.71,62,41,66.13,78,64,82.05,101,85,84.16,7,2,28.57,24,24,100.0,5,18.06,6.61,9.87,15.68,19.26,9.83,1,1
166,166,2018-08-11,6,2,1.77,13,6,46.15,559,472,84.44,57.64,124,23,52,49,94,44,35,15,288,117,40.63,4,2,50.0,37,7,18.92,0,0,0.0,27,5,18.52,5,2,40.0,2,1,50.0,0,0,0,16,8,50.0,8,4,19,3,10,18,82,24,29.27,0,1,13,2,15.38,97,53,54.64,62,21,33.87,7,3,42.86,71,30,12,2,0,166,119,71.69,92,84,91.3,210,192,91.43,60,32,53.33,70,48,68.57,91,71,78.02,4,0,0.0,24,22,91.67,10,18.41,4.51,10.73,16.46,20.1,6.34,0,1
