,Unnamed: 0,Unnamed: 0.2,Date,Scheme,Goals,xG,Shots,Shots on Target,Shot Accuracy,Passes,Passes on Target,Pass Accuracy,"Possession, %",Losses,Low Losses,Medium Losses,High Losses,Recoveries,Low Recoveries,Medium Recoveries,High Recoveries,Duels,Duels won,Duel win %,Shots from outside,Shots from outside on target,Shots from outside accuracy,Positional attacks,Positional attacks with shots,Positional attacks with shots %,Counterattacks,Counterattacks with shots,Counterattacks with shots %,Set pieces,Set pieces with shots,Set pieces with shots %,Corners,Corners with shots,Corners with shots %,Free kicks,Free kicks with shots,Free kicks with shots %,Penalties,Penalties converted,Penalties converted %,Crosses,Crosses accurate,Crosses accurate %,Deep completed crosses,Deep completed passes,Penalty area entries (runs / crosses),Penalty area entries runs,Penalty area entries crosses,Touches in penalty area,Offensive duels,Offensive duels won,Offensive duels won %,Offsides,Conceded goals,Shots against,Shots against on target,Shots against on target %,Defensive duels,Defensive duels won,Defensive duels won %,Aerial duels,Aerial duels won,Aerial duels won %,Sliding tackles,Sliding tackles successful,Sliding tackles successful %,Interceptions,Clearances,Fouls,Yellow cards,Red cards,Forward passes,Forward passes accurate,Forward passes accurate %,Back passes,Back passes accurate,Back passes accurate %,Lateral passes,Lateral passes accurate,Lateral passes accurate %,Long passes,Long passes accurate,Long passes accurate %,Passes to final third,Passes to final third accurate,Passes to final third accurate %,Progressive passes,Progressive passes accurate,Progressive passes accurate %,Smart passes,Smart passes accurate,Smart passes accurate %,Throw ins,Throw ins accurate,Throw ins accurate %,Goal kicks,Match tempo,Average passes per possession,Long pass %,Average shot distance,Average pass length,PPDA,Home,Win
0,0,0,2022-05-22,4,1,0.86,8,3,37.5,261,212,81.23,29.52,89,28,35,26,73,46,19,8,205,89,43.41,5,0,0.0,19,3,15.79,3,3,100.0,14,1,7.14,3,0,0.0,2,1,50.0,0,0,0,10,4,40.0,5,4,14,1,7,10,65,24,36.92,2,2,19,8,42.11,80,49,61.25,26,5,19.23,8,4,50.0,56,17,9,0,0,112,85,75.89,35,31,88.57,72,62,86.11,29,14,48.28,30,21,70.0,53,36,67.92,1,0,0.0,12,9,75.0,8,16.24,3.3,11.11,21.57,19.02,14.8,0,0
1,1,1,2022-05-15,10,1,1.58,11,5,45.45,343,273,79.59,41.48,106,9,48,49,73,28,25,20,157,68,43.31,1,1,100.0,30,5,16.67,0,0,0.0,22,6,27.27,7,4,57.14,4,1,25.0,0,0,0,22,7,31.82,4,6,28,8,9,26,73,22,30.14,2,5,14,7,50.0,35,23,65.71,36,14,38.89,3,3,100.0,50,16,4,0,0,120,84,70.0,54,51,94.44,112,93,83.04,45,27,60.0,43,26,60.47,62,46,74.19,5,3,60.0,19,18,94.74,11,15.78,3.3,13.12,13.7,20.41,14.52,1,0
2,2,2,2022-05-11,4,0,0.42,5,0,0.0,444,394,88.74,47.19,112,27,42,43,88,48,34,6,244,109,44.67,2,0,0.0,20,0,0.0,2,0,0.0,17,4,23.53,1,0,0.0,7,4,57.14,0,0,0,4,2,50.0,1,4,11,1,3,6,83,26,31.33,1,0,16,6,37.5,61,42,68.85,60,25,41.67,3,1,33.33,60,24,5,1,0,147,116,78.91,62,59,95.16,171,163,95.32,47,33,70.21,51,41,80.39,71,53,74.65,3,1,33.33,12,11,91.67,4,17.12,4.44,10.59,18.76,18.8,16.05,1,1
3,3,3,2022-05-07,4,0,0.25,5,1,20.0,230,172,74.78,32.32,88,21,40,27,66,44,17,5,201,102,50.75,3,1,33.33,16,3,18.75,0,0,0.0,23,2,8.7,5,1,20.0,3,1,33.33,0,0,0,10,3,30.0,4,0,9,2,7,6,45,23,51.11,0,1,16,7,43.75,83,45,54.22,30,15,50.0,3,1,33.33,40,24,18,2,1,97,62,63.92,38,35,92.11,62,49,79.03,42,25,59.52,23,13,56.52,55,30,54.55,2,1,50.0,16,15,93.75,8,15.63,2.23,18.26,19.66,21.0,16.3,0,0
4,4,4,2022-04-30,3,1,1.36,13,1,7.69,318,231,72.64,48.87,137,23,45,69,111,54,38,19,265,132,49.81,5,0,0.0,34,7,20.59,7,1,14.29,21,4,19.05,5,1,20.0,5,2,40.0,0,0,0,20,5,25.0,7,9,28,8,12,25,69,38,55.07,1,2,15,5,33.33,67,43,64.18,81,33,40.74,2,2,100.0,45,31,13,1,0,129,84,65.12,53,51,96.23,79,59,74.68,51,21,41.18,47,25,53.19,66,42,63.64,3,3,100.0,28,26,92.86,8,15.7,2.77,16.04,16.93,21.38,9.74,1,0
5,5,5,2022-04-23,10,1,0.34,5,2,40.0,223,176,78.92,28.22,84,31,28,25,66,39,21,6,164,68,41.46,1,1,100.0,11,3,27.27,3,0,0.0,18,2,11.11,4,2,50.0,3,1,33.33,0,0,0,3,0,0.0,0,1,6,2,1,6,68,27,39.71,2,5,15,8,53.33,54,28,51.85,12,6,50.0,5,2,40.0,55,27,7,0,0,95,69,72.63,45,40,88.89,54,48,88.89,37,20,54.05,35,24,68.57,49,31,63.27,5,3,60.0,13,12,92.31,6,14.73,2.42,16.59,16.97,20.91,19.72,0,0
6,6,6,2022-04-16,10,1,1.81,15,4,26.67,378,306,80.95,50.62,119,16,45,58,95,47,25,23,211,107,50.71,6,2,33.33,38,10,26.32,0,0,0.0,18,3,16.67,6,1,16.67,4,2,50.0,0,0,0,18,8,44.44,7,9,26,3,11,19,65,27,41.54,0,2,16,5,31.25,63,36,57.14,55,31,56.36,3,2,66.67,55,29,11,2,0,155,108,69.68,61,57,93.44,96,87,90.63,54,25,46.3,41,27,65.85,80,62,77.5,7,4,57.14,23,22,95.65,5,16.21,3.12,14.29,19.26,20.1,8.27,1,0
7,7,7,2022-04-09,4,0,0.18,6,0,0.0,344,259,75.29,49.09,163,25,61,77,104,38,54,12,310,132,42.58,4,0,0.0,35,3,8.57,0,0,0.0,23,2,8.7,3,0,0.0,5,1,20.0,0,0,0,9,4,44.44,3,1,13,2,6,8,143,47,32.87,3,3,9,5,55.56,70,49,70.0,58,23,39.66,2,2,100.0,74,16,8,2,0,138,97,70.29,44,39,88.64,88,68,77.27,54,35,64.81,48,26,54.17,70,48,68.57,6,2,33.33,40,37,92.5,10,16.2,2.63,15.7,23.11,17.69,6.51,1,0
8,8,8,2022-04-02,4,0,0.45,5,2,40.0,243,182,74.9,31.93,105,28,48,29,81,44,35,2,228,94,41.23,1,0,0.0,17,3,17.65,1,0,0.0,25,2,8.0,3,1,33.33,3,0,0.0,0,0,0,6,2,33.33,2,3,10,1,3,7,60,17,28.33,3,2,17,3,17.65,70,41,58.57,44,15,34.09,3,2,66.67,70,28,8,1,0,105,65,61.9,39,36,92.31,63,55,87.3,43,24,55.81,28,15,53.57,50,31,62.0,3,2,66.67,15,13,86.67,15,14.54,2.36,17.7,15.48,19.27,17.15,0,0
9,9,9,2022-03-13,10,2,1.32,10,5,50.0,286,222,77.62,40.86,117,19,49,49,91,46,33,12,258,116,44.96,3,0,0.0,20,3,15.0,8,6,75.0,17,1,5.88,3,0,0.0,0,0,0.0,0,0,0,11,5,45.45,4,5,19,6,7,19,67,16,23.88,0,1,12,6,50.0,68,39,57.35,65,36,55.38,5,1,20.0,74,44,11,2,0,126,86,68.25,47,44,93.62,71,61,85.92,56,32,57.14,54,37,68.52,67,52,77.61,6,6,100.0,16,12,75.0,7,13.8,2.67,19.58,17.94,23.22,8.59,0,2
10,10,10,2022-03-10,4,0,0.59,7,0,0.0,338,282,83.43,35.67,80,10,39,31,66,28,32,6,180,72,40.0,3,0,0.0,21,5,23.81,3,0,0.0,17,0,0.0,2,0,0.0,4,0,0.0,0,0,0,5,2,40.0,2,4,11,2,4,7,58,13,22.41,4,4,10,6,60.0,58,35,60.34,38,11,28.95,6,4,66.67,44,12,10,2,0,117,80,68.38,69,66,95.65,119,111,93.28,49,29,59.18,40,23,57.5,63,39,61.9,3,1,33.33,14,14,100.0,5,17.61,3.76,14.5,19.36,20.9,18.04,0,0
11,11,11,2022-03-06,10,2,0.95,12,7,58.33,398,311,78.14,44.71,108,19,32,57,80,43,26,11,229,104,45.41,6,3,50.0,32,7,21.88,1,1,100.0,21,2,9.52,1,0,0.0,2,0,0.0,0,0,0,11,4,36.36,4,6,22,5,6,14,77,20,25.97,2,3,16,4,25.0,67,34,50.75,41,30,73.17,2,1,50.0,37,9,5,1,0,147,90,61.22,47,42,89.36,134,120,89.55,49,20,40.82,52,24,46.15,60,33,55.0,3,2,66.67,37,32,86.49,10,16.82,3.49,12.31,22.68,19.07,27.62,1,0
12,12,12,2022-02-26,4,0,0.73,9,2,22.22,326,258,79.14,36.68,113,32,39,42,89,54,25,10,193,83,43.01,4,1,25.0,20,6,30.0,3,1,33.33,23,2,8.7,3,1,33.33,0,0,0.0,0,0,0,5,2,40.0,2,6,11,1,2,8,63,23,36.51,2,0,21,4,19.05,69,40,57.97,32,10,31.25,3,3,100.0,61,22,7,0,0,140,94,67.14,69,64,92.75,68,60,88.24,49,30,61.22,39,21,53.85,74,51,68.92,0,0,0.0,13,10,76.92,17,15.87,3.13,15.03,18.62,19.59,14.87,0,1
13,13,13,2022-02-23,10,1,1.24,8,1,12.5,435,361,82.99,44.73,107,20,39,48,83,44,31,8,201,99,49.25,2,0,0.0,30,4,13.33,1,0,0.0,19,4,21.05,6,3,50.0,2,1,50.0,0,0,0,11,4,36.36,4,2,16,1,10,10,64,24,37.5,2,4,7,5,71.43,77,47,61.04,28,16,57.14,5,1,20.0,40,14,12,2,0,135,91,67.41,73,65,89.04,187,172,91.98,62,31,50.0,56,37,66.07,67,44,65.67,2,0,0.0,23,22,95.65,4,17.06,4.35,14.25,14.92,20.9,16.92,1,0
14,14,14,2022-02-19,10,1,1.27,8,4,50.0,361,290,80.33,41.19,121,43,42,36,76,42,26,8,230,100,43.48,3,0,0.0,11,2,18.18,6,4,66.67,27,2,7.41,5,0,0.0,1,0,0.0,0,0,0,8,2,25.0,2,5,22,5,4,11,81,25,30.86,0,0,17,1,5.88,72,40,55.56,42,20,47.62,2,1,50.0,66,36,7,2,0,130,83,63.85,61,59,96.72,113,102,90.27,52,20,38.46,38,21,55.26,54,37,68.52,1,1,100.0,27,23,85.19,12,16.43,3.54,14.4,18.0,19.24,19.5,0,2
15,15,15,2022-02-12,3,0,0.74,9,1,11.11,328,256,78.05,36.4,133,20,62,51,99,44,44,11,241,100,41.49,3,0,0.0,26,6,23.08,4,0,0.0,18,2,11.11,4,2,50.0,3,2,66.67,0,0,0,13,4,30.77,4,8,22,5,12,13,77,22,28.57,1,2,11,5,45.45,70,41,58.57,38,10,26.32,7,3,42.86,64,10,16,3,0,133,97,72.93,41,35,85.37,94,76,80.85,54,35,64.81,41,30,73.17,72,48,66.67,1,1,100.0,20,15,75.0,5,17.41,3.15,16.46,17.91,18.18,8.86,1,0
16,16,16,2022-02-08,3,0,0.54,6,1,16.67,305,245,80.33,41.38,112,22,45,45,88,37,41,10,222,104,46.85,4,1,25.0,24,4,16.67,2,2,100.0,19,0,0.0,6,0,0.0,0,0,0.0,0,0,0,11,4,36.36,4,5,17,3,7,13,57,28,49.12,1,1,8,3,37.5,49,28,57.14,74,30,40.54,6,3,50.0,56,41,6,0,0,110,79,71.82,49,46,93.88,90,77,85.56,35,25,71.43,37,27,72.97,65,50,76.92,3,2,66.67,20,19,95.0,10,14.35,2.88,11.48,21.69,18.15,13.1,0,0
17,17,17,2022-02-05,3,0,0.82,10,5,50.0,345,259,75.07,48.8,123,24,52,47,98,37,45,16,223,112,50.22,4,1,25.0,26,6,23.08,1,0,0.0,31,4,12.9,7,2,28.57,3,0,0.0,0,0,0,15,6,40.0,8,7,20,3,10,22,68,30,44.12,0,0,13,2,15.38,60,45,75.0,48,20,41.67,3,2,66.67,82,21,9,2,0,139,88,63.31,54,48,88.89,94,79,84.04,50,29,58.0,43,25,58.14,73,45,61.64,2,1,50.0,20,16,80.0,7,16.05,3.0,14.49,18.47,19.92,6.93,0,1
18,18,18,2022-01-21,10,0,1.4,15,4,26.67,529,445,84.12,68.19,105,10,37,58,96,42,39,15,264,134,50.76,7,0,0.0,34,9,26.47,3,2,66.67,20,4,20.0,5,2,40.0,2,2,100.0,0,0,0,21,4,19.05,5,9,24,4,11,19,91,42,46.15,1,3,6,3,50.0,74,42,56.76,44,22,50.0,1,1,100.0,35,11,16,1,1,159,124,77.99,72,68,94.44,228,196,85.96,60,40,66.67,64,47,73.44,80,63,78.75,0,0,0.0,17,17,100.0,5,17.62,4.81,11.34,19.39,21.07,4.88,1,0
19,19,19,2022-01-15,10,1,1.41,17,5,29.41,374,315,84.22,46.09,119,31,56,32,104,52,38,14,246,119,48.37,8,0,0.0,21,7,33.33,1,1,100.0,27,7,25.93,6,3,50.0,3,1,33.33,0,0,0,11,6,54.55,5,8,20,4,7,17,75,30,40.0,1,1,11,1,9.09,70,43,61.43,66,29,43.94,3,0,0.0,33,18,13,2,0,136,108,79.41,47,42,89.36,131,117,89.31,53,36,67.92,34,27,79.41,71,52,73.24,3,1,33.33,20,16,80.0,9,17.81,3.4,14.17,19.86,18.4,11.71,0,1
20,20,20,2022-01-01,3,0,0.54,6,4,66.67,228,181,79.39,26.63,118,40,37,41,72,48,21,3,258,124,48.06,3,2,66.67,14,4,28.57,0,0,0.0,22,1,4.55,3,2,66.67,4,0,0.0,0,0,0,3,1,33.33,1,2,6,0,3,4,67,19,28.36,1,1,18,10,55.56,95,61,64.21,48,22,45.83,2,0,0.0,67,34,6,0,0,92,62,67.39,39,38,97.44,77,65,84.42,54,30,55.56,34,16,47.06,46,32,69.57,2,2,100.0,9,9,100.0,9,14.78,2.38,23.68,18.34,23.44,25.83,1,0
21,21,21,2021-12-28,4,1,1.19,12,5,41.67,300,228,76.0,49.25,112,16,42,54,93,30,49,14,245,117,47.76,3,0,0.0,36,6,16.67,5,2,40.0,20,4,20.0,4,1,25.0,3,2,66.67,0,0,0,14,3,21.43,2,3,23,4,10,15,69,27,39.13,0,4,12,6,50.0,66,37,56.06,53,32,60.38,4,2,50.0,54,30,12,0,0,125,82,65.6,49,46,93.88,85,69,81.18,48,26,54.17,43,24,55.81,59,39,66.1,5,2,40.0,25,23,92.0,5,13.77,2.61,16.0,16.81,20.52,8.15,1,0
22,22,22,2021-12-10,6,1,0.47,5,2,40.0,239,160,66.95,37.95,131,24,51,56,94,44,43,7,247,103,41.7,2,0,0.0,14,1,7.14,4,2,50.0,21,1,4.76,2,1,50.0,3,0,0.0,0,0,0,7,3,42.86,3,3,11,0,5,6,67,17,25.37,0,2,14,5,35.71,65,35,53.85,72,39,54.17,6,0,0.0,58,34,18,0,0,117,62,52.99,29,26,89.66,53,40,75.47,43,18,41.86,39,15,38.46,46,27,58.7,4,2,50.0,27,22,81.48,8,14.2,2.17,17.99,15.86,19.08,9.03,0,0
23,23,23,2021-12-04,4,1,0.79,11,4,36.36,212,155,73.11,23.43,96,25,40,31,64,28,22,14,178,87,48.88,6,2,33.33,17,7,41.18,2,1,50.0,20,2,10.0,5,2,40.0,2,0,0.0,0,0,0,12,3,25.0,3,2,12,1,8,9,53,16,30.19,0,3,25,13,52.0,73,47,64.38,25,16,64.0,2,0,0.0,42,24,9,3,0,97,62,63.92,31,28,90.32,63,52,82.54,51,35,68.63,40,29,72.5,71,53,74.65,2,0,0.0,10,8,80.0,10,15.85,2.44,24.06,20.05,25.07,32.13,1,0
24,24,24,2021-12-01,4,1,0.94,12,5,41.67,374,285,76.2,50.86,138,12,35,91,106,29,55,22,266,123,46.24,7,1,14.29,43,7,16.28,1,1,100.0,29,2,6.9,6,0,0.0,5,2,40.0,0,0,0,21,5,23.81,4,9,27,4,13,15,74,36,48.65,3,2,8,4,50.0,78,35,44.87,59,26,44.07,1,1,100.0,47,14,18,4,0,139,92,66.19,61,59,96.72,99,72,72.73,58,28,48.28,57,28,49.12,59,48,81.36,11,4,36.36,35,28,80.0,2,16.56,2.85,15.51,20.63,19.58,6.75,1,0
25,25,25,2021-11-28,4,2,2.74,16,5,31.25,276,204,73.91,44.1,124,23,47,54,90,33,47,10,254,103,40.55,4,1,25.0,26,7,26.92,2,1,50.0,19,6,31.58,6,1,16.67,4,3,75.0,1,1,100,13,3,23.08,3,6,24,9,6,20,70,17,24.29,2,4,17,7,41.18,72,42,58.33,54,19,35.19,3,1,33.33,54,13,19,0,0,116,78,67.24,46,40,86.96,71,54,76.06,55,37,67.27,46,29,63.04,68,51,75.0,1,1,100.0,28,22,78.57,6,15.81,2.6,19.93,16.57,19.93,4.88,0,0
26,26,26,2021-11-20,8,4,2.4,18,8,44.44,323,242,74.92,42.65,103,9,33,61,77,20,36,21,197,97,49.24,7,0,0.0,37,10,27.03,6,2,33.33,22,3,13.64,8,3,37.5,3,0,0.0,1,0,0,21,6,28.57,6,5,27,6,10,25,50,17,34.0,1,1,9,3,33.33,65,45,69.23,37,14,37.84,2,0,0.0,49,11,7,2,0,136,88,64.71,59,54,91.53,82,66,80.49,59,33,55.93,56,37,66.07,63,53,84.13,7,3,42.86,21,18,85.71,6,15.72,2.88,18.27,16.7,22.71,12.91,1,2
27,27,27,2021-11-07,4,0,0.42,6,1,16.67,306,241,78.76,41.45,107,26,39,42,68,32,28,8,205,82,40.0,2,1,50.0,24,4,16.67,0,0,0.0,15,2,13.33,2,1,50.0,4,0,0.0,0,0,0,12,4,33.33,3,6,15,1,7,8,68,17,25.0,2,1,14,6,42.86,82,47,57.32,29,10,34.48,0,0,0.0,42,12,20,3,1,126,85,67.46,58,53,91.38,89,80,89.89,40,23,57.5,40,26,65.0,63,42,66.67,6,2,33.33,23,18,78.26,5,14.2,3.15,13.07,19.62,20.53,10.15,0,0
28,28,28,2021-10-30,3,0,0.52,7,3,42.86,302,230,76.16,42.38,113,21,28,64,92,47,34,11,258,110,42.64,5,1,20.0,32,4,12.5,3,1,33.33,18,1,5.56,5,0,0.0,2,0,0.0,0,0,0,28,9,32.14,9,2,27,1,18,10,66,20,30.3,2,1,11,1,9.09,76,37,48.68,66,29,43.94,3,2,66.67,35,26,16,2,0,137,96,70.07,41,38,92.68,85,66,77.65,46,27,58.7,71,50,70.42,82,69,84.15,2,0,0.0,21,18,85.71,9,14.87,3.08,15.23,23.79,24.43,13.48,1,0
29,29,29,2021-10-23,4,5,2.6,19,8,42.11,370,299,80.81,50.2,117,20,41,56,89,26,44,19,270,122,45.19,9,1,11.11,38,9,23.68,6,4,66.67,21,6,28.57,5,3,60.0,4,1,25.0,0,0,0,15,9,60.0,9,8,24,2,8,19,81,26,32.1,1,2,14,4,28.57,58,34,58.62,65,33,50.77,1,0,0.0,48,26,12,3,0,127,92,72.44,56,50,89.29,117,104,88.89,41,23,56.1,43,30,69.77,65,55,84.62,8,4,50.0,34,32,94.12,11,16.63,3.3,11.08,18.25,18.9,8.58,0,2
30,30,30,2021-10-16,1,0,0.28,5,2,40.0,232,173,74.57,27.53,94,28,33,33,69,42,21,6,199,94,47.24,2,1,50.0,13,4,30.77,3,0,0.0,17,1,5.88,1,1,100.0,2,0,0.0,0,0,0,5,2,40.0,3,5,12,0,4,9,61,23,37.7,8,5,19,9,47.37,62,39,62.9,32,15,46.88,2,0,0.0,68,27,4,0,0,103,63,61.17,31,28,90.32,62,52,83.87,48,28,58.33,31,16,51.61,56,31,55.36,5,1,20.0,11,7,63.64,7,15.68,2.61,20.69,19.53,21.14,22.63,1,0
31,31,31,2021-10-02,6,0,0.5,5,1,20.0,210,156,74.29,34.21,114,48,35,31,65,39,20,6,239,116,48.54,3,0,0.0,23,5,21.74,1,0,0.0,23,0,0.0,3,0,0.0,2,0,0.0,0,0,0,9,2,22.22,2,2,11,2,5,10,63,24,38.1,0,1,18,4,22.22,85,54,63.53,34,18,52.94,5,3,60.0,56,31,16,3,0,98,67,68.37,26,22,84.62,52,44,84.62,32,17,53.13,31,22,70.97,60,39,65.0,1,0,0.0,26,21,80.77,12,13.34,1.78,15.24,21.13,20.52,11.93,0,0
32,32,32,2021-09-25,6,1,0.83,15,5,33.33,329,262,79.64,55.34,93,15,33,45,74,35,30,9,235,103,43.83,8,3,37.5,30,7,23.33,6,4,66.67,29,3,10.34,5,1,20.0,4,1,25.0,0,0,0,13,4,30.77,3,3,22,7,6,16,77,25,32.47,1,1,19,6,31.58,75,47,62.67,41,18,43.9,5,2,40.0,45,11,19,4,0,126,93,73.81,49,43,87.76,117,103,88.03,41,25,60.98,60,42,70.0,73,56,76.71,9,2,22.22,26,25,96.15,13,14.27,3.07,12.46,22.62,21.37,5.79,1,1
33,33,33,2021-09-18,6,3,1.92,11,8,72.73,363,312,85.95,52.19,84,10,32,42,73,38,28,7,230,94,40.87,4,2,50.0,33,10,30.3,4,1,25.0,21,0,0.0,8,0,0.0,1,0,0.0,0,0,0,17,5,29.41,5,8,22,1,9,17,74,27,36.49,0,1,11,4,36.36,64,37,57.81,36,15,41.67,2,2,100.0,32,17,15,1,0,124,103,83.06,64,63,98.44,132,115,87.12,45,33,73.33,48,36,75.0,65,55,84.62,5,2,40.0,23,21,91.3,7,14.4,3.49,12.4,17.08,21.91,10.14,0,2
34,34,34,2021-09-11,8,0,0.3,6,1,16.67,337,275,81.6,48.66,101,14,39,48,63,31,26,6,200,100,50.0,4,0,0.0,20,1,5.0,1,0,0.0,31,5,16.13,6,1,16.67,1,1,100.0,0,0,0,15,3,20.0,3,8,22,4,7,15,87,38,43.68,1,2,15,6,40.0,76,42,55.26,19,10,52.63,3,2,66.67,37,21,15,3,0,108,80,74.07,46,37,80.43,142,125,88.03,39,27,69.23,49,32,65.31,60,46,76.67,6,1,16.67,20,18,90.0,10,13.75,3.34,11.57,23.6,20.72,15.62,1,0
35,35,35,2021-08-29,10,0,0.96,7,1,14.29,348,297,85.34,46.25,89,31,27,31,54,31,17,6,182,85,46.7,3,0,0.0,21,4,19.05,1,1,100.0,21,1,4.76,3,0,0.0,3,0,0.0,0,0,0,13,8,61.54,6,2,14,5,7,17,71,29,40.85,1,1,16,8,50.0,55,32,58.18,24,8,33.33,4,2,50.0,48,30,14,3,0,98,73,74.49,55,47,85.45,160,152,95.0,39,24,61.54,28,15,53.57,48,31,64.58,0,0,0.0,25,24,96.0,9,15.46,3.59,11.21,18.08,20.52,14.44,0,0
36,36,36,2021-08-21,4,0,0.47,9,1,11.11,413,359,86.92,44.27,94,26,26,42,66,37,14,15,246,109,44.31,3,0,0.0,32,7,21.88,2,1,50.0,21,1,4.76,2,0,0.0,1,0,0.0,0,0,0,17,7,41.18,7,6,24,3,12,16,86,27,31.4,1,2,13,3,23.08,79,49,62.03,38,17,44.74,4,2,50.0,45,23,6,0,0,140,116,82.86,47,45,95.74,184,168,91.3,47,36,76.6,50,40,80.0,83,72,86.75,3,1,33.33,22,20,90.91,8,15.99,4.21,11.38,19.73,20.34,22.89,0,0
37,37,37,2021-08-14,4,3,1.32,13,7,53.85,266,220,82.71,41.22,87,23,38,26,87,58,23,6,253,122,48.22,5,3,60.0,19,6,31.58,7,4,57.14,25,3,12.0,2,1,50.0,2,1,50.0,0,0,0,9,2,22.22,1,5,18,9,2,16,82,33,40.24,0,2,8,2,25.0,85,51,60.0,48,26,54.17,7,3,42.86,46,32,18,3,0,99,72,72.73,36,33,91.67,111,102,91.89,52,34,65.38,33,19,57.58,50,36,72.0,0,0,0.0,18,18,100.0,8,12.9,2.49,19.55,18.62,23.37,15.18,1,2
38,38,38,2020-07-26,3,2,4.08,17,6,35.29,393,335,85.24,48.92,87,6,18,63,75,29,32,14,198,93,46.97,3,0,0.0,39,10,25.64,5,1,20.0,23,4,17.39,8,2,25.0,5,1,20.0,1,1,100,28,9,32.14,9,13,38,4,19,34,61,30,49.18,3,3,10,5,50.0,60,29,48.33,42,19,45.24,4,2,50.0,33,2,12,2,0,127,103,81.1,44,42,95.45,166,145,87.35,43,28,65.12,52,38,73.08,72,65,90.28,5,1,20.0,24,20,83.33,5,16.84,4.05,10.94,12.95,20.69,14.23,0,0
39,39,39,2020-07-21,4,0,0.04,2,0,0.0,201,144,71.64,27.1,85,24,34,27,73,51,15,7,193,78,40.41,0,0,0.0,9,2,22.22,1,0,0.0,18,0,0.0,0,0,0.0,2,0,0.0,0,0,0,3,0,0.0,1,1,8,1,3,3,57,18,31.58,4,4,26,10,38.46,62,32,51.61,26,14,53.85,2,1,50.0,55,22,14,2,0,89,53,59.55,34,31,91.18,44,32,72.73,41,17,41.46,22,4,18.18,39,17,43.59,2,0,0.0,15,14,93.33,10,13.94,2.31,20.4,16.31,20.2,22.0,1,0
40,40,40,2020-07-17,6,1,1.79,13,3,23.08,428,339,79.21,55.89,125,22,47,56,107,48,41,18,229,106,46.29,2,0,0.0,42,10,23.81,5,0,0.0,20,3,15.0,3,1,33.33,4,0,0.0,0,0,0,27,6,22.22,6,11,38,3,17,29,52,19,36.54,2,3,10,4,40.0,58,31,53.45,76,31,40.79,1,1,100.0,57,18,11,2,0,160,122,76.25,43,39,90.7,131,103,78.63,44,26,59.09,54,41,75.93,91,63,69.23,8,7,87.5,31,29,93.55,6,17.29,3.79,10.28,14.73,18.04,6.05,0,0
41,41,41,2020-07-11,6,2,3.54,12,3,25.0,277,204,73.65,43.87,112,10,36,66,82,30,37,15,196,107,54.59,2,0,0.0,34,4,11.76,4,2,50.0,22,4,18.18,2,0,0.0,7,3,42.86,2,2,100,16,8,50.0,8,10,20,2,12,20,51,29,56.86,2,1,7,4,57.14,59,36,61.02,57,30,52.63,6,4,66.67,27,15,23,1,0,120,80,66.67,29,26,89.66,76,58,76.32,32,19,59.38,45,26,57.78,62,45,72.58,4,3,75.0,29,27,93.1,4,16.97,2.66,11.55,12.18,19.97,7.63,1,2
42,42,42,2020-07-07,2,2,1.28,9,5,55.56,334,269,80.54,38.47,125,15,40,70,92,36,31,25,248,135,54.44,2,0,0.0,33,3,9.09,3,1,33.33,28,5,17.86,4,1,25.0,8,2,25.0,0,0,0,17,6,35.29,6,9,22,1,12,16,67,25,37.31,0,1,12,3,25.0,85,53,62.35,68,39,57.35,4,4,100.0,32,9,11,2,0,122,82,67.21,61,60,98.36,100,86,86.0,45,25,55.56,46,30,65.22,60,41,68.33,0,0,0.0,23,20,86.96,9,17.12,3.44,13.47,15.11,20.56,19.22,1,2
43,43,43,2020-07-04,4,0,0.46,6,3,50.0,279,235,84.23,31.33,96,29,29,38,81,37,26,18,167,84,50.3,4,2,50.0,14,2,14.29,1,0,0.0,18,2,11.11,3,0,0.0,4,2,50.0,0,0,0,9,2,22.22,2,2,12,1,6,7,35,17,48.57,2,3,21,9,42.86,69,40,57.97,37,16,43.24,14,7,50.0,44,23,12,2,0,95,75,78.95,54,50,92.59,84,71,84.52,33,23,69.7,30,20,66.67,50,37,74.0,6,4,66.67,16,11,68.75,6,16.72,3.53,11.83,22.89,18.74,23.22,0,0
44,44,44,2020-06-28,6,1,0.54,7,0,0.0,380,280,73.68,47.12,135,14,54,67,103,44,38,21,251,114,45.42,5,0,0.0,32,3,9.38,6,1,16.67,19,4,21.05,5,3,60.0,2,1,50.0,0,0,0,19,5,26.32,4,9,25,1,13,9,56,19,33.93,1,3,12,7,58.33,82,48,58.54,68,28,41.18,3,1,33.33,39,11,18,3,0,149,98,65.77,59,50,84.75,126,98,77.78,78,42,53.85,51,30,58.82,82,56,68.29,1,1,100.0,28,26,92.86,5,17.69,3.28,20.53,19.24,21.76,8.25,1,0
45,45,45,2020-06-25,3,0,1.37,9,4,44.44,298,214,71.81,45.66,143,19,54,70,97,39,40,18,218,106,48.62,2,0,0.0,37,2,5.41,1,0,0.0,25,6,24.0,7,5,71.43,6,1,16.67,0,0,0,21,6,28.57,5,6,28,1,14,13,47,25,53.19,0,1,10,5,50.0,55,34,61.82,78,35,44.87,5,3,60.0,24,23,15,0,0,132,78,59.09,34,31,91.18,93,74,79.57,56,27,48.21,50,32,64.0,63,43,68.25,2,1,50.0,38,32,84.21,5,15.93,2.48,18.79,14.3,21.29,11.46,0,0
46,46,46,2020-06-20,6,1,1.49,7,4,57.14,229,158,69.0,34.55,113,22,32,59,78,36,27,15,202,85,42.08,1,0,0.0,30,2,6.67,3,1,33.33,25,4,16.0,2,1,50.0,3,1,33.33,0,0,0,13,4,30.77,5,5,24,4,10,20,67,26,38.81,1,1,15,2,13.33,57,27,47.37,43,19,44.19,8,5,62.5,55,23,15,0,0,99,67,67.68,37,30,81.08,55,37,67.27,50,28,56.0,37,28,75.68,65,46,70.77,2,2,100.0,29,23,79.31,12,14.06,2.01,21.83,15.43,21.39,11.41,1,1
47,47,47,2020-03-07,2,0,0.61,10,4,40.0,436,344,78.9,51.38,121,18,21,82,104,43,38,23,262,124,47.33,3,1,33.33,38,7,18.42,3,1,33.33,24,2,8.33,8,1,12.5,2,1,50.0,0,0,0,20,5,25.0,6,12,31,2,14,26,68,24,35.29,1,1,9,3,33.33,96,55,57.29,66,33,50.0,4,3,75.0,45,18,16,4,0,158,110,69.62,74,68,91.89,145,127,87.59,38,19,50.0,59,40,67.8,79,64,81.01,2,2,100.0,24,18,75.0,6,17.11,3.73,8.72,18.82,20.06,6.36,0,0
48,48,48,2020-02-29,8,3,1.87,13,5,38.46,289,209,72.32,34.08,121,35,34,52,100,58,30,12,178,101,56.74,3,1,33.33,26,11,42.31,2,1,50.0,23,1,4.35,3,0,0.0,2,1,50.0,0,0,0,11,4,36.36,5,4,20,6,8,20,49,20,40.82,5,0,7,1,14.29,59,42,71.19,35,20,57.14,5,5,100.0,58,36,4,0,0,132,74,56.06,47,46,97.87,62,49,79.03,49,27,55.1,38,21,55.26,66,39,59.09,4,2,50.0,19,14,73.68,14,15.11,2.75,16.96,17.33,19.27,28.07,1,2
49,49,49,2020-02-23,2,0,0.38,6,2,33.33,381,297,77.95,39.28,130,22,34,74,97,39,40,18,205,90,43.9,2,1,50.0,30,2,6.67,1,1,100.0,22,2,9.09,5,0,0.0,1,0,0.0,0,0,0,17,3,17.65,3,7,23,4,9,15,63,13,20.63,1,3,23,10,43.48,78,41,52.56,31,20,64.52,10,4,40.0,47,13,15,1,0,122,85,69.67,72,64,88.89,114,91,79.82,51,30,58.82,55,38,69.09,61,45,73.77,3,0,0.0,21,18,85.71,14,17.99,3.89,13.39,21.61,19.77,9.52,0,0
50,50,50,2020-02-08,2,1,0.49,5,2,40.0,291,208,71.48,33.99,113,23,46,44,98,54,35,9,202,85,42.08,2,0,0.0,21,2,9.52,2,1,50.0,17,2,11.76,2,1,50.0,0,0,0.0,0,0,0,10,3,30.0,4,4,15,3,5,14,37,18,48.65,2,1,11,3,27.27,61,33,54.1,46,12,26.09,2,0,0.0,58,11,12,2,0,124,67,54.03,52,49,94.23,75,59,78.67,45,21,46.67,45,20,44.44,63,33,52.38,0,0,0.0,22,19,86.36,11,16.6,3.13,15.46,17.73,19.55,13.96,0,1
51,51,51,2020-02-01,2,2,0.93,11,2,18.18,313,247,78.91,41.19,119,16,53,50,104,48,46,10,279,111,39.78,4,0,0.0,26,4,15.38,1,0,0.0,23,7,30.43,4,2,50.0,6,3,50.0,0,0,0,4,1,25.0,2,7,11,1,2,8,74,23,31.08,0,3,10,5,50.0,66,35,53.03,70,33,47.14,4,0,0.0,40,19,17,2,0,130,93,71.54,52,46,88.46,82,70,85.37,45,29,64.44,48,33,68.75,67,46,68.66,2,1,50.0,21,16,76.19,8,17.05,3.04,14.38,16.79,19.21,9.5,1,0
52,52,52,2020-01-21,6,1,1.47,6,3,50.0,278,208,74.82,35.17,125,34,37,54,72,34,31,7,276,140,50.72,1,0,0.0,23,4,17.39,0,0,0.0,20,2,10.0,3,0,0.0,2,0,0.0,0,0,0,14,6,42.86,7,4,19,3,10,10,63,36,57.14,3,2,13,5,38.46,106,68,64.15,69,26,37.68,5,2,40.0,53,37,17,2,0,109,72,66.06,48,44,91.67,80,61,76.25,45,24,53.33,49,27,55.1,53,40,75.47,3,2,66.67,24,16,66.67,11,15.2,2.55,16.19,13.69,21.04,10.56,0,0
53,53,53,2020-01-18,6,0,1.67,14,2,14.29,303,234,77.23,46.61,129,16,37,76,102,32,40,30,272,133,48.9,4,0,0.0,32,8,25.0,3,1,33.33,25,3,12.0,3,0,0.0,4,1,25.0,1,0,0,26,10,38.46,9,9,33,6,17,25,77,31,40.26,2,0,15,5,33.33,71,37,52.11,55,33,60.0,6,3,50.0,39,12,12,2,0,112,84,75.0,59,55,93.22,93,67,72.04,48,35,72.92,55,39,70.91,71,60,84.51,2,1,50.0,22,19,86.36,9,13.42,2.91,15.84,18.1,21.59,9.59,1,1
54,54,54,2020-01-12,6,3,2.33,17,6,35.29,388,308,79.38,44.12,127,31,44,52,101,51,39,11,266,136,51.13,5,0,0.0,22,8,36.36,15,6,40.0,16,3,18.75,5,2,40.0,1,0,0.0,0,0,0,13,5,38.46,5,11,23,5,8,26,56,22,39.29,6,0,11,1,9.09,85,55,64.71,83,40,48.19,3,1,33.33,48,23,13,1,0,147,97,65.99,74,73,98.65,110,89,80.91,56,34,60.71,64,32,50.0,89,63,70.79,7,3,42.86,16,13,81.25,11,17.05,3.66,14.43,16.54,20.47,9.49,0,2
55,55,55,2020-01-01,2,2,0.63,9,3,33.33,325,261,80.31,35.13,100,22,27,51,65,33,24,8,190,77,40.53,3,0,0.0,25,8,32.0,0,0,0.0,22,1,4.55,4,1,25.0,0,0,0.0,0,0,0,8,2,25.0,2,10,18,4,3,18,55,15,27.27,1,1,14,4,28.57,59,28,47.46,43,24,55.81,3,1,33.33,51,19,11,3,1,124,84,67.74,48,46,95.83,93,80,86.02,54,24,44.44,58,31,53.45,52,34,65.38,2,1,50.0,17,13,76.47,11,17.1,3.22,16.62,18.55,20.6,15.55,1,2
56,56,56,2019-12-28,6,3,3.46,18,6,33.33,408,337,82.6,51.33,102,14,25,63,92,42,29,21,191,101,52.88,8,1,12.5,27,8,29.63,11,4,36.36,20,5,25.0,6,3,50.0,2,2,100.0,1,1,100,19,7,36.84,7,9,27,6,13,26,51,26,50.98,1,0,9,2,22.22,58,34,58.62,41,23,56.1,5,2,40.0,41,24,16,4,1,135,95,70.37,63,60,95.24,143,123,86.01,59,38,64.41,55,37,67.27,69,55,79.71,9,6,66.67,19,15,78.95,3,15.83,3.89,14.46,16.77,20.49,7.68,1,2
57,57,57,2019-12-26,6,1,0.68,5,1,20.0,359,282,78.55,46.65,130,27,41,62,107,54,44,9,211,109,51.66,2,0,0.0,20,3,15.0,2,0,0.0,22,0,0.0,1,0,0.0,4,0,0.0,0,0,0,9,3,33.33,2,4,15,6,4,9,61,21,34.43,2,1,11,5,45.45,52,37,71.15,60,29,48.33,4,2,50.0,47,19,8,3,0,132,84,63.64,45,42,93.33,114,96,84.21,63,35,55.56,60,39,65.0,78,51,65.38,4,2,50.0,24,19,79.17,9,14.75,3.32,17.55,18.55,21.1,13.6,0,1
58,58,58,2019-12-22,6,2,1.9,11,3,27.27,292,223,76.37,34.68,106,15,35,56,90,41,28,21,218,97,44.5,3,1,33.33,30,4,13.33,4,1,25.0,27,5,18.52,3,1,33.33,3,2,66.67,1,1,100,10,4,40.0,3,6,17,4,4,20,57,23,40.35,5,0,17,8,47.06,84,46,54.76,30,16,53.33,6,5,83.33,48,11,16,3,0,107,71,66.36,45,39,86.67,77,67,87.01,43,22,51.16,34,22,64.71,61,39,63.93,5,2,40.0,20,17,85.0,11,17.89,2.81,14.73,14.9,19.69,9.15,1,2
59,59,59,2019-12-14,6,0,0.82,7,2,28.57,282,206,73.05,37.98,110,36,31,43,103,54,36,13,216,106,49.07,3,0,0.0,22,5,22.73,3,0,0.0,26,2,7.69,3,0,0.0,2,1,50.0,0,0,0,5,2,40.0,2,7,19,5,3,15,54,19,35.19,5,2,13,5,38.46,80,54,67.5,41,14,34.15,9,6,66.67,59,26,5,1,0,122,77,63.11,37,34,91.89,78,62,79.49,47,22,46.81,49,25,51.02,63,36,57.14,5,3,60.0,15,12,80.0,11,13.46,2.69,16.67,15.93,20.21,19.36,0,0
60,60,60,2019-12-07,6,0,1.11,12,3,25.0,345,271,78.55,49.22,120,13,39,68,102,42,43,17,250,121,48.4,6,0,0.0,40,5,12.5,2,2,100.0,29,4,13.79,6,1,16.67,6,3,50.0,0,0,0,19,6,31.58,4,8,23,3,12,15,77,33,42.86,1,0,4,0,0.0,79,47,59.49,55,22,40.0,5,0,0.0,36,20,15,4,0,117,75,64.1,63,58,92.06,102,84,82.35,64,40,62.5,58,32,55.17,69,54,78.26,5,5,100.0,27,24,88.89,8,15.39,3.08,18.55,20.43,21.36,6.19,1,1
61,61,61,2019-12-04,3,0,0.24,3,1,33.33,326,253,77.61,42.15,136,26,34,76,99,35,46,18,195,84,43.08,2,1,50.0,21,2,9.52,6,1,16.67,19,0,0.0,2,0,0.0,4,0,0.0,0,0,0,19,8,42.11,6,5,21,2,12,14,54,20,37.04,1,2,11,4,36.36,59,26,44.07,50,22,44.0,6,4,66.67,50,20,16,2,0,108,74,68.52,46,42,91.3,109,89,81.65,61,37,60.66,53,34,64.15,61,43,70.49,4,0,0.0,27,21,77.78,4,15.62,3.26,18.71,20.79,19.83,10.51,0,0
62,62,62,2019-11-30,7,1,1.17,6,3,50.0,300,203,67.67,35.32,142,44,48,50,90,44,33,13,185,86,46.49,2,1,50.0,25,4,16.0,7,0,0.0,20,2,10.0,7,1,14.29,3,1,33.33,0,0,0,12,4,33.33,4,6,15,1,9,10,48,17,35.42,4,2,10,6,60.0,77,40,51.95,31,18,58.06,1,1,100.0,61,35,10,0,0,127,73,57.48,50,45,90.0,69,49,71.01,51,19,37.25,37,18,48.65,77,44,57.14,6,3,50.0,27,21,77.78,7,17.75,2.48,17.0,17.43,20.28,13.63,0,0
63,63,63,2019-11-23,7,0,1.01,13,4,30.77,401,322,80.3,63.29,116,19,42,55,98,41,39,18,199,108,54.27,7,2,28.57,28,6,21.43,6,1,16.67,25,3,12.0,7,1,14.29,7,1,14.29,0,0,0,29,10,34.48,7,6,31,9,15,23,60,34,56.67,1,3,10,5,50.0,44,27,61.36,58,30,51.72,1,1,100.0,30,12,15,1,0,136,93,68.38,60,58,96.67,135,115,85.19,62,35,56.45,47,29,61.7,68,49,72.06,9,3,33.33,27,26,96.3,3,15.96,3.71,15.46,19.56,20.99,5.92,1,0
64,64,64,2019-11-08,7,2,1.68,12,2,16.67,308,243,78.9,33.68,111,37,36,38,84,44,24,16,222,109,49.1,5,0,0.0,23,7,30.43,10,2,20.0,20,3,15.0,4,1,25.0,1,0,0.0,0,0,0,8,4,50.0,3,4,15,5,2,13,76,33,43.42,0,0,17,5,29.41,101,55,54.46,22,9,40.91,9,4,44.44,61,34,13,3,1,121,87,71.9,53,50,94.34,83,68,81.93,42,23,54.76,35,20,57.14,64,38,59.38,6,1,16.67,13,11,84.62,8,15.98,2.91,13.64,17.27,19.06,12.1,0,2
65,65,65,2019-11-02,7,1,1.55,9,3,33.33,372,312,83.87,32.71,100,14,29,57,88,36,29,23,184,83,45.11,4,0,0.0,32,6,18.75,3,0,0.0,10,2,20.0,1,1,100.0,2,1,50.0,1,1,100,15,7,46.67,6,6,17,1,7,14,65,19,29.23,0,2,14,10,71.43,70,43,61.43,20,10,50.0,7,3,42.86,37,16,8,4,0,119,93,78.15,61,56,91.8,129,115,89.15,37,28,75.68,48,35,72.92,78,67,85.9,1,0,0.0,16,14,87.5,6,19.47,4.09,9.95,20.23,20.97,19.7,1,0
66,66,66,2019-10-26,7,0,0.71,9,3,33.33,336,266,79.17,44.42,114,17,32,65,89,40,33,16,193,89,46.11,5,2,40.0,34,5,14.71,4,1,25.0,20,2,10.0,5,2,40.0,2,1,50.0,0,0,0,17,4,23.53,3,2,21,1,12,10,60,22,36.67,3,0,14,5,35.71,60,37,61.67,34,16,47.06,3,3,100.0,50,23,16,5,0,128,90,70.31,54,48,88.89,116,97,83.62,51,34,66.67,53,33,62.26,71,60,84.51,2,1,50.0,18,16,88.89,4,14.43,3.33,15.18,21.6,23.03,13.17,1,1
67,67,67,2019-10-19,7,1,0.83,7,2,28.57,296,227,76.69,35.63,113,40,39,34,109,64,39,6,219,119,54.34,3,1,33.33,9,3,33.33,8,2,25.0,18,0,0.0,2,0,0.0,2,0,0.0,0,0,0,4,1,25.0,1,6,15,4,3,10,50,22,44.0,1,1,12,3,25.0,85,56,65.88,42,23,54.76,0,0,0.0,69,45,8,3,0,123,79,64.23,51,50,98.04,65,53,81.54,52,22,42.31,40,22,55.0,64,40,62.5,7,6,85.71,15,12,80.0,8,14.34,2.99,17.57,17.75,20.51,15.33,0,1
68,68,68,2019-10-05,7,0,1.2,7,2,28.57,339,248,73.16,41.84,132,29,41,62,93,49,33,11,191,92,48.17,3,0,0.0,22,2,9.09,4,2,50.0,23,3,13.04,7,1,14.29,1,1,100.0,0,0,0,17,5,29.41,4,3,16,2,10,12,57,20,35.09,2,0,7,3,42.86,53,34,64.15,51,24,47.06,1,1,100.0,42,27,7,0,0,136,82,60.29,52,47,90.38,102,79,77.45,60,28,46.67,51,29,56.86,66,43,65.15,3,0,0.0,16,13,81.25,7,14.82,3.32,17.7,17.15,20.97,28.38,1,1
69,69,69,2019-09-28,10,0,0.77,14,4,28.57,614,543,88.44,59.53,91,12,41,38,89,22,50,17,219,88,40.18,4,1,25.0,39,11,28.21,0,0,0.0,19,3,15.79,6,2,33.33,3,0,0.0,0,0,0,18,9,50.0,8,11,30,1,9,19,84,25,29.76,1,2,6,3,50.0,60,31,51.67,35,18,51.43,3,2,66.67,35,8,6,1,0,165,129,78.18,95,91,95.79,233,210,90.13,47,24,51.06,82,59,71.95,79,69,87.34,4,1,25.0,32,29,90.63,6,18.53,5.85,7.65,17.33,18.08,8.73,0,0
70,70,70,2019-09-21,2,0,0.33,5,4,80.0,315,264,83.81,32.19,94,28,39,27,63,32,22,9,175,71,40.57,1,1,100.0,12,3,25.0,3,1,33.33,19,0,0.0,4,0,0.0,2,0,0.0,0,0,0,0,0,0.0,0,4,8,1,0,5,54,14,25.93,1,8,27,12,44.44,67,38,56.72,23,7,30.43,2,1,50.0,53,17,9,2,0,103,70,67.96,60,56,93.33,103,97,94.17,43,19,44.19,27,15,55.56,49,32,65.31,4,1,25.0,15,14,93.33,10,17.21,3.62,13.65,16.31,19.81,19.87,0,0
71,71,71,2019-09-15,2,2,2.96,30,9,30.0,502,449,89.44,50.84,75,8,16,51,92,38,22,32,167,88,52.69,16,5,31.25,48,23,47.92,6,2,33.33,15,4,26.67,7,4,57.14,1,0,0.0,1,1,100,19,8,42.11,7,19,40,6,13,33,54,29,53.7,1,2,7,4,57.14,71,38,53.52,19,11,57.89,4,3,75.0,35,6,14,3,0,116,101,87.07,67,66,98.51,233,211,90.56,29,20,68.97,60,54,90.0,100,83,83.0,7,4,57.14,10,9,90.0,6,17.89,5.46,5.78,21.83,20.95,8.1,1,1
72,72,72,2019-08-31,11,1,1.73,10,3,30.0,478,393,82.22,47.57,118,23,36,59,99,46,41,12,278,136,48.92,5,1,20.0,23,5,21.74,5,2,40.0,20,3,15.0,5,1,20.0,1,0,0.0,0,0,0,8,3,37.5,4,8,19,3,4,14,75,27,36.0,0,1,12,6,50.0,102,64,62.75,49,24,48.98,7,3,42.86,41,9,11,3,0,157,106,67.52,71,64,90.14,174,157,90.23,55,28,50.91,66,34,51.52,88,69,78.41,4,3,75.0,17,16,94.12,7,18.7,4.93,11.51,18.02,20.05,12.84,0,1
73,73,73,2019-08-24,13,1,1.48,18,3,16.67,439,370,84.28,53.29,100,11,25,64,87,26,44,17,214,87,40.65,5,0,0.0,38,12,31.58,2,1,50.0,25,5,20.0,8,2,25.0,4,2,50.0,0,0,0,23,6,26.09,6,18,43,2,13,28,62,23,37.1,1,3,14,9,64.29,72,34,47.22,42,14,33.33,8,2,25.0,32,12,12,1,0,158,123,77.85,71,67,94.37,155,133,85.81,41,21,51.22,69,54,78.26,102,89,87.25,9,4,44.44,15,15,100.0,4,16.97,4.03,9.34,18.14,21.59,7.38,1,0
74,74,74,2019-08-17,3,0,1.14,10,2,20.0,348,275,79.02,52.94,127,27,40,60,87,30,39,18,309,163,52.75,4,1,25.0,33,4,12.12,3,1,33.33,28,4,14.29,7,3,42.86,3,0,0.0,0,0,0,15,4,26.67,4,11,28,0,9,21,85,28,32.94,1,1,10,2,20.0,114,85,74.56,67,30,44.78,2,0,0.0,41,19,10,3,0,127,89,70.08,59,55,93.22,107,89,83.18,47,28,59.57,50,35,70.0,57,46,80.7,6,2,33.33,38,33,86.84,8,14.86,3.03,13.51,16.55,20.66,6.42,0,0
75,75,75,2019-08-10,3,0,1.75,11,3,27.27,385,325,84.42,48.99,117,19,30,68,86,32,38,16,218,86,39.45,7,1,14.29,26,4,15.38,0,0,0.0,24,5,20.83,5,1,20.0,4,2,50.0,0,0,0,11,4,36.36,4,5,17,3,6,12,82,31,37.8,0,3,5,4,80.0,61,33,54.1,36,8,22.22,5,2,40.0,36,12,15,0,0,137,106,77.37,52,50,96.15,117,99,84.62,31,25,80.65,64,47,73.44,73,62,84.93,10,3,30.0,26,24,92.31,7,16.66,3.77,8.05,20.13,18.27,9.97,1,0
76,76,76,2019-05-12,3,1,2.39,14,8,57.14,399,328,82.21,48.54,81,6,22,53,88,30,37,21,212,114,53.77,2,1,50.0,36,12,33.33,5,0,0.0,26,2,7.69,7,2,28.57,2,0,0.0,0,0,0,21,6,28.57,5,9,28,4,11,31,61,30,49.18,4,4,17,8,47.06,87,50,57.47,34,21,61.76,5,2,40.0,26,6,10,1,1,143,112,78.32,54,49,90.74,137,116,84.67,43,27,62.79,55,39,70.91,70,60,85.71,13,7,53.85,16,14,87.5,8,16.78,3.8,10.78,14.45,20.12,12.54,1,0
77,77,77,2019-05-05,3,0,2.31,15,3,20.0,357,286,80.11,40.6,112,21,32,59,85,45,26,14,223,99,44.39,5,0,0.0,28,7,25.0,5,1,20.0,21,7,33.33,6,2,33.33,2,1,50.0,0,0,0,14,5,35.71,4,20,30,3,7,27,79,32,40.51,3,3,18,9,50.0,75,41,54.67,38,17,44.74,4,3,75.0,43,9,12,1,0,131,95,72.52,54,45,83.33,110,93,84.55,41,24,58.54,55,37,67.27,76,59,77.63,4,3,75.0,17,17,100.0,12,18.54,3.84,11.48,15.31,19.57,12.08,0,0
78,78,78,2019-04-27,13,1,0.88,9,1,11.11,488,408,83.61,53.25,109,20,33,56,94,50,29,15,245,114,46.53,5,0,0.0,38,6,15.79,1,0,0.0,24,3,12.5,4,2,50.0,4,0,0.0,0,0,0,21,5,23.81,5,9,24,0,12,14,80,29,36.25,3,2,8,3,37.5,85,52,61.18,31,16,51.61,2,2,100.0,52,30,10,3,0,172,136,79.07,86,77,89.53,151,128,84.77,46,31,67.39,54,48,88.89,83,65,78.31,3,1,33.33,21,20,95.24,4,17.94,4.48,9.43,20.76,20.05,9.85,1,0
79,79,79,2019-04-23,16,1,1.4,14,3,21.43,563,465,82.59,59.44,137,23,34,80,105,53,33,19,196,94,47.96,5,0,0.0,39,11,28.21,2,1,50.0,26,2,7.69,3,0,0.0,2,0,0.0,0,0,0,15,6,40.0,7,15,33,5,7,27,77,28,36.36,4,1,8,4,50.0,62,38,61.29,25,13,52.0,4,2,50.0,22,10,10,5,0,205,149,72.68,69,65,94.2,206,184,89.32,62,26,41.94,80,48,60.0,111,83,74.77,4,1,25.0,28,25,89.29,7,17.57,4.73,11.01,17.48,20.04,10.95,1,1
80,80,80,2019-04-20,16,2,1.88,11,6,54.55,428,368,85.98,54.13,90,22,35,33,74,38,26,10,211,99,46.92,3,1,33.33,26,7,26.92,0,0,0.0,24,3,12.5,2,0,0.0,3,0,0.0,0,0,0,12,5,41.67,5,12,22,3,5,20,91,34,37.36,2,1,12,3,25.0,69,43,62.32,27,9,33.33,0,0,0.0,46,12,8,2,0,150,116,77.33,86,80,93.02,144,136,94.44,49,29,59.18,44,31,70.45,87,67,77.01,6,3,50.0,19,18,94.74,7,15.26,4.2,11.45,17.92,20.28,9.39,0,2
81,81,81,2019-04-15,7,0,1.02,11,3,27.27,318,250,78.62,33.61,107,19,30,58,88,38,36,14,181,83,45.86,5,1,20.0,25,6,24.0,3,0,0.0,25,4,16.0,6,1,16.67,6,2,33.33,0,0,0,15,3,20.0,3,5,18,3,7,21,53,24,45.28,2,1,18,5,27.78,54,31,57.41,35,14,40.0,9,2,22.22,50,12,12,2,1,124,88,70.97,36,33,91.67,91,75,82.42,51,32,62.75,37,26,70.27,58,42,72.41,7,2,28.57,16,14,87.5,10,17.81,3.35,16.04,17.97,18.48,10.64,1,0
82,82,82,2019-04-02,3,4,1.54,14,7,50.0,450,378,84.0,46.22,114,22,31,61,89,40,28,21,234,99,42.31,6,2,33.33,39,12,30.77,0,0,0.0,16,2,12.5,6,2,33.33,1,0,0.0,0,0,0,15,5,33.33,5,11,26,3,10,14,71,25,35.21,2,1,12,6,50.0,86,40,46.51,40,15,37.5,5,1,20.0,50,24,11,3,0,157,127,80.89,60,54,90.0,123,107,86.99,46,27,58.7,61,52,85.25,88,66,75.0,6,1,16.67,13,12,92.31,4,18.07,4.84,10.22,18.67,18.07,11.69,1,2
83,83,83,2019-03-30,3,1,1.71,20,8,40.0,377,319,84.62,50.42,84,7,24,53,97,31,33,33,233,114,48.93,11,5,45.45,46,17,36.96,2,0,0.0,27,3,11.11,5,1,20.0,5,1,20.0,0,0,0,19,4,21.05,5,26,37,0,8,32,73,34,46.58,3,2,7,4,57.14,74,43,58.11,46,27,58.7,2,1,50.0,56,12,8,2,0,146,119,81.51,45,43,95.56,116,103,88.79,43,29,67.44,57,45,78.95,90,74,82.22,10,7,70.0,13,12,92.31,3,16.58,3.56,11.41,20.37,18.47,10.23,0,0
84,84,84,2019-03-09,8,1,0.3,2,1,50.0,271,215,79.34,29.46,98,34,35,29,61,36,17,8,151,75,49.67,1,0,0.0,11,0,0.0,0,0,0.0,26,1,3.85,1,0,0.0,3,0,0.0,0,0,0,5,2,40.0,1,3,9,2,2,3,38,17,44.74,1,3,17,8,47.06,69,43,62.32,26,7,26.92,4,3,75.0,44,20,7,1,0,99,64,64.65,58,55,94.83,80,68,85.0,57,34,59.65,33,19,57.58,57,36,63.16,2,1,50.0,11,9,81.82,12,16.78,3.23,21.03,19.73,21.22,44.43,0,0
85,85,85,2019-03-03,3,2,1.32,6,5,83.33,358,296,82.68,39.67,105,30,30,45,96,40,42,14,221,101,45.7,1,1,100.0,28,3,10.71,3,1,33.33,16,2,12.5,1,0,0.0,3,3,100.0,0,0,0,9,1,11.11,3,9,17,3,6,12,59,18,30.51,4,1,14,2,14.29,79,50,63.29,38,17,44.74,6,1,16.67,56,25,15,5,0,127,97,76.38,63,60,95.24,125,108,86.4,38,20,52.63,49,39,79.59,81,55,67.9,5,0,0.0,17,14,82.35,5,17.43,3.69,10.61,14.64,19.89,15.0,1,2
86,86,86,2019-02-27,3,0,1.19,6,3,50.0,393,314,79.9,38.79,111,40,42,29,97,56,28,13,170,78,45.88,1,0,0.0,20,2,10.0,7,1,14.29,17,3,17.65,4,0,0.0,3,2,66.67,0,0,0,11,0,0.0,0,4,16,1,5,10,55,17,30.91,2,5,20,10,50.0,69,45,65.22,15,4,26.67,4,4,100.0,65,17,7,2,0,130,89,68.46,70,60,85.71,129,107,82.95,49,19,38.78,41,32,78.05,74,42,56.76,4,2,50.0,13,10,76.92,8,18.92,4.05,12.47,14.73,19.1,18.41,0,0
87,87,87,2019-02-22,3,5,2.98,12,7,58.33,567,480,84.66,61.61,120,22,41,57,103,51,42,10,230,112,48.7,5,3,60.0,31,7,22.58,3,2,66.67,20,1,5.0,3,0,0.0,5,2,40.0,0,0,0,10,3,30.0,4,9,21,4,5,18,64,26,40.63,1,1,14,6,42.86,66,38,57.58,54,23,42.59,5,1,20.0,47,14,11,2,0,201,158,78.61,95,92,96.84,180,162,90.0,29,20,68.97,61,45,73.77,102,78,76.47,29,10,34.48,14,12,85.71,6,19.48,5.15,5.11,16.26,18.18,8.55,0,2
88,88,88,2019-02-09,3,1,1.8,8,3,37.5,304,224,73.68,41.39,130,21,41,68,107,37,42,28,302,127,42.05,2,0,0.0,21,5,23.81,2,0,0.0,30,3,10.0,8,1,12.5,5,2,40.0,0,0,0,18,4,22.22,5,11,23,6,5,24,72,27,37.5,0,0,10,4,40.0,80,43,53.75,74,22,29.73,6,3,50.0,36,27,22,2,0,122,79,64.75,48,42,87.5,72,56,77.78,58,34,58.62,42,26,61.9,69,48,69.57,10,4,40.0,25,20,80.0,10,17.23,2.6,19.08,15.69,19.71,7.42,1,2
89,89,89,2019-02-02,3,0,0.25,4,0,0.0,361,291,80.61,42.78,120,30,45,45,117,62,42,13,293,131,44.71,1,0,0.0,19,3,15.79,1,0,0.0,33,1,3.03,0,0,0.0,1,0,0.0,0,0,0,13,5,38.46,3,9,24,0,8,11,68,20,29.41,0,0,21,4,19.05,90,54,60.0,60,25,41.67,4,3,75.0,53,28,10,0,0,142,101,71.13,58,53,91.38,104,87,83.65,48,29,60.42,37,22,59.46,58,42,72.41,2,0,0.0,24,22,91.67,18,17.24,2.96,13.3,14.95,17.93,11.17,0,1
90,90,90,2019-01-30,3,1,0.68,9,1,11.11,294,225,76.53,33.21,109,35,39,35,97,58,30,9,241,100,41.49,4,0,0.0,16,2,12.5,2,1,50.0,16,6,37.5,5,2,40.0,2,2,100.0,0,0,0,13,2,15.38,2,6,14,0,7,10,52,8,15.38,5,2,17,9,52.94,93,49,52.69,49,21,42.86,3,0,0.0,76,21,9,4,0,137,98,71.53,52,47,90.38,79,64,81.01,64,40,62.5,46,35,76.09,83,49,59.04,4,2,50.0,12,8,66.67,5,16.57,3.0,21.77,17.86,19.95,10.81,0,0
91,91,91,2019-01-19,3,0,1.32,8,4,50.0,391,314,80.31,55.5,114,25,36,53,92,50,34,8,251,107,42.63,4,1,25.0,24,7,29.17,2,0,0.0,28,1,3.57,1,0,0.0,1,0,0.0,0,0,0,14,6,42.86,6,4,16,1,12,7,56,16,28.57,2,0,12,3,25.0,64,42,65.63,88,35,39.77,1,1,100.0,22,21,14,1,0,156,112,71.79,57,53,92.98,118,101,85.59,66,41,62.12,52,33,63.46,84,56,66.67,5,2,40.0,18,16,88.89,14,15.76,3.69,16.88,18.82,20.47,13.25,1,1
92,92,92,2019-01-12,3,2,2.06,15,2,13.33,311,253,81.35,45.24,114,30,45,39,87,37,36,14,252,108,42.86,6,0,0.0,32,6,18.75,5,2,40.0,28,5,17.86,7,2,28.57,6,3,50.0,0,0,0,9,3,33.33,3,7,15,1,5,16,60,16,26.67,2,1,13,7,53.85,87,42,48.28,56,24,42.86,6,3,50.0,48,39,11,4,0,114,83,72.81,43,43,100.0,90,74,82.22,28,16,57.14,35,28,80.0,58,37,63.79,4,3,75.0,21,20,95.24,11,15.09,2.88,9.0,16.89,17.11,8.93,0,2
93,93,93,2019-01-02,3,3,0.91,11,3,27.27,334,268,80.24,43.02,118,33,43,42,104,43,46,15,229,114,49.78,5,1,20.0,26,9,34.62,0,0,0.0,19,2,10.53,2,0,0.0,3,1,33.33,0,0,0,10,6,60.0,6,9,20,3,8,14,54,19,35.19,2,3,25,12,48.0,87,50,57.47,58,30,51.72,6,5,83.33,62,23,15,4,0,131,91,69.47,37,36,97.3,106,92,86.79,58,36,62.07,52,31,59.62,71,53,74.65,3,1,33.33,19,19,100.0,7,16.91,3.24,17.37,18.13,20.16,9.5,0,1
94,94,94,2018-12-29,3,1,0.83,12,5,41.67,555,473,85.23,61.9,121,24,35,62,104,47,37,20,229,106,46.29,7,2,28.57,39,6,15.38,2,0,0.0,26,3,11.54,3,1,33.33,7,1,14.29,0,0,0,17,5,29.41,5,11,31,4,12,14,91,40,43.96,1,1,7,2,28.57,59,26,44.07,55,27,49.09,1,0,0.0,47,11,17,1,0,172,137,79.65,58,53,91.38,247,223,90.28,59,40,67.8,66,50,75.76,105,79,75.24,8,2,25.0,26,26,100.0,3,17.38,4.74,10.63,19.95,20.71,6.82,1,1
95,95,95,2018-12-26,3,1,0.91,7,2,28.57,373,305,81.77,36.61,105,23,33,49,75,32,29,14,218,108,49.54,3,1,33.33,29,4,13.79,2,2,100.0,18,1,5.56,3,1,33.33,3,0,0.0,0,0,0,12,5,41.67,4,8,19,3,5,14,54,18,33.33,0,2,9,4,44.44,88,58,65.91,35,19,54.29,5,4,80.0,42,9,14,1,0,135,102,75.56,63,58,92.06,127,109,85.83,62,33,53.23,54,38,70.37,74,54,72.97,0,0,0.0,16,16,100.0,12,17.16,4.72,16.62,15.46,22.04,12.15,1,0
96,96,96,2018-12-22,3,2,2.02,11,5,45.45,362,282,77.9,50.72,121,25,36,60,88,39,40,9,225,104,46.22,4,0,0.0,34,4,11.76,1,1,100.0,22,5,22.73,4,1,25.0,1,0,0.0,1,1,100,10,3,30.0,2,17,25,1,5,20,61,24,39.34,2,0,16,6,37.5,74,46,62.16,45,18,40.0,1,0,0.0,61,35,11,2,0,148,109,73.65,66,56,84.85,83,70,84.34,49,28,57.14,60,44,73.33,77,58,75.32,16,7,43.75,26,23,88.46,6,15.35,3.2,13.54,16.07,17.72,7.9,0,2
97,97,97,2018-12-15,3,3,1.45,17,8,47.06,645,549,85.12,73.6,120,25,36,59,86,31,41,14,225,113,50.22,8,3,37.5,38,13,34.21,3,0,0.0,19,3,15.79,5,0,0.0,1,0,0.0,0,0,0,7,1,14.29,1,22,32,1,5,27,72,29,40.28,1,2,8,3,37.5,55,35,63.64,44,19,43.18,4,1,25.0,26,10,7,0,0,217,165,76.04,119,112,94.12,216,193,89.35,48,25,52.08,85,61,71.76,121,96,79.34,11,4,36.36,25,21,84.0,8,15.62,6.2,7.44,18.93,18.78,5.54,1,2
98,98,98,2018-12-10,3,2,1.66,15,3,20.0,299,215,71.91,46.89,121,20,40,61,91,38,33,20,269,135,50.19,6,2,33.33,36,9,25.0,4,1,25.0,25,3,12.0,6,0,0.0,6,2,33.33,0,0,0,16,4,25.0,5,6,19,1,9,15,80,25,31.25,4,2,11,5,45.45,78,57,73.08,62,26,41.94,5,3,60.0,49,10,13,1,0,137,93,67.88,38,33,86.84,88,63,71.59,57,27,47.37,51,29,56.86,73,46,63.01,4,2,50.0,25,20,80.0,4,14.93,2.43,19.06,17.2,21.15,6.15,0,1
99,99,99,2018-12-04,4,1,2.38,9,6,66.67,276,200,72.46,34.46,105,18,32,55,89,41,27,21,219,101,46.12,3,1,33.33,20,3,15.0,5,2,40.0,24,4,16.67,3,1,33.33,1,1,100.0,0,0,0,8,3,37.5,5,11,15,2,4,20,48,15,31.25,4,2,15,7,46.67,66,44,66.67,49,20,40.82,5,3,60.0,52,26,4,0,0,109,70,64.22,40,35,87.5,77,56,72.73,46,27,58.7,37,23,62.16,69,46,66.67,10,2,20.0,13,12,92.31,9,14.27,2.79,16.67,13.97,20.74,21.61,1,0
100,100,100,2018-12-01,3,0,1.31,8,0,0.0,499,419,83.97,58.29,105,18,26,61,90,39,33,18,219,91,41.55,3,0,0.0,43,4,9.3,5,2,40.0,20,1,5.0,8,1,12.5,4,0,0.0,0,0,0,21,7,33.33,6,13,29,3,9,27,79,31,39.24,1,2,7,3,42.86,51,30,58.82,38,11,28.95,1,0,0.0,46,14,6,1,1,176,141,80.11,76,71,93.42,144,122,84.72,38,25,65.79,72,50,69.44,85,71,83.53,8,2,25.0,36,31,86.11,5,17.55,4.5,7.62,16.66,17.45,8.0,0,0
101,101,101,2018-11-24,3,0,0.23,4,1,25.0,336,251,74.7,36.13,119,26,42,51,102,46,47,9,182,84,46.15,2,0,0.0,21,3,14.29,2,0,0.0,25,1,4.0,5,1,20.0,2,0,0.0,0,0,0,12,4,33.33,4,3,14,0,6,5,50,29,58.0,4,3,10,8,80.0,54,27,50.0,37,13,35.14,2,0,0.0,46,16,12,0,0,117,73,62.39,57,50,87.72,107,85,79.44,49,24,48.98,52,35,67.31,79,49,62.03,6,0,0.0,15,11,73.33,3,17.07,3.54,14.58,22.52,21.77,19.32,1,0
102,102,102,2018-11-10,3,1,0.86,11,6,54.55,377,287,76.13,49.98,112,21,37,54,68,34,22,12,210,92,43.81,3,2,66.67,32,7,21.88,2,1,50.0,30,3,10.0,6,0,0.0,2,0,0.0,0,0,0,11,3,27.27,3,13,19,2,7,22,71,28,39.44,4,1,14,4,28.57,45,25,55.56,54,22,40.74,3,1,33.33,32,17,12,2,0,144,96,66.67,71,60,84.51,90,71,78.89,41,27,65.85,46,34,73.91,72,53,73.61,10,5,50.0,34,30,88.24,13,17.46,3.56,10.88,16.14,17.89,8.86,0,1
103,103,103,2018-11-03,3,0,1.71,16,2,12.5,432,372,86.11,57.69,120,24,37,59,96,48,36,12,244,108,44.26,2,0,0.0,32,9,28.13,3,1,33.33,32,5,15.63,9,3,33.33,3,0,0.0,0,0,0,11,4,36.36,4,15,26,4,5,24,77,22,28.57,2,1,8,2,25.0,50,28,56.0,64,37,57.81,5,2,40.0,41,18,11,5,0,156,126,80.77,63,58,92.06,166,150,90.36,57,40,70.18,66,53,80.3,102,83,81.37,9,5,55.56,26,24,92.31,8,15.38,3.57,13.19,15.74,21.85,10.09,0,0
104,104,104,2018-10-27,3,3,2.49,12,6,50.0,436,362,83.03,47.24,105,13,54,38,86,28,45,13,251,124,49.4,5,1,20.0,30,6,20.0,3,3,100.0,25,3,12.0,3,1,33.33,2,1,50.0,0,0,0,8,3,37.5,2,11,23,7,3,18,95,40,42.11,2,0,13,7,53.85,68,47,69.12,44,22,50.0,4,1,25.0,25,8,10,1,0,145,112,77.24,63,54,85.71,137,122,89.05,44,26,59.09,44,35,79.55,86,61,70.93,10,7,70.0,31,26,83.87,7,18.29,4.15,10.09,14.28,17.81,11.97,1,2
105,105,105,2018-10-20,3,2,0.35,8,3,37.5,510,457,89.61,52.66,113,16,40,57,89,33,43,13,212,101,47.64,4,1,25.0,19,3,15.79,5,3,60.0,32,2,6.25,2,0,0.0,2,0,0.0,0,0,0,5,0,0.0,0,8,19,6,2,14,79,31,39.24,0,0,11,3,27.27,62,42,67.74,47,18,38.3,3,1,33.33,49,25,14,1,0,172,139,80.81,93,91,97.85,148,137,92.57,31,17,54.84,51,37,72.55,57,44,77.19,3,3,100.0,20,18,90.0,9,18.97,5.2,6.08,19.55,16.17,11.48,0,2
106,106,106,2018-10-06,3,0,1.11,13,2,15.38,358,294,82.12,50.6,89,8,24,57,81,31,29,21,188,92,48.94,7,1,14.29,34,7,20.59,1,1,100.0,27,4,14.81,10,2,20.0,3,0,0.0,0,0,0,19,6,31.58,6,6,19,1,8,17,55,23,41.82,1,4,10,7,70.0,57,36,63.16,44,19,43.18,3,3,100.0,45,15,12,4,1,121,87,71.9,75,73,97.33,115,103,89.57,64,42,65.63,58,45,77.59,72,59,81.94,6,2,33.33,23,19,82.61,6,14.62,3.41,17.88,16.76,22.78,7.13,1,0
107,107,107,2018-09-29,3,0,1.66,11,3,27.27,288,224,77.78,41.0,119,16,44,59,114,44,53,17,274,114,41.61,3,0,0.0,22,5,22.73,7,3,42.86,22,3,13.64,6,1,16.67,5,2,40.0,0,0,0,20,8,40.0,7,6,23,1,13,17,74,30,40.54,3,2,9,3,33.33,78,39,50.0,67,26,38.81,6,1,16.67,76,21,16,2,0,111,78,70.27,45,44,97.78,85,66,77.65,49,30,61.22,45,25,55.56,64,49,76.56,7,3,42.86,17,14,82.35,9,14.71,2.69,17.01,16.42,20.67,6.31,0,0
108,108,108,2018-09-22,3,1,1.55,12,6,50.0,323,229,70.9,38.24,124,16,45,63,117,42,53,22,244,110,45.08,3,1,33.33,31,8,25.81,4,1,25.0,34,3,8.82,8,1,12.5,6,1,16.67,0,0,0,18,3,16.67,3,8,32,4,11,20,54,22,40.74,5,1,15,3,20.0,75,47,62.67,56,18,32.14,4,1,25.0,73,18,10,1,0,130,80,61.54,48,43,89.58,98,74,75.51,71,42,59.15,64,38,59.38,82,61,74.39,5,2,40.0,16,15,93.75,12,17.81,2.74,21.98,16.31,23.43,6.38,0,1
109,109,109,2018-09-15,3,1,0.9,13,5,38.46,375,310,82.67,41.82,121,26,29,66,102,47,41,14,233,102,43.78,8,2,25.0,36,8,22.22,1,0,0.0,23,4,17.39,6,0,0.0,5,1,20.0,0,0,0,14,4,28.57,3,11,26,2,9,13,68,20,29.41,2,2,9,6,66.67,76,47,61.84,47,17,36.17,2,2,100.0,62,24,9,3,0,156,115,73.72,49,47,95.92,108,93,86.11,59,39,66.1,64,48,75.0,70,60,85.71,7,3,42.86,16,13,81.25,2,17.19,3.38,15.73,20.06,19.47,9.87,1,0
110,110,110,2018-09-02,3,2,0.76,6,3,50.0,275,200,72.73,35.84,112,29,39,44,115,65,34,16,261,131,50.19,3,1,33.33,24,1,4.17,2,1,50.0,17,3,17.65,3,1,33.33,4,1,25.0,0,0,0,12,5,41.67,5,5,21,0,9,14,90,28,31.11,2,1,10,4,40.0,83,60,72.29,45,22,48.89,10,5,50.0,72,43,9,2,0,110,70,63.64,42,35,83.33,81,63,77.78,56,28,50.0,47,27,57.45,70,46,65.71,6,2,33.33,10,7,70.0,8,15.57,2.43,20.36,18.1,21.28,9.16,1,2
111,111,111,2018-08-26,3,2,1.35,14,5,35.71,293,223,76.11,44.76,98,18,36,44,108,47,43,18,295,151,51.19,5,2,40.0,30,10,33.33,0,0,0.0,29,4,13.79,6,1,16.67,2,0,0.0,0,0,0,15,6,40.0,8,8,24,4,10,19,88,35,39.77,1,1,9,3,33.33,91,67,73.63,57,22,38.6,13,7,53.85,41,13,14,4,0,112,74,66.07,41,35,85.37,96,78,81.25,48,27,56.25,48,31,64.58,65,40,61.54,3,1,33.33,19,13,68.42,13,14.44,2.64,16.38,18.49,20.98,6.14,1,2
112,112,112,2018-08-19,3,3,2.02,10,6,60.0,334,249,74.55,41.15,117,24,38,55,100,48,39,13,231,108,46.75,4,2,50.0,30,9,30.0,2,0,0.0,20,1,5.0,2,1,50.0,1,0,0.0,0,0,0,7,3,42.86,2,9,18,1,4,11,46,18,39.13,4,1,8,3,37.5,59,39,66.1,67,24,35.82,4,1,25.0,54,15,19,2,0,142,85,59.86,47,44,93.62,80,63,78.75,64,29,45.31,51,25,49.02,69,47,68.12,8,3,37.5,25,20,80.0,11,17.23,2.98,19.16,16.58,19.21,6.95,0,2
113,113,113,2018-08-11,3,2,1.26,15,5,33.33,418,340,81.34,53.55,114,7,34,73,96,39,38,19,267,122,45.69,7,1,14.29,28,7,25.0,4,1,25.0,34,5,14.71,8,2,25.0,8,1,12.5,0,0,0,14,8,57.14,8,12,21,2,8,26,98,38,38.78,0,0,5,0,0.0,64,44,68.75,52,20,38.46,1,1,100.0,29,5,10,2,0,162,113,69.75,63,61,96.83,134,114,85.07,67,42,62.69,74,45,60.81,77,65,84.42,2,0,0.0,16,13,81.25,8,15.57,4.02,16.03,19.76,21.17,8.59,1,2
